# AIRA Loop R01; millimetres; conceptual component envelopes
o base
v 13.50000 18.00000 0.00000
v 13.48715 18.39242 0.00000
v 13.44867 18.78316 0.00000
v 13.38471 19.17054 0.00000
v 13.29555 19.55291 0.00000
v 13.18158 19.92864 0.00000
v 13.04328 20.29610 0.00000
v 12.88124 20.65373 0.00000
v 12.69615 21.00000 0.00000
v 12.48882 21.33342 0.00000
v 12.26012 21.65257 0.00000
v 12.01104 21.95607 0.00000
v 11.74264 22.24264 0.00000
v 11.45607 22.51104 0.00000
v 11.15257 22.76012 0.00000
v 10.83342 22.98882 0.00000
v 10.50000 23.19615 0.00000
v 10.15373 23.38124 0.00000
v 9.79610 23.54328 0.00000
v 9.42864 23.68158 0.00000
v 9.05291 23.79555 0.00000
v 8.67054 23.88471 0.00000
v 8.28316 23.94867 0.00000
v 7.89242 23.98715 0.00000
v -7.50000 24.00000 0.00000
v -7.89242 23.98715 0.00000
v -8.28316 23.94867 0.00000
v -8.67054 23.88471 0.00000
v -9.05291 23.79555 0.00000
v -9.42864 23.68158 0.00000
v -9.79610 23.54328 0.00000
v -10.15373 23.38124 0.00000
v -10.50000 23.19615 0.00000
v -10.83342 22.98882 0.00000
v -11.15257 22.76012 0.00000
v -11.45607 22.51104 0.00000
v -11.74264 22.24264 0.00000
v -12.01104 21.95607 0.00000
v -12.26012 21.65257 0.00000
v -12.48882 21.33342 0.00000
v -12.69615 21.00000 0.00000
v -12.88124 20.65373 0.00000
v -13.04328 20.29610 0.00000
v -13.18158 19.92864 0.00000
v -13.29555 19.55291 0.00000
v -13.38471 19.17054 0.00000
v -13.44867 18.78316 0.00000
v -13.48715 18.39242 0.00000
v -13.50000 -18.00000 0.00000
v -13.48715 -18.39242 0.00000
v -13.44867 -18.78316 0.00000
v -13.38471 -19.17054 0.00000
v -13.29555 -19.55291 0.00000
v -13.18158 -19.92864 0.00000
v -13.04328 -20.29610 0.00000
v -12.88124 -20.65373 0.00000
v -12.69615 -21.00000 0.00000
v -12.48882 -21.33342 0.00000
v -12.26012 -21.65257 0.00000
v -12.01104 -21.95607 0.00000
v -11.74264 -22.24264 0.00000
v -11.45607 -22.51104 0.00000
v -11.15257 -22.76012 0.00000
v -10.83342 -22.98882 0.00000
v -10.50000 -23.19615 0.00000
v -10.15373 -23.38124 0.00000
v -9.79610 -23.54328 0.00000
v -9.42864 -23.68158 0.00000
v -9.05291 -23.79555 0.00000
v -8.67054 -23.88471 0.00000
v -8.28316 -23.94867 0.00000
v -7.89242 -23.98715 0.00000
v 7.50000 -24.00000 0.00000
v 7.89242 -23.98715 0.00000
v 8.28316 -23.94867 0.00000
v 8.67054 -23.88471 0.00000
v 9.05291 -23.79555 0.00000
v 9.42864 -23.68158 0.00000
v 9.79610 -23.54328 0.00000
v 10.15373 -23.38124 0.00000
v 10.50000 -23.19615 0.00000
v 10.83342 -22.98882 0.00000
v 11.15257 -22.76012 0.00000
v 11.45607 -22.51104 0.00000
v 11.74264 -22.24264 0.00000
v 12.01104 -21.95607 0.00000
v 12.26012 -21.65257 0.00000
v 12.48882 -21.33342 0.00000
v 12.69615 -21.00000 0.00000
v 12.88124 -20.65373 0.00000
v 13.04328 -20.29610 0.00000
v 13.18158 -19.92864 0.00000
v 13.29555 -19.55291 0.00000
v 13.38471 -19.17054 0.00000
v 13.44867 -18.78316 0.00000
v 13.48715 -18.39242 0.00000
v 13.50000 18.00000 11.80000
v 13.48715 18.39242 11.80000
v 13.44867 18.78316 11.80000
v 13.38471 19.17054 11.80000
v 13.29555 19.55291 11.80000
v 13.18158 19.92864 11.80000
v 13.04328 20.29610 11.80000
v 12.88124 20.65373 11.80000
v 12.69615 21.00000 11.80000
v 12.48882 21.33342 11.80000
v 12.26012 21.65257 11.80000
v 12.01104 21.95607 11.80000
v 11.74264 22.24264 11.80000
v 11.45607 22.51104 11.80000
v 11.15257 22.76012 11.80000
v 10.83342 22.98882 11.80000
v 10.50000 23.19615 11.80000
v 10.15373 23.38124 11.80000
v 9.79610 23.54328 11.80000
v 9.42864 23.68158 11.80000
v 9.05291 23.79555 11.80000
v 8.67054 23.88471 11.80000
v 8.28316 23.94867 11.80000
v 7.89242 23.98715 11.80000
v -7.50000 24.00000 11.80000
v -7.89242 23.98715 11.80000
v -8.28316 23.94867 11.80000
v -8.67054 23.88471 11.80000
v -9.05291 23.79555 11.80000
v -9.42864 23.68158 11.80000
v -9.79610 23.54328 11.80000
v -10.15373 23.38124 11.80000
v -10.50000 23.19615 11.80000
v -10.83342 22.98882 11.80000
v -11.15257 22.76012 11.80000
v -11.45607 22.51104 11.80000
v -11.74264 22.24264 11.80000
v -12.01104 21.95607 11.80000
v -12.26012 21.65257 11.80000
v -12.48882 21.33342 11.80000
v -12.69615 21.00000 11.80000
v -12.88124 20.65373 11.80000
v -13.04328 20.29610 11.80000
v -13.18158 19.92864 11.80000
v -13.29555 19.55291 11.80000
v -13.38471 19.17054 11.80000
v -13.44867 18.78316 11.80000
v -13.48715 18.39242 11.80000
v -13.50000 -18.00000 11.80000
v -13.48715 -18.39242 11.80000
v -13.44867 -18.78316 11.80000
v -13.38471 -19.17054 11.80000
v -13.29555 -19.55291 11.80000
v -13.18158 -19.92864 11.80000
v -13.04328 -20.29610 11.80000
v -12.88124 -20.65373 11.80000
v -12.69615 -21.00000 11.80000
v -12.48882 -21.33342 11.80000
v -12.26012 -21.65257 11.80000
v -12.01104 -21.95607 11.80000
v -11.74264 -22.24264 11.80000
v -11.45607 -22.51104 11.80000
v -11.15257 -22.76012 11.80000
v -10.83342 -22.98882 11.80000
v -10.50000 -23.19615 11.80000
v -10.15373 -23.38124 11.80000
v -9.79610 -23.54328 11.80000
v -9.42864 -23.68158 11.80000
v -9.05291 -23.79555 11.80000
v -8.67054 -23.88471 11.80000
v -8.28316 -23.94867 11.80000
v -7.89242 -23.98715 11.80000
v 7.50000 -24.00000 11.80000
v 7.89242 -23.98715 11.80000
v 8.28316 -23.94867 11.80000
v 8.67054 -23.88471 11.80000
v 9.05291 -23.79555 11.80000
v 9.42864 -23.68158 11.80000
v 9.79610 -23.54328 11.80000
v 10.15373 -23.38124 11.80000
v 10.50000 -23.19615 11.80000
v 10.83342 -22.98882 11.80000
v 11.15257 -22.76012 11.80000
v 11.45607 -22.51104 11.80000
v 11.74264 -22.24264 11.80000
v 12.01104 -21.95607 11.80000
v 12.26012 -21.65257 11.80000
v 12.48882 -21.33342 11.80000
v 12.69615 -21.00000 11.80000
v 12.88124 -20.65373 11.80000
v 13.04328 -20.29610 11.80000
v 13.18158 -19.92864 11.80000
v 13.29555 -19.55291 11.80000
v 13.38471 -19.17054 11.80000
v 13.44867 -18.78316 11.80000
v 13.48715 -18.39242 11.80000
v 12.10000 18.00000 1.20000
v 12.09015 18.30085 1.20000
v 12.06065 18.60042 1.20000
v 12.01161 18.89742 1.20000
v 11.94326 19.19057 1.20000
v 11.85588 19.47862 1.20000
v 11.74985 19.76034 1.20000
v 11.62561 20.03453 1.20000
v 11.48372 20.30000 1.20000
v 11.32476 20.55562 1.20000
v 11.14943 20.80030 1.20000
v 10.95846 21.03299 1.20000
v 10.75269 21.25269 1.20000
v 10.53299 21.45846 1.20000
v 10.30030 21.64943 1.20000
v 10.05562 21.82476 1.20000
v 9.80000 21.98372 1.20000
v 9.53453 22.12561 1.20000
v 9.26034 22.24985 1.20000
v 8.97862 22.35588 1.20000
v 8.69057 22.44326 1.20000
v 8.39742 22.51161 1.20000
v 8.10042 22.56065 1.20000
v 7.80085 22.59015 1.20000
v -7.50000 22.60000 1.20000
v -7.80085 22.59015 1.20000
v -8.10042 22.56065 1.20000
v -8.39742 22.51161 1.20000
v -8.69057 22.44326 1.20000
v -8.97862 22.35588 1.20000
v -9.26034 22.24985 1.20000
v -9.53453 22.12561 1.20000
v -9.80000 21.98372 1.20000
v -10.05562 21.82476 1.20000
v -10.30030 21.64943 1.20000
v -10.53299 21.45846 1.20000
v -10.75269 21.25269 1.20000
v -10.95846 21.03299 1.20000
v -11.14943 20.80030 1.20000
v -11.32476 20.55562 1.20000
v -11.48372 20.30000 1.20000
v -11.62561 20.03453 1.20000
v -11.74985 19.76034 1.20000
v -11.85588 19.47862 1.20000
v -11.94326 19.19057 1.20000
v -12.01161 18.89742 1.20000
v -12.06065 18.60042 1.20000
v -12.09015 18.30085 1.20000
v -12.10000 -18.00000 1.20000
v -12.09015 -18.30085 1.20000
v -12.06065 -18.60042 1.20000
v -12.01161 -18.89742 1.20000
v -11.94326 -19.19057 1.20000
v -11.85588 -19.47862 1.20000
v -11.74985 -19.76034 1.20000
v -11.62561 -20.03453 1.20000
v -11.48372 -20.30000 1.20000
v -11.32476 -20.55562 1.20000
v -11.14943 -20.80030 1.20000
v -10.95846 -21.03299 1.20000
v -10.75269 -21.25269 1.20000
v -10.53299 -21.45846 1.20000
v -10.30030 -21.64943 1.20000
v -10.05562 -21.82476 1.20000
v -9.80000 -21.98372 1.20000
v -9.53453 -22.12561 1.20000
v -9.26034 -22.24985 1.20000
v -8.97862 -22.35588 1.20000
v -8.69057 -22.44326 1.20000
v -8.39742 -22.51161 1.20000
v -8.10042 -22.56065 1.20000
v -7.80085 -22.59015 1.20000
v 7.50000 -22.60000 1.20000
v 7.80085 -22.59015 1.20000
v 8.10042 -22.56065 1.20000
v 8.39742 -22.51161 1.20000
v 8.69057 -22.44326 1.20000
v 8.97862 -22.35588 1.20000
v 9.26034 -22.24985 1.20000
v 9.53453 -22.12561 1.20000
v 9.80000 -21.98372 1.20000
v 10.05562 -21.82476 1.20000
v 10.30030 -21.64943 1.20000
v 10.53299 -21.45846 1.20000
v 10.75269 -21.25269 1.20000
v 10.95846 -21.03299 1.20000
v 11.14943 -20.80030 1.20000
v 11.32476 -20.55562 1.20000
v 11.48372 -20.30000 1.20000
v 11.62561 -20.03453 1.20000
v 11.74985 -19.76034 1.20000
v 11.85588 -19.47862 1.20000
v 11.94326 -19.19057 1.20000
v 12.01161 -18.89742 1.20000
v 12.06065 -18.60042 1.20000
v 12.09015 -18.30085 1.20000
v 12.10000 18.00000 11.80000
v 12.09015 18.30085 11.80000
v 12.06065 18.60042 11.80000
v 12.01161 18.89742 11.80000
v 11.94326 19.19057 11.80000
v 11.85588 19.47862 11.80000
v 11.74985 19.76034 11.80000
v 11.62561 20.03453 11.80000
v 11.48372 20.30000 11.80000
v 11.32476 20.55562 11.80000
v 11.14943 20.80030 11.80000
v 10.95846 21.03299 11.80000
v 10.75269 21.25269 11.80000
v 10.53299 21.45846 11.80000
v 10.30030 21.64943 11.80000
v 10.05562 21.82476 11.80000
v 9.80000 21.98372 11.80000
v 9.53453 22.12561 11.80000
v 9.26034 22.24985 11.80000
v 8.97862 22.35588 11.80000
v 8.69057 22.44326 11.80000
v 8.39742 22.51161 11.80000
v 8.10042 22.56065 11.80000
v 7.80085 22.59015 11.80000
v -7.50000 22.60000 11.80000
v -7.80085 22.59015 11.80000
v -8.10042 22.56065 11.80000
v -8.39742 22.51161 11.80000
v -8.69057 22.44326 11.80000
v -8.97862 22.35588 11.80000
v -9.26034 22.24985 11.80000
v -9.53453 22.12561 11.80000
v -9.80000 21.98372 11.80000
v -10.05562 21.82476 11.80000
v -10.30030 21.64943 11.80000
v -10.53299 21.45846 11.80000
v -10.75269 21.25269 11.80000
v -10.95846 21.03299 11.80000
v -11.14943 20.80030 11.80000
v -11.32476 20.55562 11.80000
v -11.48372 20.30000 11.80000
v -11.62561 20.03453 11.80000
v -11.74985 19.76034 11.80000
v -11.85588 19.47862 11.80000
v -11.94326 19.19057 11.80000
v -12.01161 18.89742 11.80000
v -12.06065 18.60042 11.80000
v -12.09015 18.30085 11.80000
v -12.10000 -18.00000 11.80000
v -12.09015 -18.30085 11.80000
v -12.06065 -18.60042 11.80000
v -12.01161 -18.89742 11.80000
v -11.94326 -19.19057 11.80000
v -11.85588 -19.47862 11.80000
v -11.74985 -19.76034 11.80000
v -11.62561 -20.03453 11.80000
v -11.48372 -20.30000 11.80000
v -11.32476 -20.55562 11.80000
v -11.14943 -20.80030 11.80000
v -10.95846 -21.03299 11.80000
v -10.75269 -21.25269 11.80000
v -10.53299 -21.45846 11.80000
v -10.30030 -21.64943 11.80000
v -10.05562 -21.82476 11.80000
v -9.80000 -21.98372 11.80000
v -9.53453 -22.12561 11.80000
v -9.26034 -22.24985 11.80000
v -8.97862 -22.35588 11.80000
v -8.69057 -22.44326 11.80000
v -8.39742 -22.51161 11.80000
v -8.10042 -22.56065 11.80000
v -7.80085 -22.59015 11.80000
v 7.50000 -22.60000 11.80000
v 7.80085 -22.59015 11.80000
v 8.10042 -22.56065 11.80000
v 8.39742 -22.51161 11.80000
v 8.69057 -22.44326 11.80000
v 8.97862 -22.35588 11.80000
v 9.26034 -22.24985 11.80000
v 9.53453 -22.12561 11.80000
v 9.80000 -21.98372 11.80000
v 10.05562 -21.82476 11.80000
v 10.30030 -21.64943 11.80000
v 10.53299 -21.45846 11.80000
v 10.75269 -21.25269 11.80000
v 10.95846 -21.03299 11.80000
v 11.14943 -20.80030 11.80000
v 11.32476 -20.55562 11.80000
v 11.48372 -20.30000 11.80000
v 11.62561 -20.03453 11.80000
v 11.74985 -19.76034 11.80000
v 11.85588 -19.47862 11.80000
v 11.94326 -19.19057 11.80000
v 12.01161 -18.89742 11.80000
v 12.06065 -18.60042 11.80000
v 12.09015 -18.30085 11.80000
v 5.20000 4.50000 0.40000
v 5.19422 4.67659 0.40000
v 5.17690 4.85242 0.40000
v 5.14812 5.02674 0.40000
v 5.10800 5.19881 0.40000
v 5.05671 5.36789 0.40000
v 4.99447 5.53325 0.40000
v 4.92156 5.69418 0.40000
v 4.83827 5.85000 0.40000
v 4.74497 6.00004 0.40000
v 4.64205 6.14366 0.40000
v 4.52997 6.28023 0.40000
v 4.40919 6.40919 0.40000
v 4.28023 6.52997 0.40000
v 4.14366 6.64205 0.40000
v 4.00004 6.74497 0.40000
v 3.85000 6.83827 0.40000
v 3.69418 6.92156 0.40000
v 3.53325 6.99447 0.40000
v 3.36789 7.05671 0.40000
v 3.19881 7.10800 0.40000
v 3.02674 7.14812 0.40000
v 2.85242 7.17690 0.40000
v 2.67659 7.19422 0.40000
v -2.50000 7.20000 0.40000
v -2.67659 7.19422 0.40000
v -2.85242 7.17690 0.40000
v -3.02674 7.14812 0.40000
v -3.19881 7.10800 0.40000
v -3.36789 7.05671 0.40000
v -3.53325 6.99447 0.40000
v -3.69418 6.92156 0.40000
v -3.85000 6.83827 0.40000
v -4.00004 6.74497 0.40000
v -4.14366 6.64205 0.40000
v -4.28023 6.52997 0.40000
v -4.40919 6.40919 0.40000
v -4.52997 6.28023 0.40000
v -4.64205 6.14366 0.40000
v -4.74497 6.00004 0.40000
v -4.83827 5.85000 0.40000
v -4.92156 5.69418 0.40000
v -4.99447 5.53325 0.40000
v -5.05671 5.36789 0.40000
v -5.10800 5.19881 0.40000
v -5.14812 5.02674 0.40000
v -5.17690 4.85242 0.40000
v -5.19422 4.67659 0.40000
v -5.20000 -4.50000 0.40000
v -5.19422 -4.67659 0.40000
v -5.17690 -4.85242 0.40000
v -5.14812 -5.02674 0.40000
v -5.10800 -5.19881 0.40000
v -5.05671 -5.36789 0.40000
v -4.99447 -5.53325 0.40000
v -4.92156 -5.69418 0.40000
v -4.83827 -5.85000 0.40000
v -4.74497 -6.00004 0.40000
v -4.64205 -6.14366 0.40000
v -4.52997 -6.28023 0.40000
v -4.40919 -6.40919 0.40000
v -4.28023 -6.52997 0.40000
v -4.14366 -6.64205 0.40000
v -4.00004 -6.74497 0.40000
v -3.85000 -6.83827 0.40000
v -3.69418 -6.92156 0.40000
v -3.53325 -6.99447 0.40000
v -3.36789 -7.05671 0.40000
v -3.19881 -7.10800 0.40000
v -3.02674 -7.14812 0.40000
v -2.85242 -7.17690 0.40000
v -2.67659 -7.19422 0.40000
v 2.50000 -7.20000 0.40000
v 2.67659 -7.19422 0.40000
v 2.85242 -7.17690 0.40000
v 3.02674 -7.14812 0.40000
v 3.19881 -7.10800 0.40000
v 3.36789 -7.05671 0.40000
v 3.53325 -6.99447 0.40000
v 3.69418 -6.92156 0.40000
v 3.85000 -6.83827 0.40000
v 4.00004 -6.74497 0.40000
v 4.14366 -6.64205 0.40000
v 4.28023 -6.52997 0.40000
v 4.40919 -6.40919 0.40000
v 4.52997 -6.28023 0.40000
v 4.64205 -6.14366 0.40000
v 4.74497 -6.00004 0.40000
v 4.83827 -5.85000 0.40000
v 4.92156 -5.69418 0.40000
v 4.99447 -5.53325 0.40000
v 5.05671 -5.36789 0.40000
v 5.10800 -5.19881 0.40000
v 5.14812 -5.02674 0.40000
v 5.17690 -4.85242 0.40000
v 5.19422 -4.67659 0.40000
v 5.20000 4.50000 1.20000
v 5.19422 4.67659 1.20000
v 5.17690 4.85242 1.20000
v 5.14812 5.02674 1.20000
v 5.10800 5.19881 1.20000
v 5.05671 5.36789 1.20000
v 4.99447 5.53325 1.20000
v 4.92156 5.69418 1.20000
v 4.83827 5.85000 1.20000
v 4.74497 6.00004 1.20000
v 4.64205 6.14366 1.20000
v 4.52997 6.28023 1.20000
v 4.40919 6.40919 1.20000
v 4.28023 6.52997 1.20000
v 4.14366 6.64205 1.20000
v 4.00004 6.74497 1.20000
v 3.85000 6.83827 1.20000
v 3.69418 6.92156 1.20000
v 3.53325 6.99447 1.20000
v 3.36789 7.05671 1.20000
v 3.19881 7.10800 1.20000
v 3.02674 7.14812 1.20000
v 2.85242 7.17690 1.20000
v 2.67659 7.19422 1.20000
v -2.50000 7.20000 1.20000
v -2.67659 7.19422 1.20000
v -2.85242 7.17690 1.20000
v -3.02674 7.14812 1.20000
v -3.19881 7.10800 1.20000
v -3.36789 7.05671 1.20000
v -3.53325 6.99447 1.20000
v -3.69418 6.92156 1.20000
v -3.85000 6.83827 1.20000
v -4.00004 6.74497 1.20000
v -4.14366 6.64205 1.20000
v -4.28023 6.52997 1.20000
v -4.40919 6.40919 1.20000
v -4.52997 6.28023 1.20000
v -4.64205 6.14366 1.20000
v -4.74497 6.00004 1.20000
v -4.83827 5.85000 1.20000
v -4.92156 5.69418 1.20000
v -4.99447 5.53325 1.20000
v -5.05671 5.36789 1.20000
v -5.10800 5.19881 1.20000
v -5.14812 5.02674 1.20000
v -5.17690 4.85242 1.20000
v -5.19422 4.67659 1.20000
v -5.20000 -4.50000 1.20000
v -5.19422 -4.67659 1.20000
v -5.17690 -4.85242 1.20000
v -5.14812 -5.02674 1.20000
v -5.10800 -5.19881 1.20000
v -5.05671 -5.36789 1.20000
v -4.99447 -5.53325 1.20000
v -4.92156 -5.69418 1.20000
v -4.83827 -5.85000 1.20000
v -4.74497 -6.00004 1.20000
v -4.64205 -6.14366 1.20000
v -4.52997 -6.28023 1.20000
v -4.40919 -6.40919 1.20000
v -4.28023 -6.52997 1.20000
v -4.14366 -6.64205 1.20000
v -4.00004 -6.74497 1.20000
v -3.85000 -6.83827 1.20000
v -3.69418 -6.92156 1.20000
v -3.53325 -6.99447 1.20000
v -3.36789 -7.05671 1.20000
v -3.19881 -7.10800 1.20000
v -3.02674 -7.14812 1.20000
v -2.85242 -7.17690 1.20000
v -2.67659 -7.19422 1.20000
v 2.50000 -7.20000 1.20000
v 2.67659 -7.19422 1.20000
v 2.85242 -7.17690 1.20000
v 3.02674 -7.14812 1.20000
v 3.19881 -7.10800 1.20000
v 3.36789 -7.05671 1.20000
v 3.53325 -6.99447 1.20000
v 3.69418 -6.92156 1.20000
v 3.85000 -6.83827 1.20000
v 4.00004 -6.74497 1.20000
v 4.14366 -6.64205 1.20000
v 4.28023 -6.52997 1.20000
v 4.40919 -6.40919 1.20000
v 4.52997 -6.28023 1.20000
v 4.64205 -6.14366 1.20000
v 4.74497 -6.00004 1.20000
v 4.83827 -5.85000 1.20000
v 4.92156 -5.69418 1.20000
v 4.99447 -5.53325 1.20000
v 5.05671 -5.36789 1.20000
v 5.10800 -5.19881 1.20000
v 5.14812 -5.02674 1.20000
v 5.17690 -4.85242 1.20000
v 5.19422 -4.67659 1.20000
v 4.00000 4.00000 0.00000
v 3.99572 4.13081 0.00000
v 3.98289 4.26105 0.00000
v 3.96157 4.39018 0.00000
v 3.93185 4.51764 0.00000
v 3.89386 4.64288 0.00000
v 3.84776 4.76537 0.00000
v 3.79375 4.88458 0.00000
v 3.73205 5.00000 0.00000
v 3.66294 5.11114 0.00000
v 3.58671 5.21752 0.00000
v 3.50368 5.31869 0.00000
v 3.41421 5.41421 0.00000
v 3.31869 5.50368 0.00000
v 3.21752 5.58671 0.00000
v 3.11114 5.66294 0.00000
v 3.00000 5.73205 0.00000
v 2.88458 5.79375 0.00000
v 2.76537 5.84776 0.00000
v 2.64288 5.89386 0.00000
v 2.51764 5.93185 0.00000
v 2.39018 5.96157 0.00000
v 2.26105 5.98289 0.00000
v 2.13081 5.99572 0.00000
v -2.00000 6.00000 0.00000
v -2.13081 5.99572 0.00000
v -2.26105 5.98289 0.00000
v -2.39018 5.96157 0.00000
v -2.51764 5.93185 0.00000
v -2.64288 5.89386 0.00000
v -2.76537 5.84776 0.00000
v -2.88458 5.79375 0.00000
v -3.00000 5.73205 0.00000
v -3.11114 5.66294 0.00000
v -3.21752 5.58671 0.00000
v -3.31869 5.50368 0.00000
v -3.41421 5.41421 0.00000
v -3.50368 5.31869 0.00000
v -3.58671 5.21752 0.00000
v -3.66294 5.11114 0.00000
v -3.73205 5.00000 0.00000
v -3.79375 4.88458 0.00000
v -3.84776 4.76537 0.00000
v -3.89386 4.64288 0.00000
v -3.93185 4.51764 0.00000
v -3.96157 4.39018 0.00000
v -3.98289 4.26105 0.00000
v -3.99572 4.13081 0.00000
v -4.00000 -4.00000 0.00000
v -3.99572 -4.13081 0.00000
v -3.98289 -4.26105 0.00000
v -3.96157 -4.39018 0.00000
v -3.93185 -4.51764 0.00000
v -3.89386 -4.64288 0.00000
v -3.84776 -4.76537 0.00000
v -3.79375 -4.88458 0.00000
v -3.73205 -5.00000 0.00000
v -3.66294 -5.11114 0.00000
v -3.58671 -5.21752 0.00000
v -3.50368 -5.31869 0.00000
v -3.41421 -5.41421 0.00000
v -3.31869 -5.50368 0.00000
v -3.21752 -5.58671 0.00000
v -3.11114 -5.66294 0.00000
v -3.00000 -5.73205 0.00000
v -2.88458 -5.79375 0.00000
v -2.76537 -5.84776 0.00000
v -2.64288 -5.89386 0.00000
v -2.51764 -5.93185 0.00000
v -2.39018 -5.96157 0.00000
v -2.26105 -5.98289 0.00000
v -2.13081 -5.99572 0.00000
v 2.00000 -6.00000 0.00000
v 2.13081 -5.99572 0.00000
v 2.26105 -5.98289 0.00000
v 2.39018 -5.96157 0.00000
v 2.51764 -5.93185 0.00000
v 2.64288 -5.89386 0.00000
v 2.76537 -5.84776 0.00000
v 2.88458 -5.79375 0.00000
v 3.00000 -5.73205 0.00000
v 3.11114 -5.66294 0.00000
v 3.21752 -5.58671 0.00000
v 3.31869 -5.50368 0.00000
v 3.41421 -5.41421 0.00000
v 3.50368 -5.31869 0.00000
v 3.58671 -5.21752 0.00000
v 3.66294 -5.11114 0.00000
v 3.73205 -5.00000 0.00000
v 3.79375 -4.88458 0.00000
v 3.84776 -4.76537 0.00000
v 3.89386 -4.64288 0.00000
v 3.93185 -4.51764 0.00000
v 3.96157 -4.39018 0.00000
v 3.98289 -4.26105 0.00000
v 3.99572 -4.13081 0.00000
v 4.00000 4.00000 0.40000
v 3.99572 4.13081 0.40000
v 3.98289 4.26105 0.40000
v 3.96157 4.39018 0.40000
v 3.93185 4.51764 0.40000
v 3.89386 4.64288 0.40000
v 3.84776 4.76537 0.40000
v 3.79375 4.88458 0.40000
v 3.73205 5.00000 0.40000
v 3.66294 5.11114 0.40000
v 3.58671 5.21752 0.40000
v 3.50368 5.31869 0.40000
v 3.41421 5.41421 0.40000
v 3.31869 5.50368 0.40000
v 3.21752 5.58671 0.40000
v 3.11114 5.66294 0.40000
v 3.00000 5.73205 0.40000
v 2.88458 5.79375 0.40000
v 2.76537 5.84776 0.40000
v 2.64288 5.89386 0.40000
v 2.51764 5.93185 0.40000
v 2.39018 5.96157 0.40000
v 2.26105 5.98289 0.40000
v 2.13081 5.99572 0.40000
v -2.00000 6.00000 0.40000
v -2.13081 5.99572 0.40000
v -2.26105 5.98289 0.40000
v -2.39018 5.96157 0.40000
v -2.51764 5.93185 0.40000
v -2.64288 5.89386 0.40000
v -2.76537 5.84776 0.40000
v -2.88458 5.79375 0.40000
v -3.00000 5.73205 0.40000
v -3.11114 5.66294 0.40000
v -3.21752 5.58671 0.40000
v -3.31869 5.50368 0.40000
v -3.41421 5.41421 0.40000
v -3.50368 5.31869 0.40000
v -3.58671 5.21752 0.40000
v -3.66294 5.11114 0.40000
v -3.73205 5.00000 0.40000
v -3.79375 4.88458 0.40000
v -3.84776 4.76537 0.40000
v -3.89386 4.64288 0.40000
v -3.93185 4.51764 0.40000
v -3.96157 4.39018 0.40000
v -3.98289 4.26105 0.40000
v -3.99572 4.13081 0.40000
v -4.00000 -4.00000 0.40000
v -3.99572 -4.13081 0.40000
v -3.98289 -4.26105 0.40000
v -3.96157 -4.39018 0.40000
v -3.93185 -4.51764 0.40000
v -3.89386 -4.64288 0.40000
v -3.84776 -4.76537 0.40000
v -3.79375 -4.88458 0.40000
v -3.73205 -5.00000 0.40000
v -3.66294 -5.11114 0.40000
v -3.58671 -5.21752 0.40000
v -3.50368 -5.31869 0.40000
v -3.41421 -5.41421 0.40000
v -3.31869 -5.50368 0.40000
v -3.21752 -5.58671 0.40000
v -3.11114 -5.66294 0.40000
v -3.00000 -5.73205 0.40000
v -2.88458 -5.79375 0.40000
v -2.76537 -5.84776 0.40000
v -2.64288 -5.89386 0.40000
v -2.51764 -5.93185 0.40000
v -2.39018 -5.96157 0.40000
v -2.26105 -5.98289 0.40000
v -2.13081 -5.99572 0.40000
v 2.00000 -6.00000 0.40000
v 2.13081 -5.99572 0.40000
v 2.26105 -5.98289 0.40000
v 2.39018 -5.96157 0.40000
v 2.51764 -5.93185 0.40000
v 2.64288 -5.89386 0.40000
v 2.76537 -5.84776 0.40000
v 2.88458 -5.79375 0.40000
v 3.00000 -5.73205 0.40000
v 3.11114 -5.66294 0.40000
v 3.21752 -5.58671 0.40000
v 3.31869 -5.50368 0.40000
v 3.41421 -5.41421 0.40000
v 3.50368 -5.31869 0.40000
v 3.58671 -5.21752 0.40000
v 3.66294 -5.11114 0.40000
v 3.73205 -5.00000 0.40000
v 3.79375 -4.88458 0.40000
v 3.84776 -4.76537 0.40000
v 3.89386 -4.64288 0.40000
v 3.93185 -4.51764 0.40000
v 3.96157 -4.39018 0.40000
v 3.98289 -4.26105 0.40000
v 3.99572 -4.13081 0.40000
f 1 2 98
f 1 98 97
f 2 3 99
f 2 99 98
f 3 4 100
f 3 100 99
f 4 5 101
f 4 101 100
f 5 6 102
f 5 102 101
f 6 7 103
f 6 103 102
f 7 8 104
f 7 104 103
f 8 9 105
f 8 105 104
f 9 10 106
f 9 106 105
f 10 11 107
f 10 107 106
f 11 12 108
f 11 108 107
f 12 13 109
f 12 109 108
f 13 14 110
f 13 110 109
f 14 15 111
f 14 111 110
f 15 16 112
f 15 112 111
f 16 17 113
f 16 113 112
f 17 18 114
f 17 114 113
f 18 19 115
f 18 115 114
f 19 20 116
f 19 116 115
f 20 21 117
f 20 117 116
f 21 22 118
f 21 118 117
f 22 23 119
f 22 119 118
f 23 24 120
f 23 120 119
f 24 25 121
f 24 121 120
f 25 26 122
f 25 122 121
f 26 27 123
f 26 123 122
f 27 28 124
f 27 124 123
f 28 29 125
f 28 125 124
f 29 30 126
f 29 126 125
f 30 31 127
f 30 127 126
f 31 32 128
f 31 128 127
f 32 33 129
f 32 129 128
f 33 34 130
f 33 130 129
f 34 35 131
f 34 131 130
f 35 36 132
f 35 132 131
f 36 37 133
f 36 133 132
f 37 38 134
f 37 134 133
f 38 39 135
f 38 135 134
f 39 40 136
f 39 136 135
f 40 41 137
f 40 137 136
f 41 42 138
f 41 138 137
f 42 43 139
f 42 139 138
f 43 44 140
f 43 140 139
f 44 45 141
f 44 141 140
f 45 46 142
f 45 142 141
f 46 47 143
f 46 143 142
f 47 48 144
f 47 144 143
f 48 49 145
f 48 145 144
f 49 50 146
f 49 146 145
f 50 51 147
f 50 147 146
f 51 52 148
f 51 148 147
f 52 53 149
f 52 149 148
f 53 54 150
f 53 150 149
f 54 55 151
f 54 151 150
f 55 56 152
f 55 152 151
f 56 57 153
f 56 153 152
f 57 58 154
f 57 154 153
f 58 59 155
f 58 155 154
f 59 60 156
f 59 156 155
f 60 61 157
f 60 157 156
f 61 62 158
f 61 158 157
f 62 63 159
f 62 159 158
f 63 64 160
f 63 160 159
f 64 65 161
f 64 161 160
f 65 66 162
f 65 162 161
f 66 67 163
f 66 163 162
f 67 68 164
f 67 164 163
f 68 69 165
f 68 165 164
f 69 70 166
f 69 166 165
f 70 71 167
f 70 167 166
f 71 72 168
f 71 168 167
f 72 73 169
f 72 169 168
f 73 74 170
f 73 170 169
f 74 75 171
f 74 171 170
f 75 76 172
f 75 172 171
f 76 77 173
f 76 173 172
f 77 78 174
f 77 174 173
f 78 79 175
f 78 175 174
f 79 80 176
f 79 176 175
f 80 81 177
f 80 177 176
f 81 82 178
f 81 178 177
f 82 83 179
f 82 179 178
f 83 84 180
f 83 180 179
f 84 85 181
f 84 181 180
f 85 86 182
f 85 182 181
f 86 87 183
f 86 183 182
f 87 88 184
f 87 184 183
f 88 89 185
f 88 185 184
f 89 90 186
f 89 186 185
f 90 91 187
f 90 187 186
f 91 92 188
f 91 188 187
f 92 93 189
f 92 189 188
f 93 94 190
f 93 190 189
f 94 95 191
f 94 191 190
f 95 96 192
f 95 192 191
f 96 1 97
f 96 97 192
f 290 194 193
f 289 290 193
f 291 195 194
f 290 291 194
f 292 196 195
f 291 292 195
f 293 197 196
f 292 293 196
f 294 198 197
f 293 294 197
f 295 199 198
f 294 295 198
f 296 200 199
f 295 296 199
f 297 201 200
f 296 297 200
f 298 202 201
f 297 298 201
f 299 203 202
f 298 299 202
f 300 204 203
f 299 300 203
f 301 205 204
f 300 301 204
f 302 206 205
f 301 302 205
f 303 207 206
f 302 303 206
f 304 208 207
f 303 304 207
f 305 209 208
f 304 305 208
f 306 210 209
f 305 306 209
f 307 211 210
f 306 307 210
f 308 212 211
f 307 308 211
f 309 213 212
f 308 309 212
f 310 214 213
f 309 310 213
f 311 215 214
f 310 311 214
f 312 216 215
f 311 312 215
f 313 217 216
f 312 313 216
f 314 218 217
f 313 314 217
f 315 219 218
f 314 315 218
f 316 220 219
f 315 316 219
f 317 221 220
f 316 317 220
f 318 222 221
f 317 318 221
f 319 223 222
f 318 319 222
f 320 224 223
f 319 320 223
f 321 225 224
f 320 321 224
f 322 226 225
f 321 322 225
f 323 227 226
f 322 323 226
f 324 228 227
f 323 324 227
f 325 229 228
f 324 325 228
f 326 230 229
f 325 326 229
f 327 231 230
f 326 327 230
f 328 232 231
f 327 328 231
f 329 233 232
f 328 329 232
f 330 234 233
f 329 330 233
f 331 235 234
f 330 331 234
f 332 236 235
f 331 332 235
f 333 237 236
f 332 333 236
f 334 238 237
f 333 334 237
f 335 239 238
f 334 335 238
f 336 240 239
f 335 336 239
f 337 241 240
f 336 337 240
f 338 242 241
f 337 338 241
f 339 243 242
f 338 339 242
f 340 244 243
f 339 340 243
f 341 245 244
f 340 341 244
f 342 246 245
f 341 342 245
f 343 247 246
f 342 343 246
f 344 248 247
f 343 344 247
f 345 249 248
f 344 345 248
f 346 250 249
f 345 346 249
f 347 251 250
f 346 347 250
f 348 252 251
f 347 348 251
f 349 253 252
f 348 349 252
f 350 254 253
f 349 350 253
f 351 255 254
f 350 351 254
f 352 256 255
f 351 352 255
f 353 257 256
f 352 353 256
f 354 258 257
f 353 354 257
f 355 259 258
f 354 355 258
f 356 260 259
f 355 356 259
f 357 261 260
f 356 357 260
f 358 262 261
f 357 358 261
f 359 263 262
f 358 359 262
f 360 264 263
f 359 360 263
f 361 265 264
f 360 361 264
f 362 266 265
f 361 362 265
f 363 267 266
f 362 363 266
f 364 268 267
f 363 364 267
f 365 269 268
f 364 365 268
f 366 270 269
f 365 366 269
f 367 271 270
f 366 367 270
f 368 272 271
f 367 368 271
f 369 273 272
f 368 369 272
f 370 274 273
f 369 370 273
f 371 275 274
f 370 371 274
f 372 276 275
f 371 372 275
f 373 277 276
f 372 373 276
f 374 278 277
f 373 374 277
f 375 279 278
f 374 375 278
f 376 280 279
f 375 376 279
f 377 281 280
f 376 377 280
f 378 282 281
f 377 378 281
f 379 283 282
f 378 379 282
f 380 284 283
f 379 380 283
f 381 285 284
f 380 381 284
f 382 286 285
f 381 382 285
f 383 287 286
f 382 383 286
f 384 288 287
f 383 384 287
f 289 193 288
f 384 289 288
f 97 98 290
f 97 290 289
f 98 99 291
f 98 291 290
f 99 100 292
f 99 292 291
f 100 101 293
f 100 293 292
f 101 102 294
f 101 294 293
f 102 103 295
f 102 295 294
f 103 104 296
f 103 296 295
f 104 105 297
f 104 297 296
f 105 106 298
f 105 298 297
f 106 107 299
f 106 299 298
f 107 108 300
f 107 300 299
f 108 109 301
f 108 301 300
f 109 110 302
f 109 302 301
f 110 111 303
f 110 303 302
f 111 112 304
f 111 304 303
f 112 113 305
f 112 305 304
f 113 114 306
f 113 306 305
f 114 115 307
f 114 307 306
f 115 116 308
f 115 308 307
f 116 117 309
f 116 309 308
f 117 118 310
f 117 310 309
f 118 119 311
f 118 311 310
f 119 120 312
f 119 312 311
f 120 121 313
f 120 313 312
f 121 122 314
f 121 314 313
f 122 123 315
f 122 315 314
f 123 124 316
f 123 316 315
f 124 125 317
f 124 317 316
f 125 126 318
f 125 318 317
f 126 127 319
f 126 319 318
f 127 128 320
f 127 320 319
f 128 129 321
f 128 321 320
f 129 130 322
f 129 322 321
f 130 131 323
f 130 323 322
f 131 132 324
f 131 324 323
f 132 133 325
f 132 325 324
f 133 134 326
f 133 326 325
f 134 135 327
f 134 327 326
f 135 136 328
f 135 328 327
f 136 137 329
f 136 329 328
f 137 138 330
f 137 330 329
f 138 139 331
f 138 331 330
f 139 140 332
f 139 332 331
f 140 141 333
f 140 333 332
f 141 142 334
f 141 334 333
f 142 143 335
f 142 335 334
f 143 144 336
f 143 336 335
f 144 145 337
f 144 337 336
f 145 146 338
f 145 338 337
f 146 147 339
f 146 339 338
f 147 148 340
f 147 340 339
f 148 149 341
f 148 341 340
f 149 150 342
f 149 342 341
f 150 151 343
f 150 343 342
f 151 152 344
f 151 344 343
f 152 153 345
f 152 345 344
f 153 154 346
f 153 346 345
f 154 155 347
f 154 347 346
f 155 156 348
f 155 348 347
f 156 157 349
f 156 349 348
f 157 158 350
f 157 350 349
f 158 159 351
f 158 351 350
f 159 160 352
f 159 352 351
f 160 161 353
f 160 353 352
f 161 162 354
f 161 354 353
f 162 163 355
f 162 355 354
f 163 164 356
f 163 356 355
f 164 165 357
f 164 357 356
f 165 166 358
f 165 358 357
f 166 167 359
f 166 359 358
f 167 168 360
f 167 360 359
f 168 169 361
f 168 361 360
f 169 170 362
f 169 362 361
f 170 171 363
f 170 363 362
f 171 172 364
f 171 364 363
f 172 173 365
f 172 365 364
f 173 174 366
f 173 366 365
f 174 175 367
f 174 367 366
f 175 176 368
f 175 368 367
f 176 177 369
f 176 369 368
f 177 178 370
f 177 370 369
f 178 179 371
f 178 371 370
f 179 180 372
f 179 372 371
f 180 181 373
f 180 373 372
f 181 182 374
f 181 374 373
f 182 183 375
f 182 375 374
f 183 184 376
f 183 376 375
f 184 185 377
f 184 377 376
f 185 186 378
f 185 378 377
f 186 187 379
f 186 379 378
f 187 188 380
f 187 380 379
f 188 189 381
f 188 381 380
f 189 190 382
f 189 382 381
f 190 191 383
f 190 383 382
f 191 192 384
f 191 384 383
f 192 97 289
f 192 289 384
f 578 2 1
f 577 578 1
f 579 3 2
f 578 579 2
f 580 4 3
f 579 580 3
f 581 5 4
f 580 581 4
f 582 6 5
f 581 582 5
f 583 7 6
f 582 583 6
f 584 8 7
f 583 584 7
f 585 9 8
f 584 585 8
f 586 10 9
f 585 586 9
f 587 11 10
f 586 587 10
f 588 12 11
f 587 588 11
f 589 13 12
f 588 589 12
f 590 14 13
f 589 590 13
f 591 15 14
f 590 591 14
f 592 16 15
f 591 592 15
f 593 17 16
f 592 593 16
f 594 18 17
f 593 594 17
f 595 19 18
f 594 595 18
f 596 20 19
f 595 596 19
f 597 21 20
f 596 597 20
f 598 22 21
f 597 598 21
f 599 23 22
f 598 599 22
f 600 24 23
f 599 600 23
f 601 25 24
f 600 601 24
f 602 26 25
f 601 602 25
f 603 27 26
f 602 603 26
f 604 28 27
f 603 604 27
f 605 29 28
f 604 605 28
f 606 30 29
f 605 606 29
f 607 31 30
f 606 607 30
f 608 32 31
f 607 608 31
f 609 33 32
f 608 609 32
f 610 34 33
f 609 610 33
f 611 35 34
f 610 611 34
f 612 36 35
f 611 612 35
f 613 37 36
f 612 613 36
f 614 38 37
f 613 614 37
f 615 39 38
f 614 615 38
f 616 40 39
f 615 616 39
f 617 41 40
f 616 617 40
f 618 42 41
f 617 618 41
f 619 43 42
f 618 619 42
f 620 44 43
f 619 620 43
f 621 45 44
f 620 621 44
f 622 46 45
f 621 622 45
f 623 47 46
f 622 623 46
f 624 48 47
f 623 624 47
f 625 49 48
f 624 625 48
f 626 50 49
f 625 626 49
f 627 51 50
f 626 627 50
f 628 52 51
f 627 628 51
f 629 53 52
f 628 629 52
f 630 54 53
f 629 630 53
f 631 55 54
f 630 631 54
f 632 56 55
f 631 632 55
f 633 57 56
f 632 633 56
f 634 58 57
f 633 634 57
f 635 59 58
f 634 635 58
f 636 60 59
f 635 636 59
f 637 61 60
f 636 637 60
f 638 62 61
f 637 638 61
f 639 63 62
f 638 639 62
f 640 64 63
f 639 640 63
f 641 65 64
f 640 641 64
f 642 66 65
f 641 642 65
f 643 67 66
f 642 643 66
f 644 68 67
f 643 644 67
f 645 69 68
f 644 645 68
f 646 70 69
f 645 646 69
f 647 71 70
f 646 647 70
f 648 72 71
f 647 648 71
f 649 73 72
f 648 649 72
f 650 74 73
f 649 650 73
f 651 75 74
f 650 651 74
f 652 76 75
f 651 652 75
f 653 77 76
f 652 653 76
f 654 78 77
f 653 654 77
f 655 79 78
f 654 655 78
f 656 80 79
f 655 656 79
f 657 81 80
f 656 657 80
f 658 82 81
f 657 658 81
f 659 83 82
f 658 659 82
f 660 84 83
f 659 660 83
f 661 85 84
f 660 661 84
f 662 86 85
f 661 662 85
f 663 87 86
f 662 663 86
f 664 88 87
f 663 664 87
f 665 89 88
f 664 665 88
f 666 90 89
f 665 666 89
f 667 91 90
f 666 667 90
f 668 92 91
f 667 668 91
f 669 93 92
f 668 669 92
f 670 94 93
f 669 670 93
f 671 95 94
f 670 671 94
f 672 96 95
f 671 672 95
f 577 1 96
f 672 577 96
f 193 194 482
f 193 482 481
f 194 195 483
f 194 483 482
f 195 196 484
f 195 484 483
f 196 197 485
f 196 485 484
f 197 198 486
f 197 486 485
f 198 199 487
f 198 487 486
f 199 200 488
f 199 488 487
f 200 201 489
f 200 489 488
f 201 202 490
f 201 490 489
f 202 203 491
f 202 491 490
f 203 204 492
f 203 492 491
f 204 205 493
f 204 493 492
f 205 206 494
f 205 494 493
f 206 207 495
f 206 495 494
f 207 208 496
f 207 496 495
f 208 209 497
f 208 497 496
f 209 210 498
f 209 498 497
f 210 211 499
f 210 499 498
f 211 212 500
f 211 500 499
f 212 213 501
f 212 501 500
f 213 214 502
f 213 502 501
f 214 215 503
f 214 503 502
f 215 216 504
f 215 504 503
f 216 217 505
f 216 505 504
f 217 218 506
f 217 506 505
f 218 219 507
f 218 507 506
f 219 220 508
f 219 508 507
f 220 221 509
f 220 509 508
f 221 222 510
f 221 510 509
f 222 223 511
f 222 511 510
f 223 224 512
f 223 512 511
f 224 225 513
f 224 513 512
f 225 226 514
f 225 514 513
f 226 227 515
f 226 515 514
f 227 228 516
f 227 516 515
f 228 229 517
f 228 517 516
f 229 230 518
f 229 518 517
f 230 231 519
f 230 519 518
f 231 232 520
f 231 520 519
f 232 233 521
f 232 521 520
f 233 234 522
f 233 522 521
f 234 235 523
f 234 523 522
f 235 236 524
f 235 524 523
f 236 237 525
f 236 525 524
f 237 238 526
f 237 526 525
f 238 239 527
f 238 527 526
f 239 240 528
f 239 528 527
f 240 241 529
f 240 529 528
f 241 242 530
f 241 530 529
f 242 243 531
f 242 531 530
f 243 244 532
f 243 532 531
f 244 245 533
f 244 533 532
f 245 246 534
f 245 534 533
f 246 247 535
f 246 535 534
f 247 248 536
f 247 536 535
f 248 249 537
f 248 537 536
f 249 250 538
f 249 538 537
f 250 251 539
f 250 539 538
f 251 252 540
f 251 540 539
f 252 253 541
f 252 541 540
f 253 254 542
f 253 542 541
f 254 255 543
f 254 543 542
f 255 256 544
f 255 544 543
f 256 257 545
f 256 545 544
f 257 258 546
f 257 546 545
f 258 259 547
f 258 547 546
f 259 260 548
f 259 548 547
f 260 261 549
f 260 549 548
f 261 262 550
f 261 550 549
f 262 263 551
f 262 551 550
f 263 264 552
f 263 552 551
f 264 265 553
f 264 553 552
f 265 266 554
f 265 554 553
f 266 267 555
f 266 555 554
f 267 268 556
f 267 556 555
f 268 269 557
f 268 557 556
f 269 270 558
f 269 558 557
f 270 271 559
f 270 559 558
f 271 272 560
f 271 560 559
f 272 273 561
f 272 561 560
f 273 274 562
f 273 562 561
f 274 275 563
f 274 563 562
f 275 276 564
f 275 564 563
f 276 277 565
f 276 565 564
f 277 278 566
f 277 566 565
f 278 279 567
f 278 567 566
f 279 280 568
f 279 568 567
f 280 281 569
f 280 569 568
f 281 282 570
f 281 570 569
f 282 283 571
f 282 571 570
f 283 284 572
f 283 572 571
f 284 285 573
f 284 573 572
f 285 286 574
f 285 574 573
f 286 287 575
f 286 575 574
f 287 288 576
f 287 576 575
f 288 193 481
f 288 481 576
f 482 386 385
f 481 482 385
f 483 387 386
f 482 483 386
f 484 388 387
f 483 484 387
f 485 389 388
f 484 485 388
f 486 390 389
f 485 486 389
f 487 391 390
f 486 487 390
f 488 392 391
f 487 488 391
f 489 393 392
f 488 489 392
f 490 394 393
f 489 490 393
f 491 395 394
f 490 491 394
f 492 396 395
f 491 492 395
f 493 397 396
f 492 493 396
f 494 398 397
f 493 494 397
f 495 399 398
f 494 495 398
f 496 400 399
f 495 496 399
f 497 401 400
f 496 497 400
f 498 402 401
f 497 498 401
f 499 403 402
f 498 499 402
f 500 404 403
f 499 500 403
f 501 405 404
f 500 501 404
f 502 406 405
f 501 502 405
f 503 407 406
f 502 503 406
f 504 408 407
f 503 504 407
f 505 409 408
f 504 505 408
f 506 410 409
f 505 506 409
f 507 411 410
f 506 507 410
f 508 412 411
f 507 508 411
f 509 413 412
f 508 509 412
f 510 414 413
f 509 510 413
f 511 415 414
f 510 511 414
f 512 416 415
f 511 512 415
f 513 417 416
f 512 513 416
f 514 418 417
f 513 514 417
f 515 419 418
f 514 515 418
f 516 420 419
f 515 516 419
f 517 421 420
f 516 517 420
f 518 422 421
f 517 518 421
f 519 423 422
f 518 519 422
f 520 424 423
f 519 520 423
f 521 425 424
f 520 521 424
f 522 426 425
f 521 522 425
f 523 427 426
f 522 523 426
f 524 428 427
f 523 524 427
f 525 429 428
f 524 525 428
f 526 430 429
f 525 526 429
f 527 431 430
f 526 527 430
f 528 432 431
f 527 528 431
f 529 433 432
f 528 529 432
f 530 434 433
f 529 530 433
f 531 435 434
f 530 531 434
f 532 436 435
f 531 532 435
f 533 437 436
f 532 533 436
f 534 438 437
f 533 534 437
f 535 439 438
f 534 535 438
f 536 440 439
f 535 536 439
f 537 441 440
f 536 537 440
f 538 442 441
f 537 538 441
f 539 443 442
f 538 539 442
f 540 444 443
f 539 540 443
f 541 445 444
f 540 541 444
f 542 446 445
f 541 542 445
f 543 447 446
f 542 543 446
f 544 448 447
f 543 544 447
f 545 449 448
f 544 545 448
f 546 450 449
f 545 546 449
f 547 451 450
f 546 547 450
f 548 452 451
f 547 548 451
f 549 453 452
f 548 549 452
f 550 454 453
f 549 550 453
f 551 455 454
f 550 551 454
f 552 456 455
f 551 552 455
f 553 457 456
f 552 553 456
f 554 458 457
f 553 554 457
f 555 459 458
f 554 555 458
f 556 460 459
f 555 556 459
f 557 461 460
f 556 557 460
f 558 462 461
f 557 558 461
f 559 463 462
f 558 559 462
f 560 464 463
f 559 560 463
f 561 465 464
f 560 561 464
f 562 466 465
f 561 562 465
f 563 467 466
f 562 563 466
f 564 468 467
f 563 564 467
f 565 469 468
f 564 565 468
f 566 470 469
f 565 566 469
f 567 471 470
f 566 567 470
f 568 472 471
f 567 568 471
f 569 473 472
f 568 569 472
f 570 474 473
f 569 570 473
f 571 475 474
f 570 571 474
f 572 476 475
f 571 572 475
f 573 477 476
f 572 573 476
f 574 478 477
f 573 574 477
f 575 479 478
f 574 575 478
f 576 480 479
f 575 576 479
f 481 385 480
f 576 481 480
f 385 386 674
f 385 674 673
f 386 387 675
f 386 675 674
f 387 388 676
f 387 676 675
f 388 389 677
f 388 677 676
f 389 390 678
f 389 678 677
f 390 391 679
f 390 679 678
f 391 392 680
f 391 680 679
f 392 393 681
f 392 681 680
f 393 394 682
f 393 682 681
f 394 395 683
f 394 683 682
f 395 396 684
f 395 684 683
f 396 397 685
f 396 685 684
f 397 398 686
f 397 686 685
f 398 399 687
f 398 687 686
f 399 400 688
f 399 688 687
f 400 401 689
f 400 689 688
f 401 402 690
f 401 690 689
f 402 403 691
f 402 691 690
f 403 404 692
f 403 692 691
f 404 405 693
f 404 693 692
f 405 406 694
f 405 694 693
f 406 407 695
f 406 695 694
f 407 408 696
f 407 696 695
f 408 409 697
f 408 697 696
f 409 410 698
f 409 698 697
f 410 411 699
f 410 699 698
f 411 412 700
f 411 700 699
f 412 413 701
f 412 701 700
f 413 414 702
f 413 702 701
f 414 415 703
f 414 703 702
f 415 416 704
f 415 704 703
f 416 417 705
f 416 705 704
f 417 418 706
f 417 706 705
f 418 419 707
f 418 707 706
f 419 420 708
f 419 708 707
f 420 421 709
f 420 709 708
f 421 422 710
f 421 710 709
f 422 423 711
f 422 711 710
f 423 424 712
f 423 712 711
f 424 425 713
f 424 713 712
f 425 426 714
f 425 714 713
f 426 427 715
f 426 715 714
f 427 428 716
f 427 716 715
f 428 429 717
f 428 717 716
f 429 430 718
f 429 718 717
f 430 431 719
f 430 719 718
f 431 432 720
f 431 720 719
f 432 433 721
f 432 721 720
f 433 434 722
f 433 722 721
f 434 435 723
f 434 723 722
f 435 436 724
f 435 724 723
f 436 437 725
f 436 725 724
f 437 438 726
f 437 726 725
f 438 439 727
f 438 727 726
f 439 440 728
f 439 728 727
f 440 441 729
f 440 729 728
f 441 442 730
f 441 730 729
f 442 443 731
f 442 731 730
f 443 444 732
f 443 732 731
f 444 445 733
f 444 733 732
f 445 446 734
f 445 734 733
f 446 447 735
f 446 735 734
f 447 448 736
f 447 736 735
f 448 449 737
f 448 737 736
f 449 450 738
f 449 738 737
f 450 451 739
f 450 739 738
f 451 452 740
f 451 740 739
f 452 453 741
f 452 741 740
f 453 454 742
f 453 742 741
f 454 455 743
f 454 743 742
f 455 456 744
f 455 744 743
f 456 457 745
f 456 745 744
f 457 458 746
f 457 746 745
f 458 459 747
f 458 747 746
f 459 460 748
f 459 748 747
f 460 461 749
f 460 749 748
f 461 462 750
f 461 750 749
f 462 463 751
f 462 751 750
f 463 464 752
f 463 752 751
f 464 465 753
f 464 753 752
f 465 466 754
f 465 754 753
f 466 467 755
f 466 755 754
f 467 468 756
f 467 756 755
f 468 469 757
f 468 757 756
f 469 470 758
f 469 758 757
f 470 471 759
f 470 759 758
f 471 472 760
f 471 760 759
f 472 473 761
f 472 761 760
f 473 474 762
f 473 762 761
f 474 475 763
f 474 763 762
f 475 476 764
f 475 764 763
f 476 477 765
f 476 765 764
f 477 478 766
f 477 766 765
f 478 479 767
f 478 767 766
f 479 480 768
f 479 768 767
f 480 385 673
f 480 673 768
f 674 578 577
f 673 674 577
f 675 579 578
f 674 675 578
f 676 580 579
f 675 676 579
f 677 581 580
f 676 677 580
f 678 582 581
f 677 678 581
f 679 583 582
f 678 679 582
f 680 584 583
f 679 680 583
f 681 585 584
f 680 681 584
f 682 586 585
f 681 682 585
f 683 587 586
f 682 683 586
f 684 588 587
f 683 684 587
f 685 589 588
f 684 685 588
f 686 590 589
f 685 686 589
f 687 591 590
f 686 687 590
f 688 592 591
f 687 688 591
f 689 593 592
f 688 689 592
f 690 594 593
f 689 690 593
f 691 595 594
f 690 691 594
f 692 596 595
f 691 692 595
f 693 597 596
f 692 693 596
f 694 598 597
f 693 694 597
f 695 599 598
f 694 695 598
f 696 600 599
f 695 696 599
f 697 601 600
f 696 697 600
f 698 602 601
f 697 698 601
f 699 603 602
f 698 699 602
f 700 604 603
f 699 700 603
f 701 605 604
f 700 701 604
f 702 606 605
f 701 702 605
f 703 607 606
f 702 703 606
f 704 608 607
f 703 704 607
f 705 609 608
f 704 705 608
f 706 610 609
f 705 706 609
f 707 611 610
f 706 707 610
f 708 612 611
f 707 708 611
f 709 613 612
f 708 709 612
f 710 614 613
f 709 710 613
f 711 615 614
f 710 711 614
f 712 616 615
f 711 712 615
f 713 617 616
f 712 713 616
f 714 618 617
f 713 714 617
f 715 619 618
f 714 715 618
f 716 620 619
f 715 716 619
f 717 621 620
f 716 717 620
f 718 622 621
f 717 718 621
f 719 623 622
f 718 719 622
f 720 624 623
f 719 720 623
f 721 625 624
f 720 721 624
f 722 626 625
f 721 722 625
f 723 627 626
f 722 723 626
f 724 628 627
f 723 724 627
f 725 629 628
f 724 725 628
f 726 630 629
f 725 726 629
f 727 631 630
f 726 727 630
f 728 632 631
f 727 728 631
f 729 633 632
f 728 729 632
f 730 634 633
f 729 730 633
f 731 635 634
f 730 731 634
f 732 636 635
f 731 732 635
f 733 637 636
f 732 733 636
f 734 638 637
f 733 734 637
f 735 639 638
f 734 735 638
f 736 640 639
f 735 736 639
f 737 641 640
f 736 737 640
f 738 642 641
f 737 738 641
f 739 643 642
f 738 739 642
f 740 644 643
f 739 740 643
f 741 645 644
f 740 741 644
f 742 646 645
f 741 742 645
f 743 647 646
f 742 743 646
f 744 648 647
f 743 744 647
f 745 649 648
f 744 745 648
f 746 650 649
f 745 746 649
f 747 651 650
f 746 747 650
f 748 652 651
f 747 748 651
f 749 653 652
f 748 749 652
f 750 654 653
f 749 750 653
f 751 655 654
f 750 751 654
f 752 656 655
f 751 752 655
f 753 657 656
f 752 753 656
f 754 658 657
f 753 754 657
f 755 659 658
f 754 755 658
f 756 660 659
f 755 756 659
f 757 661 660
f 756 757 660
f 758 662 661
f 757 758 661
f 759 663 662
f 758 759 662
f 760 664 663
f 759 760 663
f 761 665 664
f 760 761 664
f 762 666 665
f 761 762 665
f 763 667 666
f 762 763 666
f 764 668 667
f 763 764 667
f 765 669 668
f 764 765 668
f 766 670 669
f 765 766 669
f 767 671 670
f 766 767 670
f 768 672 671
f 767 768 671
f 673 577 672
f 768 673 672
o lens
v 5.00000 4.50000 0.40000
v 4.99465 4.66351 0.40000
v 4.97861 4.82632 0.40000
v 4.95196 4.98773 0.40000
v 4.91481 5.14705 0.40000
v 4.86733 5.30360 0.40000
v 4.80970 5.45671 0.40000
v 4.74218 5.60572 0.40000
v 4.66506 5.75000 0.40000
v 4.57867 5.88893 0.40000
v 4.48338 6.02190 0.40000
v 4.37960 6.14836 0.40000
v 4.26777 6.26777 0.40000
v 4.14836 6.37960 0.40000
v 4.02190 6.48338 0.40000
v 3.88893 6.57867 0.40000
v 3.75000 6.66506 0.40000
v 3.60572 6.74218 0.40000
v 3.45671 6.80970 0.40000
v 3.30360 6.86733 0.40000
v 3.14705 6.91481 0.40000
v 2.98773 6.95196 0.40000
v 2.82632 6.97861 0.40000
v 2.66351 6.99465 0.40000
v -2.50000 7.00000 0.40000
v -2.66351 6.99465 0.40000
v -2.82632 6.97861 0.40000
v -2.98773 6.95196 0.40000
v -3.14705 6.91481 0.40000
v -3.30360 6.86733 0.40000
v -3.45671 6.80970 0.40000
v -3.60572 6.74218 0.40000
v -3.75000 6.66506 0.40000
v -3.88893 6.57867 0.40000
v -4.02190 6.48338 0.40000
v -4.14836 6.37960 0.40000
v -4.26777 6.26777 0.40000
v -4.37960 6.14836 0.40000
v -4.48338 6.02190 0.40000
v -4.57867 5.88893 0.40000
v -4.66506 5.75000 0.40000
v -4.74218 5.60572 0.40000
v -4.80970 5.45671 0.40000
v -4.86733 5.30360 0.40000
v -4.91481 5.14705 0.40000
v -4.95196 4.98773 0.40000
v -4.97861 4.82632 0.40000
v -4.99465 4.66351 0.40000
v -5.00000 -4.50000 0.40000
v -4.99465 -4.66351 0.40000
v -4.97861 -4.82632 0.40000
v -4.95196 -4.98773 0.40000
v -4.91481 -5.14705 0.40000
v -4.86733 -5.30360 0.40000
v -4.80970 -5.45671 0.40000
v -4.74218 -5.60572 0.40000
v -4.66506 -5.75000 0.40000
v -4.57867 -5.88893 0.40000
v -4.48338 -6.02190 0.40000
v -4.37960 -6.14836 0.40000
v -4.26777 -6.26777 0.40000
v -4.14836 -6.37960 0.40000
v -4.02190 -6.48338 0.40000
v -3.88893 -6.57867 0.40000
v -3.75000 -6.66506 0.40000
v -3.60572 -6.74218 0.40000
v -3.45671 -6.80970 0.40000
v -3.30360 -6.86733 0.40000
v -3.14705 -6.91481 0.40000
v -2.98773 -6.95196 0.40000
v -2.82632 -6.97861 0.40000
v -2.66351 -6.99465 0.40000
v 2.50000 -7.00000 0.40000
v 2.66351 -6.99465 0.40000
v 2.82632 -6.97861 0.40000
v 2.98773 -6.95196 0.40000
v 3.14705 -6.91481 0.40000
v 3.30360 -6.86733 0.40000
v 3.45671 -6.80970 0.40000
v 3.60572 -6.74218 0.40000
v 3.75000 -6.66506 0.40000
v 3.88893 -6.57867 0.40000
v 4.02190 -6.48338 0.40000
v 4.14836 -6.37960 0.40000
v 4.26777 -6.26777 0.40000
v 4.37960 -6.14836 0.40000
v 4.48338 -6.02190 0.40000
v 4.57867 -5.88893 0.40000
v 4.66506 -5.75000 0.40000
v 4.74218 -5.60572 0.40000
v 4.80970 -5.45671 0.40000
v 4.86733 -5.30360 0.40000
v 4.91481 -5.14705 0.40000
v 4.95196 -4.98773 0.40000
v 4.97861 -4.82632 0.40000
v 4.99465 -4.66351 0.40000
v 5.00000 4.50000 1.20000
v 4.99465 4.66351 1.20000
v 4.97861 4.82632 1.20000
v 4.95196 4.98773 1.20000
v 4.91481 5.14705 1.20000
v 4.86733 5.30360 1.20000
v 4.80970 5.45671 1.20000
v 4.74218 5.60572 1.20000
v 4.66506 5.75000 1.20000
v 4.57867 5.88893 1.20000
v 4.48338 6.02190 1.20000
v 4.37960 6.14836 1.20000
v 4.26777 6.26777 1.20000
v 4.14836 6.37960 1.20000
v 4.02190 6.48338 1.20000
v 3.88893 6.57867 1.20000
v 3.75000 6.66506 1.20000
v 3.60572 6.74218 1.20000
v 3.45671 6.80970 1.20000
v 3.30360 6.86733 1.20000
v 3.14705 6.91481 1.20000
v 2.98773 6.95196 1.20000
v 2.82632 6.97861 1.20000
v 2.66351 6.99465 1.20000
v -2.50000 7.00000 1.20000
v -2.66351 6.99465 1.20000
v -2.82632 6.97861 1.20000
v -2.98773 6.95196 1.20000
v -3.14705 6.91481 1.20000
v -3.30360 6.86733 1.20000
v -3.45671 6.80970 1.20000
v -3.60572 6.74218 1.20000
v -3.75000 6.66506 1.20000
v -3.88893 6.57867 1.20000
v -4.02190 6.48338 1.20000
v -4.14836 6.37960 1.20000
v -4.26777 6.26777 1.20000
v -4.37960 6.14836 1.20000
v -4.48338 6.02190 1.20000
v -4.57867 5.88893 1.20000
v -4.66506 5.75000 1.20000
v -4.74218 5.60572 1.20000
v -4.80970 5.45671 1.20000
v -4.86733 5.30360 1.20000
v -4.91481 5.14705 1.20000
v -4.95196 4.98773 1.20000
v -4.97861 4.82632 1.20000
v -4.99465 4.66351 1.20000
v -5.00000 -4.50000 1.20000
v -4.99465 -4.66351 1.20000
v -4.97861 -4.82632 1.20000
v -4.95196 -4.98773 1.20000
v -4.91481 -5.14705 1.20000
v -4.86733 -5.30360 1.20000
v -4.80970 -5.45671 1.20000
v -4.74218 -5.60572 1.20000
v -4.66506 -5.75000 1.20000
v -4.57867 -5.88893 1.20000
v -4.48338 -6.02190 1.20000
v -4.37960 -6.14836 1.20000
v -4.26777 -6.26777 1.20000
v -4.14836 -6.37960 1.20000
v -4.02190 -6.48338 1.20000
v -3.88893 -6.57867 1.20000
v -3.75000 -6.66506 1.20000
v -3.60572 -6.74218 1.20000
v -3.45671 -6.80970 1.20000
v -3.30360 -6.86733 1.20000
v -3.14705 -6.91481 1.20000
v -2.98773 -6.95196 1.20000
v -2.82632 -6.97861 1.20000
v -2.66351 -6.99465 1.20000
v 2.50000 -7.00000 1.20000
v 2.66351 -6.99465 1.20000
v 2.82632 -6.97861 1.20000
v 2.98773 -6.95196 1.20000
v 3.14705 -6.91481 1.20000
v 3.30360 -6.86733 1.20000
v 3.45671 -6.80970 1.20000
v 3.60572 -6.74218 1.20000
v 3.75000 -6.66506 1.20000
v 3.88893 -6.57867 1.20000
v 4.02190 -6.48338 1.20000
v 4.14836 -6.37960 1.20000
v 4.26777 -6.26777 1.20000
v 4.37960 -6.14836 1.20000
v 4.48338 -6.02190 1.20000
v 4.57867 -5.88893 1.20000
v 4.66506 -5.75000 1.20000
v 4.74218 -5.60572 1.20000
v 4.80970 -5.45671 1.20000
v 4.86733 -5.30360 1.20000
v 4.91481 -5.14705 1.20000
v 4.95196 -4.98773 1.20000
v 4.97861 -4.82632 1.20000
v 4.99465 -4.66351 1.20000
v -0.00000 -0.00000 0.40000
v -0.00000 -0.00000 1.20000
f 769 770 866
f 769 866 865
f 770 771 867
f 770 867 866
f 771 772 868
f 771 868 867
f 772 773 869
f 772 869 868
f 773 774 870
f 773 870 869
f 774 775 871
f 774 871 870
f 775 776 872
f 775 872 871
f 776 777 873
f 776 873 872
f 777 778 874
f 777 874 873
f 778 779 875
f 778 875 874
f 779 780 876
f 779 876 875
f 780 781 877
f 780 877 876
f 781 782 878
f 781 878 877
f 782 783 879
f 782 879 878
f 783 784 880
f 783 880 879
f 784 785 881
f 784 881 880
f 785 786 882
f 785 882 881
f 786 787 883
f 786 883 882
f 787 788 884
f 787 884 883
f 788 789 885
f 788 885 884
f 789 790 886
f 789 886 885
f 790 791 887
f 790 887 886
f 791 792 888
f 791 888 887
f 792 793 889
f 792 889 888
f 793 794 890
f 793 890 889
f 794 795 891
f 794 891 890
f 795 796 892
f 795 892 891
f 796 797 893
f 796 893 892
f 797 798 894
f 797 894 893
f 798 799 895
f 798 895 894
f 799 800 896
f 799 896 895
f 800 801 897
f 800 897 896
f 801 802 898
f 801 898 897
f 802 803 899
f 802 899 898
f 803 804 900
f 803 900 899
f 804 805 901
f 804 901 900
f 805 806 902
f 805 902 901
f 806 807 903
f 806 903 902
f 807 808 904
f 807 904 903
f 808 809 905
f 808 905 904
f 809 810 906
f 809 906 905
f 810 811 907
f 810 907 906
f 811 812 908
f 811 908 907
f 812 813 909
f 812 909 908
f 813 814 910
f 813 910 909
f 814 815 911
f 814 911 910
f 815 816 912
f 815 912 911
f 816 817 913
f 816 913 912
f 817 818 914
f 817 914 913
f 818 819 915
f 818 915 914
f 819 820 916
f 819 916 915
f 820 821 917
f 820 917 916
f 821 822 918
f 821 918 917
f 822 823 919
f 822 919 918
f 823 824 920
f 823 920 919
f 824 825 921
f 824 921 920
f 825 826 922
f 825 922 921
f 826 827 923
f 826 923 922
f 827 828 924
f 827 924 923
f 828 829 925
f 828 925 924
f 829 830 926
f 829 926 925
f 830 831 927
f 830 927 926
f 831 832 928
f 831 928 927
f 832 833 929
f 832 929 928
f 833 834 930
f 833 930 929
f 834 835 931
f 834 931 930
f 835 836 932
f 835 932 931
f 836 837 933
f 836 933 932
f 837 838 934
f 837 934 933
f 838 839 935
f 838 935 934
f 839 840 936
f 839 936 935
f 840 841 937
f 840 937 936
f 841 842 938
f 841 938 937
f 842 843 939
f 842 939 938
f 843 844 940
f 843 940 939
f 844 845 941
f 844 941 940
f 845 846 942
f 845 942 941
f 846 847 943
f 846 943 942
f 847 848 944
f 847 944 943
f 848 849 945
f 848 945 944
f 849 850 946
f 849 946 945
f 850 851 947
f 850 947 946
f 851 852 948
f 851 948 947
f 852 853 949
f 852 949 948
f 853 854 950
f 853 950 949
f 854 855 951
f 854 951 950
f 855 856 952
f 855 952 951
f 856 857 953
f 856 953 952
f 857 858 954
f 857 954 953
f 858 859 955
f 858 955 954
f 859 860 956
f 859 956 955
f 860 861 957
f 860 957 956
f 861 862 958
f 861 958 957
f 862 863 959
f 862 959 958
f 863 864 960
f 863 960 959
f 864 769 865
f 864 865 960
f 770 769 961
f 771 770 961
f 772 771 961
f 773 772 961
f 774 773 961
f 775 774 961
f 776 775 961
f 777 776 961
f 778 777 961
f 779 778 961
f 780 779 961
f 781 780 961
f 782 781 961
f 783 782 961
f 784 783 961
f 785 784 961
f 786 785 961
f 787 786 961
f 788 787 961
f 789 788 961
f 790 789 961
f 791 790 961
f 792 791 961
f 793 792 961
f 794 793 961
f 795 794 961
f 796 795 961
f 797 796 961
f 798 797 961
f 799 798 961
f 800 799 961
f 801 800 961
f 802 801 961
f 803 802 961
f 804 803 961
f 805 804 961
f 806 805 961
f 807 806 961
f 808 807 961
f 809 808 961
f 810 809 961
f 811 810 961
f 812 811 961
f 813 812 961
f 814 813 961
f 815 814 961
f 816 815 961
f 817 816 961
f 818 817 961
f 819 818 961
f 820 819 961
f 821 820 961
f 822 821 961
f 823 822 961
f 824 823 961
f 825 824 961
f 826 825 961
f 827 826 961
f 828 827 961
f 829 828 961
f 830 829 961
f 831 830 961
f 832 831 961
f 833 832 961
f 834 833 961
f 835 834 961
f 836 835 961
f 837 836 961
f 838 837 961
f 839 838 961
f 840 839 961
f 841 840 961
f 842 841 961
f 843 842 961
f 844 843 961
f 845 844 961
f 846 845 961
f 847 846 961
f 848 847 961
f 849 848 961
f 850 849 961
f 851 850 961
f 852 851 961
f 853 852 961
f 854 853 961
f 855 854 961
f 856 855 961
f 857 856 961
f 858 857 961
f 859 858 961
f 860 859 961
f 861 860 961
f 862 861 961
f 863 862 961
f 864 863 961
f 769 864 961
f 962 865 866
f 962 866 867
f 962 867 868
f 962 868 869
f 962 869 870
f 962 870 871
f 962 871 872
f 962 872 873
f 962 873 874
f 962 874 875
f 962 875 876
f 962 876 877
f 962 877 878
f 962 878 879
f 962 879 880
f 962 880 881
f 962 881 882
f 962 882 883
f 962 883 884
f 962 884 885
f 962 885 886
f 962 886 887
f 962 887 888
f 962 888 889
f 962 889 890
f 962 890 891
f 962 891 892
f 962 892 893
f 962 893 894
f 962 894 895
f 962 895 896
f 962 896 897
f 962 897 898
f 962 898 899
f 962 899 900
f 962 900 901
f 962 901 902
f 962 902 903
f 962 903 904
f 962 904 905
f 962 905 906
f 962 906 907
f 962 907 908
f 962 908 909
f 962 909 910
f 962 910 911
f 962 911 912
f 962 912 913
f 962 913 914
f 962 914 915
f 962 915 916
f 962 916 917
f 962 917 918
f 962 918 919
f 962 919 920
f 962 920 921
f 962 921 922
f 962 922 923
f 962 923 924
f 962 924 925
f 962 925 926
f 962 926 927
f 962 927 928
f 962 928 929
f 962 929 930
f 962 930 931
f 962 931 932
f 962 932 933
f 962 933 934
f 962 934 935
f 962 935 936
f 962 936 937
f 962 937 938
f 962 938 939
f 962 939 940
f 962 940 941
f 962 941 942
f 962 942 943
f 962 943 944
f 962 944 945
f 962 945 946
f 962 946 947
f 962 947 948
f 962 948 949
f 962 949 950
f 962 950 951
f 962 951 952
f 962 952 953
f 962 953 954
f 962 954 955
f 962 955 956
f 962 956 957
f 962 957 958
f 962 958 959
f 962 959 960
f 962 960 865
o sensor
v 5.00000 5.00000 1.30000
v 4.99572 5.13081 1.30000
v 4.98289 5.26105 1.30000
v 4.96157 5.39018 1.30000
v 4.93185 5.51764 1.30000
v 4.89386 5.64288 1.30000
v 4.84776 5.76537 1.30000
v 4.79375 5.88458 1.30000
v 4.73205 6.00000 1.30000
v 4.66294 6.11114 1.30000
v 4.58671 6.21752 1.30000
v 4.50368 6.31869 1.30000
v 4.41421 6.41421 1.30000
v 4.31869 6.50368 1.30000
v 4.21752 6.58671 1.30000
v 4.11114 6.66294 1.30000
v 4.00000 6.73205 1.30000
v 3.88458 6.79375 1.30000
v 3.76537 6.84776 1.30000
v 3.64288 6.89386 1.30000
v 3.51764 6.93185 1.30000
v 3.39018 6.96157 1.30000
v 3.26105 6.98289 1.30000
v 3.13081 6.99572 1.30000
v -3.00000 7.00000 1.30000
v -3.13081 6.99572 1.30000
v -3.26105 6.98289 1.30000
v -3.39018 6.96157 1.30000
v -3.51764 6.93185 1.30000
v -3.64288 6.89386 1.30000
v -3.76537 6.84776 1.30000
v -3.88458 6.79375 1.30000
v -4.00000 6.73205 1.30000
v -4.11114 6.66294 1.30000
v -4.21752 6.58671 1.30000
v -4.31869 6.50368 1.30000
v -4.41421 6.41421 1.30000
v -4.50368 6.31869 1.30000
v -4.58671 6.21752 1.30000
v -4.66294 6.11114 1.30000
v -4.73205 6.00000 1.30000
v -4.79375 5.88458 1.30000
v -4.84776 5.76537 1.30000
v -4.89386 5.64288 1.30000
v -4.93185 5.51764 1.30000
v -4.96157 5.39018 1.30000
v -4.98289 5.26105 1.30000
v -4.99572 5.13081 1.30000
v -5.00000 -5.00000 1.30000
v -4.99572 -5.13081 1.30000
v -4.98289 -5.26105 1.30000
v -4.96157 -5.39018 1.30000
v -4.93185 -5.51764 1.30000
v -4.89386 -5.64288 1.30000
v -4.84776 -5.76537 1.30000
v -4.79375 -5.88458 1.30000
v -4.73205 -6.00000 1.30000
v -4.66294 -6.11114 1.30000
v -4.58671 -6.21752 1.30000
v -4.50368 -6.31869 1.30000
v -4.41421 -6.41421 1.30000
v -4.31869 -6.50368 1.30000
v -4.21752 -6.58671 1.30000
v -4.11114 -6.66294 1.30000
v -4.00000 -6.73205 1.30000
v -3.88458 -6.79375 1.30000
v -3.76537 -6.84776 1.30000
v -3.64288 -6.89386 1.30000
v -3.51764 -6.93185 1.30000
v -3.39018 -6.96157 1.30000
v -3.26105 -6.98289 1.30000
v -3.13081 -6.99572 1.30000
v 3.00000 -7.00000 1.30000
v 3.13081 -6.99572 1.30000
v 3.26105 -6.98289 1.30000
v 3.39018 -6.96157 1.30000
v 3.51764 -6.93185 1.30000
v 3.64288 -6.89386 1.30000
v 3.76537 -6.84776 1.30000
v 3.88458 -6.79375 1.30000
v 4.00000 -6.73205 1.30000
v 4.11114 -6.66294 1.30000
v 4.21752 -6.58671 1.30000
v 4.31869 -6.50368 1.30000
v 4.41421 -6.41421 1.30000
v 4.50368 -6.31869 1.30000
v 4.58671 -6.21752 1.30000
v 4.66294 -6.11114 1.30000
v 4.73205 -6.00000 1.30000
v 4.79375 -5.88458 1.30000
v 4.84776 -5.76537 1.30000
v 4.89386 -5.64288 1.30000
v 4.93185 -5.51764 1.30000
v 4.96157 -5.39018 1.30000
v 4.98289 -5.26105 1.30000
v 4.99572 -5.13081 1.30000
v 5.00000 5.00000 3.10000
v 4.99572 5.13081 3.10000
v 4.98289 5.26105 3.10000
v 4.96157 5.39018 3.10000
v 4.93185 5.51764 3.10000
v 4.89386 5.64288 3.10000
v 4.84776 5.76537 3.10000
v 4.79375 5.88458 3.10000
v 4.73205 6.00000 3.10000
v 4.66294 6.11114 3.10000
v 4.58671 6.21752 3.10000
v 4.50368 6.31869 3.10000
v 4.41421 6.41421 3.10000
v 4.31869 6.50368 3.10000
v 4.21752 6.58671 3.10000
v 4.11114 6.66294 3.10000
v 4.00000 6.73205 3.10000
v 3.88458 6.79375 3.10000
v 3.76537 6.84776 3.10000
v 3.64288 6.89386 3.10000
v 3.51764 6.93185 3.10000
v 3.39018 6.96157 3.10000
v 3.26105 6.98289 3.10000
v 3.13081 6.99572 3.10000
v -3.00000 7.00000 3.10000
v -3.13081 6.99572 3.10000
v -3.26105 6.98289 3.10000
v -3.39018 6.96157 3.10000
v -3.51764 6.93185 3.10000
v -3.64288 6.89386 3.10000
v -3.76537 6.84776 3.10000
v -3.88458 6.79375 3.10000
v -4.00000 6.73205 3.10000
v -4.11114 6.66294 3.10000
v -4.21752 6.58671 3.10000
v -4.31869 6.50368 3.10000
v -4.41421 6.41421 3.10000
v -4.50368 6.31869 3.10000
v -4.58671 6.21752 3.10000
v -4.66294 6.11114 3.10000
v -4.73205 6.00000 3.10000
v -4.79375 5.88458 3.10000
v -4.84776 5.76537 3.10000
v -4.89386 5.64288 3.10000
v -4.93185 5.51764 3.10000
v -4.96157 5.39018 3.10000
v -4.98289 5.26105 3.10000
v -4.99572 5.13081 3.10000
v -5.00000 -5.00000 3.10000
v -4.99572 -5.13081 3.10000
v -4.98289 -5.26105 3.10000
v -4.96157 -5.39018 3.10000
v -4.93185 -5.51764 3.10000
v -4.89386 -5.64288 3.10000
v -4.84776 -5.76537 3.10000
v -4.79375 -5.88458 3.10000
v -4.73205 -6.00000 3.10000
v -4.66294 -6.11114 3.10000
v -4.58671 -6.21752 3.10000
v -4.50368 -6.31869 3.10000
v -4.41421 -6.41421 3.10000
v -4.31869 -6.50368 3.10000
v -4.21752 -6.58671 3.10000
v -4.11114 -6.66294 3.10000
v -4.00000 -6.73205 3.10000
v -3.88458 -6.79375 3.10000
v -3.76537 -6.84776 3.10000
v -3.64288 -6.89386 3.10000
v -3.51764 -6.93185 3.10000
v -3.39018 -6.96157 3.10000
v -3.26105 -6.98289 3.10000
v -3.13081 -6.99572 3.10000
v 3.00000 -7.00000 3.10000
v 3.13081 -6.99572 3.10000
v 3.26105 -6.98289 3.10000
v 3.39018 -6.96157 3.10000
v 3.51764 -6.93185 3.10000
v 3.64288 -6.89386 3.10000
v 3.76537 -6.84776 3.10000
v 3.88458 -6.79375 3.10000
v 4.00000 -6.73205 3.10000
v 4.11114 -6.66294 3.10000
v 4.21752 -6.58671 3.10000
v 4.31869 -6.50368 3.10000
v 4.41421 -6.41421 3.10000
v 4.50368 -6.31869 3.10000
v 4.58671 -6.21752 3.10000
v 4.66294 -6.11114 3.10000
v 4.73205 -6.00000 3.10000
v 4.79375 -5.88458 3.10000
v 4.84776 -5.76537 3.10000
v 4.89386 -5.64288 3.10000
v 4.93185 -5.51764 3.10000
v 4.96157 -5.39018 3.10000
v 4.98289 -5.26105 3.10000
v 4.99572 -5.13081 3.10000
v -0.00000 -0.00000 1.30000
v -0.00000 -0.00000 3.10000
f 963 964 1060
f 963 1060 1059
f 964 965 1061
f 964 1061 1060
f 965 966 1062
f 965 1062 1061
f 966 967 1063
f 966 1063 1062
f 967 968 1064
f 967 1064 1063
f 968 969 1065
f 968 1065 1064
f 969 970 1066
f 969 1066 1065
f 970 971 1067
f 970 1067 1066
f 971 972 1068
f 971 1068 1067
f 972 973 1069
f 972 1069 1068
f 973 974 1070
f 973 1070 1069
f 974 975 1071
f 974 1071 1070
f 975 976 1072
f 975 1072 1071
f 976 977 1073
f 976 1073 1072
f 977 978 1074
f 977 1074 1073
f 978 979 1075
f 978 1075 1074
f 979 980 1076
f 979 1076 1075
f 980 981 1077
f 980 1077 1076
f 981 982 1078
f 981 1078 1077
f 982 983 1079
f 982 1079 1078
f 983 984 1080
f 983 1080 1079
f 984 985 1081
f 984 1081 1080
f 985 986 1082
f 985 1082 1081
f 986 987 1083
f 986 1083 1082
f 987 988 1084
f 987 1084 1083
f 988 989 1085
f 988 1085 1084
f 989 990 1086
f 989 1086 1085
f 990 991 1087
f 990 1087 1086
f 991 992 1088
f 991 1088 1087
f 992 993 1089
f 992 1089 1088
f 993 994 1090
f 993 1090 1089
f 994 995 1091
f 994 1091 1090
f 995 996 1092
f 995 1092 1091
f 996 997 1093
f 996 1093 1092
f 997 998 1094
f 997 1094 1093
f 998 999 1095
f 998 1095 1094
f 999 1000 1096
f 999 1096 1095
f 1000 1001 1097
f 1000 1097 1096
f 1001 1002 1098
f 1001 1098 1097
f 1002 1003 1099
f 1002 1099 1098
f 1003 1004 1100
f 1003 1100 1099
f 1004 1005 1101
f 1004 1101 1100
f 1005 1006 1102
f 1005 1102 1101
f 1006 1007 1103
f 1006 1103 1102
f 1007 1008 1104
f 1007 1104 1103
f 1008 1009 1105
f 1008 1105 1104
f 1009 1010 1106
f 1009 1106 1105
f 1010 1011 1107
f 1010 1107 1106
f 1011 1012 1108
f 1011 1108 1107
f 1012 1013 1109
f 1012 1109 1108
f 1013 1014 1110
f 1013 1110 1109
f 1014 1015 1111
f 1014 1111 1110
f 1015 1016 1112
f 1015 1112 1111
f 1016 1017 1113
f 1016 1113 1112
f 1017 1018 1114
f 1017 1114 1113
f 1018 1019 1115
f 1018 1115 1114
f 1019 1020 1116
f 1019 1116 1115
f 1020 1021 1117
f 1020 1117 1116
f 1021 1022 1118
f 1021 1118 1117
f 1022 1023 1119
f 1022 1119 1118
f 1023 1024 1120
f 1023 1120 1119
f 1024 1025 1121
f 1024 1121 1120
f 1025 1026 1122
f 1025 1122 1121
f 1026 1027 1123
f 1026 1123 1122
f 1027 1028 1124
f 1027 1124 1123
f 1028 1029 1125
f 1028 1125 1124
f 1029 1030 1126
f 1029 1126 1125
f 1030 1031 1127
f 1030 1127 1126
f 1031 1032 1128
f 1031 1128 1127
f 1032 1033 1129
f 1032 1129 1128
f 1033 1034 1130
f 1033 1130 1129
f 1034 1035 1131
f 1034 1131 1130
f 1035 1036 1132
f 1035 1132 1131
f 1036 1037 1133
f 1036 1133 1132
f 1037 1038 1134
f 1037 1134 1133
f 1038 1039 1135
f 1038 1135 1134
f 1039 1040 1136
f 1039 1136 1135
f 1040 1041 1137
f 1040 1137 1136
f 1041 1042 1138
f 1041 1138 1137
f 1042 1043 1139
f 1042 1139 1138
f 1043 1044 1140
f 1043 1140 1139
f 1044 1045 1141
f 1044 1141 1140
f 1045 1046 1142
f 1045 1142 1141
f 1046 1047 1143
f 1046 1143 1142
f 1047 1048 1144
f 1047 1144 1143
f 1048 1049 1145
f 1048 1145 1144
f 1049 1050 1146
f 1049 1146 1145
f 1050 1051 1147
f 1050 1147 1146
f 1051 1052 1148
f 1051 1148 1147
f 1052 1053 1149
f 1052 1149 1148
f 1053 1054 1150
f 1053 1150 1149
f 1054 1055 1151
f 1054 1151 1150
f 1055 1056 1152
f 1055 1152 1151
f 1056 1057 1153
f 1056 1153 1152
f 1057 1058 1154
f 1057 1154 1153
f 1058 963 1059
f 1058 1059 1154
f 964 963 1155
f 965 964 1155
f 966 965 1155
f 967 966 1155
f 968 967 1155
f 969 968 1155
f 970 969 1155
f 971 970 1155
f 972 971 1155
f 973 972 1155
f 974 973 1155
f 975 974 1155
f 976 975 1155
f 977 976 1155
f 978 977 1155
f 979 978 1155
f 980 979 1155
f 981 980 1155
f 982 981 1155
f 983 982 1155
f 984 983 1155
f 985 984 1155
f 986 985 1155
f 987 986 1155
f 988 987 1155
f 989 988 1155
f 990 989 1155
f 991 990 1155
f 992 991 1155
f 993 992 1155
f 994 993 1155
f 995 994 1155
f 996 995 1155
f 997 996 1155
f 998 997 1155
f 999 998 1155
f 1000 999 1155
f 1001 1000 1155
f 1002 1001 1155
f 1003 1002 1155
f 1004 1003 1155
f 1005 1004 1155
f 1006 1005 1155
f 1007 1006 1155
f 1008 1007 1155
f 1009 1008 1155
f 1010 1009 1155
f 1011 1010 1155
f 1012 1011 1155
f 1013 1012 1155
f 1014 1013 1155
f 1015 1014 1155
f 1016 1015 1155
f 1017 1016 1155
f 1018 1017 1155
f 1019 1018 1155
f 1020 1019 1155
f 1021 1020 1155
f 1022 1021 1155
f 1023 1022 1155
f 1024 1023 1155
f 1025 1024 1155
f 1026 1025 1155
f 1027 1026 1155
f 1028 1027 1155
f 1029 1028 1155
f 1030 1029 1155
f 1031 1030 1155
f 1032 1031 1155
f 1033 1032 1155
f 1034 1033 1155
f 1035 1034 1155
f 1036 1035 1155
f 1037 1036 1155
f 1038 1037 1155
f 1039 1038 1155
f 1040 1039 1155
f 1041 1040 1155
f 1042 1041 1155
f 1043 1042 1155
f 1044 1043 1155
f 1045 1044 1155
f 1046 1045 1155
f 1047 1046 1155
f 1048 1047 1155
f 1049 1048 1155
f 1050 1049 1155
f 1051 1050 1155
f 1052 1051 1155
f 1053 1052 1155
f 1054 1053 1155
f 1055 1054 1155
f 1056 1055 1155
f 1057 1056 1155
f 1058 1057 1155
f 963 1058 1155
f 1156 1059 1060
f 1156 1060 1061
f 1156 1061 1062
f 1156 1062 1063
f 1156 1063 1064
f 1156 1064 1065
f 1156 1065 1066
f 1156 1066 1067
f 1156 1067 1068
f 1156 1068 1069
f 1156 1069 1070
f 1156 1070 1071
f 1156 1071 1072
f 1156 1072 1073
f 1156 1073 1074
f 1156 1074 1075
f 1156 1075 1076
f 1156 1076 1077
f 1156 1077 1078
f 1156 1078 1079
f 1156 1079 1080
f 1156 1080 1081
f 1156 1081 1082
f 1156 1082 1083
f 1156 1083 1084
f 1156 1084 1085
f 1156 1085 1086
f 1156 1086 1087
f 1156 1087 1088
f 1156 1088 1089
f 1156 1089 1090
f 1156 1090 1091
f 1156 1091 1092
f 1156 1092 1093
f 1156 1093 1094
f 1156 1094 1095
f 1156 1095 1096
f 1156 1096 1097
f 1156 1097 1098
f 1156 1098 1099
f 1156 1099 1100
f 1156 1100 1101
f 1156 1101 1102
f 1156 1102 1103
f 1156 1103 1104
f 1156 1104 1105
f 1156 1105 1106
f 1156 1106 1107
f 1156 1107 1108
f 1156 1108 1109
f 1156 1109 1110
f 1156 1110 1111
f 1156 1111 1112
f 1156 1112 1113
f 1156 1113 1114
f 1156 1114 1115
f 1156 1115 1116
f 1156 1116 1117
f 1156 1117 1118
f 1156 1118 1119
f 1156 1119 1120
f 1156 1120 1121
f 1156 1121 1122
f 1156 1122 1123
f 1156 1123 1124
f 1156 1124 1125
f 1156 1125 1126
f 1156 1126 1127
f 1156 1127 1128
f 1156 1128 1129
f 1156 1129 1130
f 1156 1130 1131
f 1156 1131 1132
f 1156 1132 1133
f 1156 1133 1134
f 1156 1134 1135
f 1156 1135 1136
f 1156 1136 1137
f 1156 1137 1138
f 1156 1138 1139
f 1156 1139 1140
f 1156 1140 1141
f 1156 1141 1142
f 1156 1142 1143
f 1156 1143 1144
f 1156 1144 1145
f 1156 1145 1146
f 1156 1146 1147
f 1156 1147 1148
f 1156 1148 1149
f 1156 1149 1150
f 1156 1150 1151
f 1156 1151 1152
f 1156 1152 1153
f 1156 1153 1154
f 1156 1154 1059
o pcb
v 11.50000 17.00000 3.40000
v 11.49144 17.26161 3.40000
v 11.46578 17.52210 3.40000
v 11.42314 17.78036 3.40000
v 11.36370 18.03528 3.40000
v 11.28772 18.28576 3.40000
v 11.19552 18.53073 3.40000
v 11.08749 18.76915 3.40000
v 10.96410 19.00000 3.40000
v 10.82588 19.22228 3.40000
v 10.67341 19.43505 3.40000
v 10.50736 19.63738 3.40000
v 10.32843 19.82843 3.40000
v 10.13738 20.00736 3.40000
v 9.93505 20.17341 3.40000
v 9.72228 20.32588 3.40000
v 9.50000 20.46410 3.40000
v 9.26915 20.58749 3.40000
v 9.03073 20.69552 3.40000
v 8.78576 20.78772 3.40000
v 8.53528 20.86370 3.40000
v 8.28036 20.92314 3.40000
v 8.02210 20.96578 3.40000
v 7.76161 20.99144 3.40000
v -7.50000 21.00000 3.40000
v -7.76161 20.99144 3.40000
v -8.02210 20.96578 3.40000
v -8.28036 20.92314 3.40000
v -8.53528 20.86370 3.40000
v -8.78576 20.78772 3.40000
v -9.03073 20.69552 3.40000
v -9.26915 20.58749 3.40000
v -9.50000 20.46410 3.40000
v -9.72228 20.32588 3.40000
v -9.93505 20.17341 3.40000
v -10.13738 20.00736 3.40000
v -10.32843 19.82843 3.40000
v -10.50736 19.63738 3.40000
v -10.67341 19.43505 3.40000
v -10.82588 19.22228 3.40000
v -10.96410 19.00000 3.40000
v -11.08749 18.76915 3.40000
v -11.19552 18.53073 3.40000
v -11.28772 18.28576 3.40000
v -11.36370 18.03528 3.40000
v -11.42314 17.78036 3.40000
v -11.46578 17.52210 3.40000
v -11.49144 17.26161 3.40000
v -11.50000 -17.00000 3.40000
v -11.49144 -17.26161 3.40000
v -11.46578 -17.52210 3.40000
v -11.42314 -17.78036 3.40000
v -11.36370 -18.03528 3.40000
v -11.28772 -18.28576 3.40000
v -11.19552 -18.53073 3.40000
v -11.08749 -18.76915 3.40000
v -10.96410 -19.00000 3.40000
v -10.82588 -19.22228 3.40000
v -10.67341 -19.43505 3.40000
v -10.50736 -19.63738 3.40000
v -10.32843 -19.82843 3.40000
v -10.13738 -20.00736 3.40000
v -9.93505 -20.17341 3.40000
v -9.72228 -20.32588 3.40000
v -9.50000 -20.46410 3.40000
v -9.26915 -20.58749 3.40000
v -9.03073 -20.69552 3.40000
v -8.78576 -20.78772 3.40000
v -8.53528 -20.86370 3.40000
v -8.28036 -20.92314 3.40000
v -8.02210 -20.96578 3.40000
v -7.76161 -20.99144 3.40000
v 7.50000 -21.00000 3.40000
v 7.76161 -20.99144 3.40000
v 8.02210 -20.96578 3.40000
v 8.28036 -20.92314 3.40000
v 8.53528 -20.86370 3.40000
v 8.78576 -20.78772 3.40000
v 9.03073 -20.69552 3.40000
v 9.26915 -20.58749 3.40000
v 9.50000 -20.46410 3.40000
v 9.72228 -20.32588 3.40000
v 9.93505 -20.17341 3.40000
v 10.13738 -20.00736 3.40000
v 10.32843 -19.82843 3.40000
v 10.50736 -19.63738 3.40000
v 10.67341 -19.43505 3.40000
v 10.82588 -19.22228 3.40000
v 10.96410 -19.00000 3.40000
v 11.08749 -18.76915 3.40000
v 11.19552 -18.53073 3.40000
v 11.28772 -18.28576 3.40000
v 11.36370 -18.03528 3.40000
v 11.42314 -17.78036 3.40000
v 11.46578 -17.52210 3.40000
v 11.49144 -17.26161 3.40000
v 11.50000 17.00000 4.20000
v 11.49144 17.26161 4.20000
v 11.46578 17.52210 4.20000
v 11.42314 17.78036 4.20000
v 11.36370 18.03528 4.20000
v 11.28772 18.28576 4.20000
v 11.19552 18.53073 4.20000
v 11.08749 18.76915 4.20000
v 10.96410 19.00000 4.20000
v 10.82588 19.22228 4.20000
v 10.67341 19.43505 4.20000
v 10.50736 19.63738 4.20000
v 10.32843 19.82843 4.20000
v 10.13738 20.00736 4.20000
v 9.93505 20.17341 4.20000
v 9.72228 20.32588 4.20000
v 9.50000 20.46410 4.20000
v 9.26915 20.58749 4.20000
v 9.03073 20.69552 4.20000
v 8.78576 20.78772 4.20000
v 8.53528 20.86370 4.20000
v 8.28036 20.92314 4.20000
v 8.02210 20.96578 4.20000
v 7.76161 20.99144 4.20000
v -7.50000 21.00000 4.20000
v -7.76161 20.99144 4.20000
v -8.02210 20.96578 4.20000
v -8.28036 20.92314 4.20000
v -8.53528 20.86370 4.20000
v -8.78576 20.78772 4.20000
v -9.03073 20.69552 4.20000
v -9.26915 20.58749 4.20000
v -9.50000 20.46410 4.20000
v -9.72228 20.32588 4.20000
v -9.93505 20.17341 4.20000
v -10.13738 20.00736 4.20000
v -10.32843 19.82843 4.20000
v -10.50736 19.63738 4.20000
v -10.67341 19.43505 4.20000
v -10.82588 19.22228 4.20000
v -10.96410 19.00000 4.20000
v -11.08749 18.76915 4.20000
v -11.19552 18.53073 4.20000
v -11.28772 18.28576 4.20000
v -11.36370 18.03528 4.20000
v -11.42314 17.78036 4.20000
v -11.46578 17.52210 4.20000
v -11.49144 17.26161 4.20000
v -11.50000 -17.00000 4.20000
v -11.49144 -17.26161 4.20000
v -11.46578 -17.52210 4.20000
v -11.42314 -17.78036 4.20000
v -11.36370 -18.03528 4.20000
v -11.28772 -18.28576 4.20000
v -11.19552 -18.53073 4.20000
v -11.08749 -18.76915 4.20000
v -10.96410 -19.00000 4.20000
v -10.82588 -19.22228 4.20000
v -10.67341 -19.43505 4.20000
v -10.50736 -19.63738 4.20000
v -10.32843 -19.82843 4.20000
v -10.13738 -20.00736 4.20000
v -9.93505 -20.17341 4.20000
v -9.72228 -20.32588 4.20000
v -9.50000 -20.46410 4.20000
v -9.26915 -20.58749 4.20000
v -9.03073 -20.69552 4.20000
v -8.78576 -20.78772 4.20000
v -8.53528 -20.86370 4.20000
v -8.28036 -20.92314 4.20000
v -8.02210 -20.96578 4.20000
v -7.76161 -20.99144 4.20000
v 7.50000 -21.00000 4.20000
v 7.76161 -20.99144 4.20000
v 8.02210 -20.96578 4.20000
v 8.28036 -20.92314 4.20000
v 8.53528 -20.86370 4.20000
v 8.78576 -20.78772 4.20000
v 9.03073 -20.69552 4.20000
v 9.26915 -20.58749 4.20000
v 9.50000 -20.46410 4.20000
v 9.72228 -20.32588 4.20000
v 9.93505 -20.17341 4.20000
v 10.13738 -20.00736 4.20000
v 10.32843 -19.82843 4.20000
v 10.50736 -19.63738 4.20000
v 10.67341 -19.43505 4.20000
v 10.82588 -19.22228 4.20000
v 10.96410 -19.00000 4.20000
v 11.08749 -18.76915 4.20000
v 11.19552 -18.53073 4.20000
v 11.28772 -18.28576 4.20000
v 11.36370 -18.03528 4.20000
v 11.42314 -17.78036 4.20000
v 11.46578 -17.52210 4.20000
v 11.49144 -17.26161 4.20000
v -0.00000 -0.00000 3.40000
v -0.00000 -0.00000 4.20000
f 1157 1158 1254
f 1157 1254 1253
f 1158 1159 1255
f 1158 1255 1254
f 1159 1160 1256
f 1159 1256 1255
f 1160 1161 1257
f 1160 1257 1256
f 1161 1162 1258
f 1161 1258 1257
f 1162 1163 1259
f 1162 1259 1258
f 1163 1164 1260
f 1163 1260 1259
f 1164 1165 1261
f 1164 1261 1260
f 1165 1166 1262
f 1165 1262 1261
f 1166 1167 1263
f 1166 1263 1262
f 1167 1168 1264
f 1167 1264 1263
f 1168 1169 1265
f 1168 1265 1264
f 1169 1170 1266
f 1169 1266 1265
f 1170 1171 1267
f 1170 1267 1266
f 1171 1172 1268
f 1171 1268 1267
f 1172 1173 1269
f 1172 1269 1268
f 1173 1174 1270
f 1173 1270 1269
f 1174 1175 1271
f 1174 1271 1270
f 1175 1176 1272
f 1175 1272 1271
f 1176 1177 1273
f 1176 1273 1272
f 1177 1178 1274
f 1177 1274 1273
f 1178 1179 1275
f 1178 1275 1274
f 1179 1180 1276
f 1179 1276 1275
f 1180 1181 1277
f 1180 1277 1276
f 1181 1182 1278
f 1181 1278 1277
f 1182 1183 1279
f 1182 1279 1278
f 1183 1184 1280
f 1183 1280 1279
f 1184 1185 1281
f 1184 1281 1280
f 1185 1186 1282
f 1185 1282 1281
f 1186 1187 1283
f 1186 1283 1282
f 1187 1188 1284
f 1187 1284 1283
f 1188 1189 1285
f 1188 1285 1284
f 1189 1190 1286
f 1189 1286 1285
f 1190 1191 1287
f 1190 1287 1286
f 1191 1192 1288
f 1191 1288 1287
f 1192 1193 1289
f 1192 1289 1288
f 1193 1194 1290
f 1193 1290 1289
f 1194 1195 1291
f 1194 1291 1290
f 1195 1196 1292
f 1195 1292 1291
f 1196 1197 1293
f 1196 1293 1292
f 1197 1198 1294
f 1197 1294 1293
f 1198 1199 1295
f 1198 1295 1294
f 1199 1200 1296
f 1199 1296 1295
f 1200 1201 1297
f 1200 1297 1296
f 1201 1202 1298
f 1201 1298 1297
f 1202 1203 1299
f 1202 1299 1298
f 1203 1204 1300
f 1203 1300 1299
f 1204 1205 1301
f 1204 1301 1300
f 1205 1206 1302
f 1205 1302 1301
f 1206 1207 1303
f 1206 1303 1302
f 1207 1208 1304
f 1207 1304 1303
f 1208 1209 1305
f 1208 1305 1304
f 1209 1210 1306
f 1209 1306 1305
f 1210 1211 1307
f 1210 1307 1306
f 1211 1212 1308
f 1211 1308 1307
f 1212 1213 1309
f 1212 1309 1308
f 1213 1214 1310
f 1213 1310 1309
f 1214 1215 1311
f 1214 1311 1310
f 1215 1216 1312
f 1215 1312 1311
f 1216 1217 1313
f 1216 1313 1312
f 1217 1218 1314
f 1217 1314 1313
f 1218 1219 1315
f 1218 1315 1314
f 1219 1220 1316
f 1219 1316 1315
f 1220 1221 1317
f 1220 1317 1316
f 1221 1222 1318
f 1221 1318 1317
f 1222 1223 1319
f 1222 1319 1318
f 1223 1224 1320
f 1223 1320 1319
f 1224 1225 1321
f 1224 1321 1320
f 1225 1226 1322
f 1225 1322 1321
f 1226 1227 1323
f 1226 1323 1322
f 1227 1228 1324
f 1227 1324 1323
f 1228 1229 1325
f 1228 1325 1324
f 1229 1230 1326
f 1229 1326 1325
f 1230 1231 1327
f 1230 1327 1326
f 1231 1232 1328
f 1231 1328 1327
f 1232 1233 1329
f 1232 1329 1328
f 1233 1234 1330
f 1233 1330 1329
f 1234 1235 1331
f 1234 1331 1330
f 1235 1236 1332
f 1235 1332 1331
f 1236 1237 1333
f 1236 1333 1332
f 1237 1238 1334
f 1237 1334 1333
f 1238 1239 1335
f 1238 1335 1334
f 1239 1240 1336
f 1239 1336 1335
f 1240 1241 1337
f 1240 1337 1336
f 1241 1242 1338
f 1241 1338 1337
f 1242 1243 1339
f 1242 1339 1338
f 1243 1244 1340
f 1243 1340 1339
f 1244 1245 1341
f 1244 1341 1340
f 1245 1246 1342
f 1245 1342 1341
f 1246 1247 1343
f 1246 1343 1342
f 1247 1248 1344
f 1247 1344 1343
f 1248 1249 1345
f 1248 1345 1344
f 1249 1250 1346
f 1249 1346 1345
f 1250 1251 1347
f 1250 1347 1346
f 1251 1252 1348
f 1251 1348 1347
f 1252 1157 1253
f 1252 1253 1348
f 1158 1157 1349
f 1159 1158 1349
f 1160 1159 1349
f 1161 1160 1349
f 1162 1161 1349
f 1163 1162 1349
f 1164 1163 1349
f 1165 1164 1349
f 1166 1165 1349
f 1167 1166 1349
f 1168 1167 1349
f 1169 1168 1349
f 1170 1169 1349
f 1171 1170 1349
f 1172 1171 1349
f 1173 1172 1349
f 1174 1173 1349
f 1175 1174 1349
f 1176 1175 1349
f 1177 1176 1349
f 1178 1177 1349
f 1179 1178 1349
f 1180 1179 1349
f 1181 1180 1349
f 1182 1181 1349
f 1183 1182 1349
f 1184 1183 1349
f 1185 1184 1349
f 1186 1185 1349
f 1187 1186 1349
f 1188 1187 1349
f 1189 1188 1349
f 1190 1189 1349
f 1191 1190 1349
f 1192 1191 1349
f 1193 1192 1349
f 1194 1193 1349
f 1195 1194 1349
f 1196 1195 1349
f 1197 1196 1349
f 1198 1197 1349
f 1199 1198 1349
f 1200 1199 1349
f 1201 1200 1349
f 1202 1201 1349
f 1203 1202 1349
f 1204 1203 1349
f 1205 1204 1349
f 1206 1205 1349
f 1207 1206 1349
f 1208 1207 1349
f 1209 1208 1349
f 1210 1209 1349
f 1211 1210 1349
f 1212 1211 1349
f 1213 1212 1349
f 1214 1213 1349
f 1215 1214 1349
f 1216 1215 1349
f 1217 1216 1349
f 1218 1217 1349
f 1219 1218 1349
f 1220 1219 1349
f 1221 1220 1349
f 1222 1221 1349
f 1223 1222 1349
f 1224 1223 1349
f 1225 1224 1349
f 1226 1225 1349
f 1227 1226 1349
f 1228 1227 1349
f 1229 1228 1349
f 1230 1229 1349
f 1231 1230 1349
f 1232 1231 1349
f 1233 1232 1349
f 1234 1233 1349
f 1235 1234 1349
f 1236 1235 1349
f 1237 1236 1349
f 1238 1237 1349
f 1239 1238 1349
f 1240 1239 1349
f 1241 1240 1349
f 1242 1241 1349
f 1243 1242 1349
f 1244 1243 1349
f 1245 1244 1349
f 1246 1245 1349
f 1247 1246 1349
f 1248 1247 1349
f 1249 1248 1349
f 1250 1249 1349
f 1251 1250 1349
f 1252 1251 1349
f 1157 1252 1349
f 1350 1253 1254
f 1350 1254 1255
f 1350 1255 1256
f 1350 1256 1257
f 1350 1257 1258
f 1350 1258 1259
f 1350 1259 1260
f 1350 1260 1261
f 1350 1261 1262
f 1350 1262 1263
f 1350 1263 1264
f 1350 1264 1265
f 1350 1265 1266
f 1350 1266 1267
f 1350 1267 1268
f 1350 1268 1269
f 1350 1269 1270
f 1350 1270 1271
f 1350 1271 1272
f 1350 1272 1273
f 1350 1273 1274
f 1350 1274 1275
f 1350 1275 1276
f 1350 1276 1277
f 1350 1277 1278
f 1350 1278 1279
f 1350 1279 1280
f 1350 1280 1281
f 1350 1281 1282
f 1350 1282 1283
f 1350 1283 1284
f 1350 1284 1285
f 1350 1285 1286
f 1350 1286 1287
f 1350 1287 1288
f 1350 1288 1289
f 1350 1289 1290
f 1350 1290 1291
f 1350 1291 1292
f 1350 1292 1293
f 1350 1293 1294
f 1350 1294 1295
f 1350 1295 1296
f 1350 1296 1297
f 1350 1297 1298
f 1350 1298 1299
f 1350 1299 1300
f 1350 1300 1301
f 1350 1301 1302
f 1350 1302 1303
f 1350 1303 1304
f 1350 1304 1305
f 1350 1305 1306
f 1350 1306 1307
f 1350 1307 1308
f 1350 1308 1309
f 1350 1309 1310
f 1350 1310 1311
f 1350 1311 1312
f 1350 1312 1313
f 1350 1313 1314
f 1350 1314 1315
f 1350 1315 1316
f 1350 1316 1317
f 1350 1317 1318
f 1350 1318 1319
f 1350 1319 1320
f 1350 1320 1321
f 1350 1321 1322
f 1350 1322 1323
f 1350 1323 1324
f 1350 1324 1325
f 1350 1325 1326
f 1350 1326 1327
f 1350 1327 1328
f 1350 1328 1329
f 1350 1329 1330
f 1350 1330 1331
f 1350 1331 1332
f 1350 1332 1333
f 1350 1333 1334
f 1350 1334 1335
f 1350 1335 1336
f 1350 1336 1337
f 1350 1337 1338
f 1350 1338 1339
f 1350 1339 1340
f 1350 1340 1341
f 1350 1341 1342
f 1350 1342 1343
f 1350 1343 1344
f 1350 1344 1345
f 1350 1345 1346
f 1350 1346 1347
f 1350 1347 1348
f 1350 1348 1253
o mcu
v 3.50000 8.20000 4.20000
v 3.49936 8.21962 4.20000
v 3.49743 8.23916 4.20000
v 3.49424 8.25853 4.20000
v 3.48978 8.27765 4.20000
v 3.48408 8.29643 4.20000
v 3.47716 8.31481 4.20000
v 3.46906 8.33269 4.20000
v 3.45981 8.35000 4.20000
v 3.44944 8.36667 4.20000
v 3.43801 8.38263 4.20000
v 3.42555 8.39780 4.20000
v 3.41213 8.41213 4.20000
v 3.39780 8.42555 4.20000
v 3.38263 8.43801 4.20000
v 3.36667 8.44944 4.20000
v 3.35000 8.45981 4.20000
v 3.33269 8.46906 4.20000
v 3.31481 8.47716 4.20000
v 3.29643 8.48408 4.20000
v 3.27765 8.48978 4.20000
v 3.25853 8.49424 4.20000
v 3.23916 8.49743 4.20000
v 3.21962 8.49936 4.20000
v -3.20000 8.50000 4.20000
v -3.21962 8.49936 4.20000
v -3.23916 8.49743 4.20000
v -3.25853 8.49424 4.20000
v -3.27765 8.48978 4.20000
v -3.29643 8.48408 4.20000
v -3.31481 8.47716 4.20000
v -3.33269 8.46906 4.20000
v -3.35000 8.45981 4.20000
v -3.36667 8.44944 4.20000
v -3.38263 8.43801 4.20000
v -3.39780 8.42555 4.20000
v -3.41213 8.41213 4.20000
v -3.42555 8.39780 4.20000
v -3.43801 8.38263 4.20000
v -3.44944 8.36667 4.20000
v -3.45981 8.35000 4.20000
v -3.46906 8.33269 4.20000
v -3.47716 8.31481 4.20000
v -3.48408 8.29643 4.20000
v -3.48978 8.27765 4.20000
v -3.49424 8.25853 4.20000
v -3.49743 8.23916 4.20000
v -3.49936 8.21962 4.20000
v -3.50000 1.80000 4.20000
v -3.49936 1.78038 4.20000
v -3.49743 1.76084 4.20000
v -3.49424 1.74147 4.20000
v -3.48978 1.72235 4.20000
v -3.48408 1.70357 4.20000
v -3.47716 1.68519 4.20000
v -3.46906 1.66731 4.20000
v -3.45981 1.65000 4.20000
v -3.44944 1.63333 4.20000
v -3.43801 1.61737 4.20000
v -3.42555 1.60220 4.20000
v -3.41213 1.58787 4.20000
v -3.39780 1.57445 4.20000
v -3.38263 1.56199 4.20000
v -3.36667 1.55056 4.20000
v -3.35000 1.54019 4.20000
v -3.33269 1.53094 4.20000
v -3.31481 1.52284 4.20000
v -3.29643 1.51592 4.20000
v -3.27765 1.51022 4.20000
v -3.25853 1.50576 4.20000
v -3.23916 1.50257 4.20000
v -3.21962 1.50064 4.20000
v 3.20000 1.50000 4.20000
v 3.21962 1.50064 4.20000
v 3.23916 1.50257 4.20000
v 3.25853 1.50576 4.20000
v 3.27765 1.51022 4.20000
v 3.29643 1.51592 4.20000
v 3.31481 1.52284 4.20000
v 3.33269 1.53094 4.20000
v 3.35000 1.54019 4.20000
v 3.36667 1.55056 4.20000
v 3.38263 1.56199 4.20000
v 3.39780 1.57445 4.20000
v 3.41213 1.58787 4.20000
v 3.42555 1.60220 4.20000
v 3.43801 1.61737 4.20000
v 3.44944 1.63333 4.20000
v 3.45981 1.65000 4.20000
v 3.46906 1.66731 4.20000
v 3.47716 1.68519 4.20000
v 3.48408 1.70357 4.20000
v 3.48978 1.72235 4.20000
v 3.49424 1.74147 4.20000
v 3.49743 1.76084 4.20000
v 3.49936 1.78038 4.20000
v 3.50000 8.20000 5.30000
v 3.49936 8.21962 5.30000
v 3.49743 8.23916 5.30000
v 3.49424 8.25853 5.30000
v 3.48978 8.27765 5.30000
v 3.48408 8.29643 5.30000
v 3.47716 8.31481 5.30000
v 3.46906 8.33269 5.30000
v 3.45981 8.35000 5.30000
v 3.44944 8.36667 5.30000
v 3.43801 8.38263 5.30000
v 3.42555 8.39780 5.30000
v 3.41213 8.41213 5.30000
v 3.39780 8.42555 5.30000
v 3.38263 8.43801 5.30000
v 3.36667 8.44944 5.30000
v 3.35000 8.45981 5.30000
v 3.33269 8.46906 5.30000
v 3.31481 8.47716 5.30000
v 3.29643 8.48408 5.30000
v 3.27765 8.48978 5.30000
v 3.25853 8.49424 5.30000
v 3.23916 8.49743 5.30000
v 3.21962 8.49936 5.30000
v -3.20000 8.50000 5.30000
v -3.21962 8.49936 5.30000
v -3.23916 8.49743 5.30000
v -3.25853 8.49424 5.30000
v -3.27765 8.48978 5.30000
v -3.29643 8.48408 5.30000
v -3.31481 8.47716 5.30000
v -3.33269 8.46906 5.30000
v -3.35000 8.45981 5.30000
v -3.36667 8.44944 5.30000
v -3.38263 8.43801 5.30000
v -3.39780 8.42555 5.30000
v -3.41213 8.41213 5.30000
v -3.42555 8.39780 5.30000
v -3.43801 8.38263 5.30000
v -3.44944 8.36667 5.30000
v -3.45981 8.35000 5.30000
v -3.46906 8.33269 5.30000
v -3.47716 8.31481 5.30000
v -3.48408 8.29643 5.30000
v -3.48978 8.27765 5.30000
v -3.49424 8.25853 5.30000
v -3.49743 8.23916 5.30000
v -3.49936 8.21962 5.30000
v -3.50000 1.80000 5.30000
v -3.49936 1.78038 5.30000
v -3.49743 1.76084 5.30000
v -3.49424 1.74147 5.30000
v -3.48978 1.72235 5.30000
v -3.48408 1.70357 5.30000
v -3.47716 1.68519 5.30000
v -3.46906 1.66731 5.30000
v -3.45981 1.65000 5.30000
v -3.44944 1.63333 5.30000
v -3.43801 1.61737 5.30000
v -3.42555 1.60220 5.30000
v -3.41213 1.58787 5.30000
v -3.39780 1.57445 5.30000
v -3.38263 1.56199 5.30000
v -3.36667 1.55056 5.30000
v -3.35000 1.54019 5.30000
v -3.33269 1.53094 5.30000
v -3.31481 1.52284 5.30000
v -3.29643 1.51592 5.30000
v -3.27765 1.51022 5.30000
v -3.25853 1.50576 5.30000
v -3.23916 1.50257 5.30000
v -3.21962 1.50064 5.30000
v 3.20000 1.50000 5.30000
v 3.21962 1.50064 5.30000
v 3.23916 1.50257 5.30000
v 3.25853 1.50576 5.30000
v 3.27765 1.51022 5.30000
v 3.29643 1.51592 5.30000
v 3.31481 1.52284 5.30000
v 3.33269 1.53094 5.30000
v 3.35000 1.54019 5.30000
v 3.36667 1.55056 5.30000
v 3.38263 1.56199 5.30000
v 3.39780 1.57445 5.30000
v 3.41213 1.58787 5.30000
v 3.42555 1.60220 5.30000
v 3.43801 1.61737 5.30000
v 3.44944 1.63333 5.30000
v 3.45981 1.65000 5.30000
v 3.46906 1.66731 5.30000
v 3.47716 1.68519 5.30000
v 3.48408 1.70357 5.30000
v 3.48978 1.72235 5.30000
v 3.49424 1.74147 5.30000
v 3.49743 1.76084 5.30000
v 3.49936 1.78038 5.30000
v -0.00000 5.00000 4.20000
v -0.00000 5.00000 5.30000
f 1351 1352 1448
f 1351 1448 1447
f 1352 1353 1449
f 1352 1449 1448
f 1353 1354 1450
f 1353 1450 1449
f 1354 1355 1451
f 1354 1451 1450
f 1355 1356 1452
f 1355 1452 1451
f 1356 1357 1453
f 1356 1453 1452
f 1357 1358 1454
f 1357 1454 1453
f 1358 1359 1455
f 1358 1455 1454
f 1359 1360 1456
f 1359 1456 1455
f 1360 1361 1457
f 1360 1457 1456
f 1361 1362 1458
f 1361 1458 1457
f 1362 1363 1459
f 1362 1459 1458
f 1363 1364 1460
f 1363 1460 1459
f 1364 1365 1461
f 1364 1461 1460
f 1365 1366 1462
f 1365 1462 1461
f 1366 1367 1463
f 1366 1463 1462
f 1367 1368 1464
f 1367 1464 1463
f 1368 1369 1465
f 1368 1465 1464
f 1369 1370 1466
f 1369 1466 1465
f 1370 1371 1467
f 1370 1467 1466
f 1371 1372 1468
f 1371 1468 1467
f 1372 1373 1469
f 1372 1469 1468
f 1373 1374 1470
f 1373 1470 1469
f 1374 1375 1471
f 1374 1471 1470
f 1375 1376 1472
f 1375 1472 1471
f 1376 1377 1473
f 1376 1473 1472
f 1377 1378 1474
f 1377 1474 1473
f 1378 1379 1475
f 1378 1475 1474
f 1379 1380 1476
f 1379 1476 1475
f 1380 1381 1477
f 1380 1477 1476
f 1381 1382 1478
f 1381 1478 1477
f 1382 1383 1479
f 1382 1479 1478
f 1383 1384 1480
f 1383 1480 1479
f 1384 1385 1481
f 1384 1481 1480
f 1385 1386 1482
f 1385 1482 1481
f 1386 1387 1483
f 1386 1483 1482
f 1387 1388 1484
f 1387 1484 1483
f 1388 1389 1485
f 1388 1485 1484
f 1389 1390 1486
f 1389 1486 1485
f 1390 1391 1487
f 1390 1487 1486
f 1391 1392 1488
f 1391 1488 1487
f 1392 1393 1489
f 1392 1489 1488
f 1393 1394 1490
f 1393 1490 1489
f 1394 1395 1491
f 1394 1491 1490
f 1395 1396 1492
f 1395 1492 1491
f 1396 1397 1493
f 1396 1493 1492
f 1397 1398 1494
f 1397 1494 1493
f 1398 1399 1495
f 1398 1495 1494
f 1399 1400 1496
f 1399 1496 1495
f 1400 1401 1497
f 1400 1497 1496
f 1401 1402 1498
f 1401 1498 1497
f 1402 1403 1499
f 1402 1499 1498
f 1403 1404 1500
f 1403 1500 1499
f 1404 1405 1501
f 1404 1501 1500
f 1405 1406 1502
f 1405 1502 1501
f 1406 1407 1503
f 1406 1503 1502
f 1407 1408 1504
f 1407 1504 1503
f 1408 1409 1505
f 1408 1505 1504
f 1409 1410 1506
f 1409 1506 1505
f 1410 1411 1507
f 1410 1507 1506
f 1411 1412 1508
f 1411 1508 1507
f 1412 1413 1509
f 1412 1509 1508
f 1413 1414 1510
f 1413 1510 1509
f 1414 1415 1511
f 1414 1511 1510
f 1415 1416 1512
f 1415 1512 1511
f 1416 1417 1513
f 1416 1513 1512
f 1417 1418 1514
f 1417 1514 1513
f 1418 1419 1515
f 1418 1515 1514
f 1419 1420 1516
f 1419 1516 1515
f 1420 1421 1517
f 1420 1517 1516
f 1421 1422 1518
f 1421 1518 1517
f 1422 1423 1519
f 1422 1519 1518
f 1423 1424 1520
f 1423 1520 1519
f 1424 1425 1521
f 1424 1521 1520
f 1425 1426 1522
f 1425 1522 1521
f 1426 1427 1523
f 1426 1523 1522
f 1427 1428 1524
f 1427 1524 1523
f 1428 1429 1525
f 1428 1525 1524
f 1429 1430 1526
f 1429 1526 1525
f 1430 1431 1527
f 1430 1527 1526
f 1431 1432 1528
f 1431 1528 1527
f 1432 1433 1529
f 1432 1529 1528
f 1433 1434 1530
f 1433 1530 1529
f 1434 1435 1531
f 1434 1531 1530
f 1435 1436 1532
f 1435 1532 1531
f 1436 1437 1533
f 1436 1533 1532
f 1437 1438 1534
f 1437 1534 1533
f 1438 1439 1535
f 1438 1535 1534
f 1439 1440 1536
f 1439 1536 1535
f 1440 1441 1537
f 1440 1537 1536
f 1441 1442 1538
f 1441 1538 1537
f 1442 1443 1539
f 1442 1539 1538
f 1443 1444 1540
f 1443 1540 1539
f 1444 1445 1541
f 1444 1541 1540
f 1445 1446 1542
f 1445 1542 1541
f 1446 1351 1447
f 1446 1447 1542
f 1352 1351 1543
f 1353 1352 1543
f 1354 1353 1543
f 1355 1354 1543
f 1356 1355 1543
f 1357 1356 1543
f 1358 1357 1543
f 1359 1358 1543
f 1360 1359 1543
f 1361 1360 1543
f 1362 1361 1543
f 1363 1362 1543
f 1364 1363 1543
f 1365 1364 1543
f 1366 1365 1543
f 1367 1366 1543
f 1368 1367 1543
f 1369 1368 1543
f 1370 1369 1543
f 1371 1370 1543
f 1372 1371 1543
f 1373 1372 1543
f 1374 1373 1543
f 1375 1374 1543
f 1376 1375 1543
f 1377 1376 1543
f 1378 1377 1543
f 1379 1378 1543
f 1380 1379 1543
f 1381 1380 1543
f 1382 1381 1543
f 1383 1382 1543
f 1384 1383 1543
f 1385 1384 1543
f 1386 1385 1543
f 1387 1386 1543
f 1388 1387 1543
f 1389 1388 1543
f 1390 1389 1543
f 1391 1390 1543
f 1392 1391 1543
f 1393 1392 1543
f 1394 1393 1543
f 1395 1394 1543
f 1396 1395 1543
f 1397 1396 1543
f 1398 1397 1543
f 1399 1398 1543
f 1400 1399 1543
f 1401 1400 1543
f 1402 1401 1543
f 1403 1402 1543
f 1404 1403 1543
f 1405 1404 1543
f 1406 1405 1543
f 1407 1406 1543
f 1408 1407 1543
f 1409 1408 1543
f 1410 1409 1543
f 1411 1410 1543
f 1412 1411 1543
f 1413 1412 1543
f 1414 1413 1543
f 1415 1414 1543
f 1416 1415 1543
f 1417 1416 1543
f 1418 1417 1543
f 1419 1418 1543
f 1420 1419 1543
f 1421 1420 1543
f 1422 1421 1543
f 1423 1422 1543
f 1424 1423 1543
f 1425 1424 1543
f 1426 1425 1543
f 1427 1426 1543
f 1428 1427 1543
f 1429 1428 1543
f 1430 1429 1543
f 1431 1430 1543
f 1432 1431 1543
f 1433 1432 1543
f 1434 1433 1543
f 1435 1434 1543
f 1436 1435 1543
f 1437 1436 1543
f 1438 1437 1543
f 1439 1438 1543
f 1440 1439 1543
f 1441 1440 1543
f 1442 1441 1543
f 1443 1442 1543
f 1444 1443 1543
f 1445 1444 1543
f 1446 1445 1543
f 1351 1446 1543
f 1544 1447 1448
f 1544 1448 1449
f 1544 1449 1450
f 1544 1450 1451
f 1544 1451 1452
f 1544 1452 1453
f 1544 1453 1454
f 1544 1454 1455
f 1544 1455 1456
f 1544 1456 1457
f 1544 1457 1458
f 1544 1458 1459
f 1544 1459 1460
f 1544 1460 1461
f 1544 1461 1462
f 1544 1462 1463
f 1544 1463 1464
f 1544 1464 1465
f 1544 1465 1466
f 1544 1466 1467
f 1544 1467 1468
f 1544 1468 1469
f 1544 1469 1470
f 1544 1470 1471
f 1544 1471 1472
f 1544 1472 1473
f 1544 1473 1474
f 1544 1474 1475
f 1544 1475 1476
f 1544 1476 1477
f 1544 1477 1478
f 1544 1478 1479
f 1544 1479 1480
f 1544 1480 1481
f 1544 1481 1482
f 1544 1482 1483
f 1544 1483 1484
f 1544 1484 1485
f 1544 1485 1486
f 1544 1486 1487
f 1544 1487 1488
f 1544 1488 1489
f 1544 1489 1490
f 1544 1490 1491
f 1544 1491 1492
f 1544 1492 1493
f 1544 1493 1494
f 1544 1494 1495
f 1544 1495 1496
f 1544 1496 1497
f 1544 1497 1498
f 1544 1498 1499
f 1544 1499 1500
f 1544 1500 1501
f 1544 1501 1502
f 1544 1502 1503
f 1544 1503 1504
f 1544 1504 1505
f 1544 1505 1506
f 1544 1506 1507
f 1544 1507 1508
f 1544 1508 1509
f 1544 1509 1510
f 1544 1510 1511
f 1544 1511 1512
f 1544 1512 1513
f 1544 1513 1514
f 1544 1514 1515
f 1544 1515 1516
f 1544 1516 1517
f 1544 1517 1518
f 1544 1518 1519
f 1544 1519 1520
f 1544 1520 1521
f 1544 1521 1522
f 1544 1522 1523
f 1544 1523 1524
f 1544 1524 1525
f 1544 1525 1526
f 1544 1526 1527
f 1544 1527 1528
f 1544 1528 1529
f 1544 1529 1530
f 1544 1530 1531
f 1544 1531 1532
f 1544 1532 1533
f 1544 1533 1534
f 1544 1534 1535
f 1544 1535 1536
f 1544 1536 1537
f 1544 1537 1538
f 1544 1538 1539
f 1544 1539 1540
f 1544 1540 1541
f 1544 1541 1542
f 1544 1542 1447
o flash
v -1.00000 -3.40000 4.20000
v -1.00086 -3.37384 4.20000
v -1.00342 -3.34779 4.20000
v -1.00769 -3.32196 4.20000
v -1.01363 -3.29647 4.20000
v -1.02123 -3.27142 4.20000
v -1.03045 -3.24693 4.20000
v -1.04125 -3.22308 4.20000
v -1.05359 -3.20000 4.20000
v -1.06741 -3.17777 4.20000
v -1.08266 -3.15650 4.20000
v -1.09926 -3.13626 4.20000
v -1.11716 -3.11716 4.20000
v -1.13626 -3.09926 4.20000
v -1.15650 -3.08266 4.20000
v -1.17777 -3.06741 4.20000
v -1.20000 -3.05359 4.20000
v -1.22308 -3.04125 4.20000
v -1.24693 -3.03045 4.20000
v -1.27142 -3.02123 4.20000
v -1.29647 -3.01363 4.20000
v -1.32196 -3.00769 4.20000
v -1.34779 -3.00342 4.20000
v -1.37384 -3.00086 4.20000
v -8.60000 -3.00000 4.20000
v -8.62616 -3.00086 4.20000
v -8.65221 -3.00342 4.20000
v -8.67804 -3.00769 4.20000
v -8.70353 -3.01363 4.20000
v -8.72858 -3.02123 4.20000
v -8.75307 -3.03045 4.20000
v -8.77692 -3.04125 4.20000
v -8.80000 -3.05359 4.20000
v -8.82223 -3.06741 4.20000
v -8.84350 -3.08266 4.20000
v -8.86374 -3.09926 4.20000
v -8.88284 -3.11716 4.20000
v -8.90074 -3.13626 4.20000
v -8.91734 -3.15650 4.20000
v -8.93259 -3.17777 4.20000
v -8.94641 -3.20000 4.20000
v -8.95875 -3.22308 4.20000
v -8.96955 -3.24693 4.20000
v -8.97877 -3.27142 4.20000
v -8.98637 -3.29647 4.20000
v -8.99231 -3.32196 4.20000
v -8.99658 -3.34779 4.20000
v -8.99914 -3.37384 4.20000
v -9.00000 -8.60000 4.20000
v -8.99914 -8.62616 4.20000
v -8.99658 -8.65221 4.20000
v -8.99231 -8.67804 4.20000
v -8.98637 -8.70353 4.20000
v -8.97877 -8.72858 4.20000
v -8.96955 -8.75307 4.20000
v -8.95875 -8.77692 4.20000
v -8.94641 -8.80000 4.20000
v -8.93259 -8.82223 4.20000
v -8.91734 -8.84350 4.20000
v -8.90074 -8.86374 4.20000
v -8.88284 -8.88284 4.20000
v -8.86374 -8.90074 4.20000
v -8.84350 -8.91734 4.20000
v -8.82223 -8.93259 4.20000
v -8.80000 -8.94641 4.20000
v -8.77692 -8.95875 4.20000
v -8.75307 -8.96955 4.20000
v -8.72858 -8.97877 4.20000
v -8.70353 -8.98637 4.20000
v -8.67804 -8.99231 4.20000
v -8.65221 -8.99658 4.20000
v -8.62616 -8.99914 4.20000
v -1.40000 -9.00000 4.20000
v -1.37384 -8.99914 4.20000
v -1.34779 -8.99658 4.20000
v -1.32196 -8.99231 4.20000
v -1.29647 -8.98637 4.20000
v -1.27142 -8.97877 4.20000
v -1.24693 -8.96955 4.20000
v -1.22308 -8.95875 4.20000
v -1.20000 -8.94641 4.20000
v -1.17777 -8.93259 4.20000
v -1.15650 -8.91734 4.20000
v -1.13626 -8.90074 4.20000
v -1.11716 -8.88284 4.20000
v -1.09926 -8.86374 4.20000
v -1.08266 -8.84350 4.20000
v -1.06741 -8.82223 4.20000
v -1.05359 -8.80000 4.20000
v -1.04125 -8.77692 4.20000
v -1.03045 -8.75307 4.20000
v -1.02123 -8.72858 4.20000
v -1.01363 -8.70353 4.20000
v -1.00769 -8.67804 4.20000
v -1.00342 -8.65221 4.20000
v -1.00086 -8.62616 4.20000
v -1.00000 -3.40000 5.30000
v -1.00086 -3.37384 5.30000
v -1.00342 -3.34779 5.30000
v -1.00769 -3.32196 5.30000
v -1.01363 -3.29647 5.30000
v -1.02123 -3.27142 5.30000
v -1.03045 -3.24693 5.30000
v -1.04125 -3.22308 5.30000
v -1.05359 -3.20000 5.30000
v -1.06741 -3.17777 5.30000
v -1.08266 -3.15650 5.30000
v -1.09926 -3.13626 5.30000
v -1.11716 -3.11716 5.30000
v -1.13626 -3.09926 5.30000
v -1.15650 -3.08266 5.30000
v -1.17777 -3.06741 5.30000
v -1.20000 -3.05359 5.30000
v -1.22308 -3.04125 5.30000
v -1.24693 -3.03045 5.30000
v -1.27142 -3.02123 5.30000
v -1.29647 -3.01363 5.30000
v -1.32196 -3.00769 5.30000
v -1.34779 -3.00342 5.30000
v -1.37384 -3.00086 5.30000
v -8.60000 -3.00000 5.30000
v -8.62616 -3.00086 5.30000
v -8.65221 -3.00342 5.30000
v -8.67804 -3.00769 5.30000
v -8.70353 -3.01363 5.30000
v -8.72858 -3.02123 5.30000
v -8.75307 -3.03045 5.30000
v -8.77692 -3.04125 5.30000
v -8.80000 -3.05359 5.30000
v -8.82223 -3.06741 5.30000
v -8.84350 -3.08266 5.30000
v -8.86374 -3.09926 5.30000
v -8.88284 -3.11716 5.30000
v -8.90074 -3.13626 5.30000
v -8.91734 -3.15650 5.30000
v -8.93259 -3.17777 5.30000
v -8.94641 -3.20000 5.30000
v -8.95875 -3.22308 5.30000
v -8.96955 -3.24693 5.30000
v -8.97877 -3.27142 5.30000
v -8.98637 -3.29647 5.30000
v -8.99231 -3.32196 5.30000
v -8.99658 -3.34779 5.30000
v -8.99914 -3.37384 5.30000
v -9.00000 -8.60000 5.30000
v -8.99914 -8.62616 5.30000
v -8.99658 -8.65221 5.30000
v -8.99231 -8.67804 5.30000
v -8.98637 -8.70353 5.30000
v -8.97877 -8.72858 5.30000
v -8.96955 -8.75307 5.30000
v -8.95875 -8.77692 5.30000
v -8.94641 -8.80000 5.30000
v -8.93259 -8.82223 5.30000
v -8.91734 -8.84350 5.30000
v -8.90074 -8.86374 5.30000
v -8.88284 -8.88284 5.30000
v -8.86374 -8.90074 5.30000
v -8.84350 -8.91734 5.30000
v -8.82223 -8.93259 5.30000
v -8.80000 -8.94641 5.30000
v -8.77692 -8.95875 5.30000
v -8.75307 -8.96955 5.30000
v -8.72858 -8.97877 5.30000
v -8.70353 -8.98637 5.30000
v -8.67804 -8.99231 5.30000
v -8.65221 -8.99658 5.30000
v -8.62616 -8.99914 5.30000
v -1.40000 -9.00000 5.30000
v -1.37384 -8.99914 5.30000
v -1.34779 -8.99658 5.30000
v -1.32196 -8.99231 5.30000
v -1.29647 -8.98637 5.30000
v -1.27142 -8.97877 5.30000
v -1.24693 -8.96955 5.30000
v -1.22308 -8.95875 5.30000
v -1.20000 -8.94641 5.30000
v -1.17777 -8.93259 5.30000
v -1.15650 -8.91734 5.30000
v -1.13626 -8.90074 5.30000
v -1.11716 -8.88284 5.30000
v -1.09926 -8.86374 5.30000
v -1.08266 -8.84350 5.30000
v -1.06741 -8.82223 5.30000
v -1.05359 -8.80000 5.30000
v -1.04125 -8.77692 5.30000
v -1.03045 -8.75307 5.30000
v -1.02123 -8.72858 5.30000
v -1.01363 -8.70353 5.30000
v -1.00769 -8.67804 5.30000
v -1.00342 -8.65221 5.30000
v -1.00086 -8.62616 5.30000
v -5.00000 -6.00000 4.20000
v -5.00000 -6.00000 5.30000
f 1545 1546 1642
f 1545 1642 1641
f 1546 1547 1643
f 1546 1643 1642
f 1547 1548 1644
f 1547 1644 1643
f 1548 1549 1645
f 1548 1645 1644
f 1549 1550 1646
f 1549 1646 1645
f 1550 1551 1647
f 1550 1647 1646
f 1551 1552 1648
f 1551 1648 1647
f 1552 1553 1649
f 1552 1649 1648
f 1553 1554 1650
f 1553 1650 1649
f 1554 1555 1651
f 1554 1651 1650
f 1555 1556 1652
f 1555 1652 1651
f 1556 1557 1653
f 1556 1653 1652
f 1557 1558 1654
f 1557 1654 1653
f 1558 1559 1655
f 1558 1655 1654
f 1559 1560 1656
f 1559 1656 1655
f 1560 1561 1657
f 1560 1657 1656
f 1561 1562 1658
f 1561 1658 1657
f 1562 1563 1659
f 1562 1659 1658
f 1563 1564 1660
f 1563 1660 1659
f 1564 1565 1661
f 1564 1661 1660
f 1565 1566 1662
f 1565 1662 1661
f 1566 1567 1663
f 1566 1663 1662
f 1567 1568 1664
f 1567 1664 1663
f 1568 1569 1665
f 1568 1665 1664
f 1569 1570 1666
f 1569 1666 1665
f 1570 1571 1667
f 1570 1667 1666
f 1571 1572 1668
f 1571 1668 1667
f 1572 1573 1669
f 1572 1669 1668
f 1573 1574 1670
f 1573 1670 1669
f 1574 1575 1671
f 1574 1671 1670
f 1575 1576 1672
f 1575 1672 1671
f 1576 1577 1673
f 1576 1673 1672
f 1577 1578 1674
f 1577 1674 1673
f 1578 1579 1675
f 1578 1675 1674
f 1579 1580 1676
f 1579 1676 1675
f 1580 1581 1677
f 1580 1677 1676
f 1581 1582 1678
f 1581 1678 1677
f 1582 1583 1679
f 1582 1679 1678
f 1583 1584 1680
f 1583 1680 1679
f 1584 1585 1681
f 1584 1681 1680
f 1585 1586 1682
f 1585 1682 1681
f 1586 1587 1683
f 1586 1683 1682
f 1587 1588 1684
f 1587 1684 1683
f 1588 1589 1685
f 1588 1685 1684
f 1589 1590 1686
f 1589 1686 1685
f 1590 1591 1687
f 1590 1687 1686
f 1591 1592 1688
f 1591 1688 1687
f 1592 1593 1689
f 1592 1689 1688
f 1593 1594 1690
f 1593 1690 1689
f 1594 1595 1691
f 1594 1691 1690
f 1595 1596 1692
f 1595 1692 1691
f 1596 1597 1693
f 1596 1693 1692
f 1597 1598 1694
f 1597 1694 1693
f 1598 1599 1695
f 1598 1695 1694
f 1599 1600 1696
f 1599 1696 1695
f 1600 1601 1697
f 1600 1697 1696
f 1601 1602 1698
f 1601 1698 1697
f 1602 1603 1699
f 1602 1699 1698
f 1603 1604 1700
f 1603 1700 1699
f 1604 1605 1701
f 1604 1701 1700
f 1605 1606 1702
f 1605 1702 1701
f 1606 1607 1703
f 1606 1703 1702
f 1607 1608 1704
f 1607 1704 1703
f 1608 1609 1705
f 1608 1705 1704
f 1609 1610 1706
f 1609 1706 1705
f 1610 1611 1707
f 1610 1707 1706
f 1611 1612 1708
f 1611 1708 1707
f 1612 1613 1709
f 1612 1709 1708
f 1613 1614 1710
f 1613 1710 1709
f 1614 1615 1711
f 1614 1711 1710
f 1615 1616 1712
f 1615 1712 1711
f 1616 1617 1713
f 1616 1713 1712
f 1617 1618 1714
f 1617 1714 1713
f 1618 1619 1715
f 1618 1715 1714
f 1619 1620 1716
f 1619 1716 1715
f 1620 1621 1717
f 1620 1717 1716
f 1621 1622 1718
f 1621 1718 1717
f 1622 1623 1719
f 1622 1719 1718
f 1623 1624 1720
f 1623 1720 1719
f 1624 1625 1721
f 1624 1721 1720
f 1625 1626 1722
f 1625 1722 1721
f 1626 1627 1723
f 1626 1723 1722
f 1627 1628 1724
f 1627 1724 1723
f 1628 1629 1725
f 1628 1725 1724
f 1629 1630 1726
f 1629 1726 1725
f 1630 1631 1727
f 1630 1727 1726
f 1631 1632 1728
f 1631 1728 1727
f 1632 1633 1729
f 1632 1729 1728
f 1633 1634 1730
f 1633 1730 1729
f 1634 1635 1731
f 1634 1731 1730
f 1635 1636 1732
f 1635 1732 1731
f 1636 1637 1733
f 1636 1733 1732
f 1637 1638 1734
f 1637 1734 1733
f 1638 1639 1735
f 1638 1735 1734
f 1639 1640 1736
f 1639 1736 1735
f 1640 1545 1641
f 1640 1641 1736
f 1546 1545 1737
f 1547 1546 1737
f 1548 1547 1737
f 1549 1548 1737
f 1550 1549 1737
f 1551 1550 1737
f 1552 1551 1737
f 1553 1552 1737
f 1554 1553 1737
f 1555 1554 1737
f 1556 1555 1737
f 1557 1556 1737
f 1558 1557 1737
f 1559 1558 1737
f 1560 1559 1737
f 1561 1560 1737
f 1562 1561 1737
f 1563 1562 1737
f 1564 1563 1737
f 1565 1564 1737
f 1566 1565 1737
f 1567 1566 1737
f 1568 1567 1737
f 1569 1568 1737
f 1570 1569 1737
f 1571 1570 1737
f 1572 1571 1737
f 1573 1572 1737
f 1574 1573 1737
f 1575 1574 1737
f 1576 1575 1737
f 1577 1576 1737
f 1578 1577 1737
f 1579 1578 1737
f 1580 1579 1737
f 1581 1580 1737
f 1582 1581 1737
f 1583 1582 1737
f 1584 1583 1737
f 1585 1584 1737
f 1586 1585 1737
f 1587 1586 1737
f 1588 1587 1737
f 1589 1588 1737
f 1590 1589 1737
f 1591 1590 1737
f 1592 1591 1737
f 1593 1592 1737
f 1594 1593 1737
f 1595 1594 1737
f 1596 1595 1737
f 1597 1596 1737
f 1598 1597 1737
f 1599 1598 1737
f 1600 1599 1737
f 1601 1600 1737
f 1602 1601 1737
f 1603 1602 1737
f 1604 1603 1737
f 1605 1604 1737
f 1606 1605 1737
f 1607 1606 1737
f 1608 1607 1737
f 1609 1608 1737
f 1610 1609 1737
f 1611 1610 1737
f 1612 1611 1737
f 1613 1612 1737
f 1614 1613 1737
f 1615 1614 1737
f 1616 1615 1737
f 1617 1616 1737
f 1618 1617 1737
f 1619 1618 1737
f 1620 1619 1737
f 1621 1620 1737
f 1622 1621 1737
f 1623 1622 1737
f 1624 1623 1737
f 1625 1624 1737
f 1626 1625 1737
f 1627 1626 1737
f 1628 1627 1737
f 1629 1628 1737
f 1630 1629 1737
f 1631 1630 1737
f 1632 1631 1737
f 1633 1632 1737
f 1634 1633 1737
f 1635 1634 1737
f 1636 1635 1737
f 1637 1636 1737
f 1638 1637 1737
f 1639 1638 1737
f 1640 1639 1737
f 1545 1640 1737
f 1738 1641 1642
f 1738 1642 1643
f 1738 1643 1644
f 1738 1644 1645
f 1738 1645 1646
f 1738 1646 1647
f 1738 1647 1648
f 1738 1648 1649
f 1738 1649 1650
f 1738 1650 1651
f 1738 1651 1652
f 1738 1652 1653
f 1738 1653 1654
f 1738 1654 1655
f 1738 1655 1656
f 1738 1656 1657
f 1738 1657 1658
f 1738 1658 1659
f 1738 1659 1660
f 1738 1660 1661
f 1738 1661 1662
f 1738 1662 1663
f 1738 1663 1664
f 1738 1664 1665
f 1738 1665 1666
f 1738 1666 1667
f 1738 1667 1668
f 1738 1668 1669
f 1738 1669 1670
f 1738 1670 1671
f 1738 1671 1672
f 1738 1672 1673
f 1738 1673 1674
f 1738 1674 1675
f 1738 1675 1676
f 1738 1676 1677
f 1738 1677 1678
f 1738 1678 1679
f 1738 1679 1680
f 1738 1680 1681
f 1738 1681 1682
f 1738 1682 1683
f 1738 1683 1684
f 1738 1684 1685
f 1738 1685 1686
f 1738 1686 1687
f 1738 1687 1688
f 1738 1688 1689
f 1738 1689 1690
f 1738 1690 1691
f 1738 1691 1692
f 1738 1692 1693
f 1738 1693 1694
f 1738 1694 1695
f 1738 1695 1696
f 1738 1696 1697
f 1738 1697 1698
f 1738 1698 1699
f 1738 1699 1700
f 1738 1700 1701
f 1738 1701 1702
f 1738 1702 1703
f 1738 1703 1704
f 1738 1704 1705
f 1738 1705 1706
f 1738 1706 1707
f 1738 1707 1708
f 1738 1708 1709
f 1738 1709 1710
f 1738 1710 1711
f 1738 1711 1712
f 1738 1712 1713
f 1738 1713 1714
f 1738 1714 1715
f 1738 1715 1716
f 1738 1716 1717
f 1738 1717 1718
f 1738 1718 1719
f 1738 1719 1720
f 1738 1720 1721
f 1738 1721 1722
f 1738 1722 1723
f 1738 1723 1724
f 1738 1724 1725
f 1738 1725 1726
f 1738 1726 1727
f 1738 1727 1728
f 1738 1728 1729
f 1738 1729 1730
f 1738 1730 1731
f 1738 1731 1732
f 1738 1732 1733
f 1738 1733 1734
f 1738 1734 1735
f 1738 1735 1736
f 1738 1736 1641
o pmic
v 8.50000 -7.80000 4.20000
v 8.49936 -7.78038 4.20000
v 8.49743 -7.76084 4.20000
v 8.49424 -7.74147 4.20000
v 8.48978 -7.72235 4.20000
v 8.48408 -7.70357 4.20000
v 8.47716 -7.68519 4.20000
v 8.46906 -7.66731 4.20000
v 8.45981 -7.65000 4.20000
v 8.44944 -7.63333 4.20000
v 8.43801 -7.61737 4.20000
v 8.42555 -7.60220 4.20000
v 8.41213 -7.58787 4.20000
v 8.39780 -7.57445 4.20000
v 8.38263 -7.56199 4.20000
v 8.36667 -7.55056 4.20000
v 8.35000 -7.54019 4.20000
v 8.33269 -7.53094 4.20000
v 8.31481 -7.52284 4.20000
v 8.29643 -7.51592 4.20000
v 8.27765 -7.51022 4.20000
v 8.25853 -7.50576 4.20000
v 8.23916 -7.50257 4.20000
v 8.21962 -7.50064 4.20000
v 3.80000 -7.50000 4.20000
v 3.78038 -7.50064 4.20000
v 3.76084 -7.50257 4.20000
v 3.74147 -7.50576 4.20000
v 3.72235 -7.51022 4.20000
v 3.70357 -7.51592 4.20000
v 3.68519 -7.52284 4.20000
v 3.66731 -7.53094 4.20000
v 3.65000 -7.54019 4.20000
v 3.63333 -7.55056 4.20000
v 3.61737 -7.56199 4.20000
v 3.60220 -7.57445 4.20000
v 3.58787 -7.58787 4.20000
v 3.57445 -7.60220 4.20000
v 3.56199 -7.61737 4.20000
v 3.55056 -7.63333 4.20000
v 3.54019 -7.65000 4.20000
v 3.53094 -7.66731 4.20000
v 3.52284 -7.68519 4.20000
v 3.51592 -7.70357 4.20000
v 3.51022 -7.72235 4.20000
v 3.50576 -7.74147 4.20000
v 3.50257 -7.76084 4.20000
v 3.50064 -7.78038 4.20000
v 3.50000 -12.20000 4.20000
v 3.50064 -12.21962 4.20000
v 3.50257 -12.23916 4.20000
v 3.50576 -12.25853 4.20000
v 3.51022 -12.27765 4.20000
v 3.51592 -12.29643 4.20000
v 3.52284 -12.31481 4.20000
v 3.53094 -12.33269 4.20000
v 3.54019 -12.35000 4.20000
v 3.55056 -12.36667 4.20000
v 3.56199 -12.38263 4.20000
v 3.57445 -12.39780 4.20000
v 3.58787 -12.41213 4.20000
v 3.60220 -12.42555 4.20000
v 3.61737 -12.43801 4.20000
v 3.63333 -12.44944 4.20000
v 3.65000 -12.45981 4.20000
v 3.66731 -12.46906 4.20000
v 3.68519 -12.47716 4.20000
v 3.70357 -12.48408 4.20000
v 3.72235 -12.48978 4.20000
v 3.74147 -12.49424 4.20000
v 3.76084 -12.49743 4.20000
v 3.78038 -12.49936 4.20000
v 8.20000 -12.50000 4.20000
v 8.21962 -12.49936 4.20000
v 8.23916 -12.49743 4.20000
v 8.25853 -12.49424 4.20000
v 8.27765 -12.48978 4.20000
v 8.29643 -12.48408 4.20000
v 8.31481 -12.47716 4.20000
v 8.33269 -12.46906 4.20000
v 8.35000 -12.45981 4.20000
v 8.36667 -12.44944 4.20000
v 8.38263 -12.43801 4.20000
v 8.39780 -12.42555 4.20000
v 8.41213 -12.41213 4.20000
v 8.42555 -12.39780 4.20000
v 8.43801 -12.38263 4.20000
v 8.44944 -12.36667 4.20000
v 8.45981 -12.35000 4.20000
v 8.46906 -12.33269 4.20000
v 8.47716 -12.31481 4.20000
v 8.48408 -12.29643 4.20000
v 8.48978 -12.27765 4.20000
v 8.49424 -12.25853 4.20000
v 8.49743 -12.23916 4.20000
v 8.49936 -12.21962 4.20000
v 8.50000 -7.80000 5.40000
v 8.49936 -7.78038 5.40000
v 8.49743 -7.76084 5.40000
v 8.49424 -7.74147 5.40000
v 8.48978 -7.72235 5.40000
v 8.48408 -7.70357 5.40000
v 8.47716 -7.68519 5.40000
v 8.46906 -7.66731 5.40000
v 8.45981 -7.65000 5.40000
v 8.44944 -7.63333 5.40000
v 8.43801 -7.61737 5.40000
v 8.42555 -7.60220 5.40000
v 8.41213 -7.58787 5.40000
v 8.39780 -7.57445 5.40000
v 8.38263 -7.56199 5.40000
v 8.36667 -7.55056 5.40000
v 8.35000 -7.54019 5.40000
v 8.33269 -7.53094 5.40000
v 8.31481 -7.52284 5.40000
v 8.29643 -7.51592 5.40000
v 8.27765 -7.51022 5.40000
v 8.25853 -7.50576 5.40000
v 8.23916 -7.50257 5.40000
v 8.21962 -7.50064 5.40000
v 3.80000 -7.50000 5.40000
v 3.78038 -7.50064 5.40000
v 3.76084 -7.50257 5.40000
v 3.74147 -7.50576 5.40000
v 3.72235 -7.51022 5.40000
v 3.70357 -7.51592 5.40000
v 3.68519 -7.52284 5.40000
v 3.66731 -7.53094 5.40000
v 3.65000 -7.54019 5.40000
v 3.63333 -7.55056 5.40000
v 3.61737 -7.56199 5.40000
v 3.60220 -7.57445 5.40000
v 3.58787 -7.58787 5.40000
v 3.57445 -7.60220 5.40000
v 3.56199 -7.61737 5.40000
v 3.55056 -7.63333 5.40000
v 3.54019 -7.65000 5.40000
v 3.53094 -7.66731 5.40000
v 3.52284 -7.68519 5.40000
v 3.51592 -7.70357 5.40000
v 3.51022 -7.72235 5.40000
v 3.50576 -7.74147 5.40000
v 3.50257 -7.76084 5.40000
v 3.50064 -7.78038 5.40000
v 3.50000 -12.20000 5.40000
v 3.50064 -12.21962 5.40000
v 3.50257 -12.23916 5.40000
v 3.50576 -12.25853 5.40000
v 3.51022 -12.27765 5.40000
v 3.51592 -12.29643 5.40000
v 3.52284 -12.31481 5.40000
v 3.53094 -12.33269 5.40000
v 3.54019 -12.35000 5.40000
v 3.55056 -12.36667 5.40000
v 3.56199 -12.38263 5.40000
v 3.57445 -12.39780 5.40000
v 3.58787 -12.41213 5.40000
v 3.60220 -12.42555 5.40000
v 3.61737 -12.43801 5.40000
v 3.63333 -12.44944 5.40000
v 3.65000 -12.45981 5.40000
v 3.66731 -12.46906 5.40000
v 3.68519 -12.47716 5.40000
v 3.70357 -12.48408 5.40000
v 3.72235 -12.48978 5.40000
v 3.74147 -12.49424 5.40000
v 3.76084 -12.49743 5.40000
v 3.78038 -12.49936 5.40000
v 8.20000 -12.50000 5.40000
v 8.21962 -12.49936 5.40000
v 8.23916 -12.49743 5.40000
v 8.25853 -12.49424 5.40000
v 8.27765 -12.48978 5.40000
v 8.29643 -12.48408 5.40000
v 8.31481 -12.47716 5.40000
v 8.33269 -12.46906 5.40000
v 8.35000 -12.45981 5.40000
v 8.36667 -12.44944 5.40000
v 8.38263 -12.43801 5.40000
v 8.39780 -12.42555 5.40000
v 8.41213 -12.41213 5.40000
v 8.42555 -12.39780 5.40000
v 8.43801 -12.38263 5.40000
v 8.44944 -12.36667 5.40000
v 8.45981 -12.35000 5.40000
v 8.46906 -12.33269 5.40000
v 8.47716 -12.31481 5.40000
v 8.48408 -12.29643 5.40000
v 8.48978 -12.27765 5.40000
v 8.49424 -12.25853 5.40000
v 8.49743 -12.23916 5.40000
v 8.49936 -12.21962 5.40000
v 6.00000 -10.00000 4.20000
v 6.00000 -10.00000 5.40000
f 1739 1740 1836
f 1739 1836 1835
f 1740 1741 1837
f 1740 1837 1836
f 1741 1742 1838
f 1741 1838 1837
f 1742 1743 1839
f 1742 1839 1838
f 1743 1744 1840
f 1743 1840 1839
f 1744 1745 1841
f 1744 1841 1840
f 1745 1746 1842
f 1745 1842 1841
f 1746 1747 1843
f 1746 1843 1842
f 1747 1748 1844
f 1747 1844 1843
f 1748 1749 1845
f 1748 1845 1844
f 1749 1750 1846
f 1749 1846 1845
f 1750 1751 1847
f 1750 1847 1846
f 1751 1752 1848
f 1751 1848 1847
f 1752 1753 1849
f 1752 1849 1848
f 1753 1754 1850
f 1753 1850 1849
f 1754 1755 1851
f 1754 1851 1850
f 1755 1756 1852
f 1755 1852 1851
f 1756 1757 1853
f 1756 1853 1852
f 1757 1758 1854
f 1757 1854 1853
f 1758 1759 1855
f 1758 1855 1854
f 1759 1760 1856
f 1759 1856 1855
f 1760 1761 1857
f 1760 1857 1856
f 1761 1762 1858
f 1761 1858 1857
f 1762 1763 1859
f 1762 1859 1858
f 1763 1764 1860
f 1763 1860 1859
f 1764 1765 1861
f 1764 1861 1860
f 1765 1766 1862
f 1765 1862 1861
f 1766 1767 1863
f 1766 1863 1862
f 1767 1768 1864
f 1767 1864 1863
f 1768 1769 1865
f 1768 1865 1864
f 1769 1770 1866
f 1769 1866 1865
f 1770 1771 1867
f 1770 1867 1866
f 1771 1772 1868
f 1771 1868 1867
f 1772 1773 1869
f 1772 1869 1868
f 1773 1774 1870
f 1773 1870 1869
f 1774 1775 1871
f 1774 1871 1870
f 1775 1776 1872
f 1775 1872 1871
f 1776 1777 1873
f 1776 1873 1872
f 1777 1778 1874
f 1777 1874 1873
f 1778 1779 1875
f 1778 1875 1874
f 1779 1780 1876
f 1779 1876 1875
f 1780 1781 1877
f 1780 1877 1876
f 1781 1782 1878
f 1781 1878 1877
f 1782 1783 1879
f 1782 1879 1878
f 1783 1784 1880
f 1783 1880 1879
f 1784 1785 1881
f 1784 1881 1880
f 1785 1786 1882
f 1785 1882 1881
f 1786 1787 1883
f 1786 1883 1882
f 1787 1788 1884
f 1787 1884 1883
f 1788 1789 1885
f 1788 1885 1884
f 1789 1790 1886
f 1789 1886 1885
f 1790 1791 1887
f 1790 1887 1886
f 1791 1792 1888
f 1791 1888 1887
f 1792 1793 1889
f 1792 1889 1888
f 1793 1794 1890
f 1793 1890 1889
f 1794 1795 1891
f 1794 1891 1890
f 1795 1796 1892
f 1795 1892 1891
f 1796 1797 1893
f 1796 1893 1892
f 1797 1798 1894
f 1797 1894 1893
f 1798 1799 1895
f 1798 1895 1894
f 1799 1800 1896
f 1799 1896 1895
f 1800 1801 1897
f 1800 1897 1896
f 1801 1802 1898
f 1801 1898 1897
f 1802 1803 1899
f 1802 1899 1898
f 1803 1804 1900
f 1803 1900 1899
f 1804 1805 1901
f 1804 1901 1900
f 1805 1806 1902
f 1805 1902 1901
f 1806 1807 1903
f 1806 1903 1902
f 1807 1808 1904
f 1807 1904 1903
f 1808 1809 1905
f 1808 1905 1904
f 1809 1810 1906
f 1809 1906 1905
f 1810 1811 1907
f 1810 1907 1906
f 1811 1812 1908
f 1811 1908 1907
f 1812 1813 1909
f 1812 1909 1908
f 1813 1814 1910
f 1813 1910 1909
f 1814 1815 1911
f 1814 1911 1910
f 1815 1816 1912
f 1815 1912 1911
f 1816 1817 1913
f 1816 1913 1912
f 1817 1818 1914
f 1817 1914 1913
f 1818 1819 1915
f 1818 1915 1914
f 1819 1820 1916
f 1819 1916 1915
f 1820 1821 1917
f 1820 1917 1916
f 1821 1822 1918
f 1821 1918 1917
f 1822 1823 1919
f 1822 1919 1918
f 1823 1824 1920
f 1823 1920 1919
f 1824 1825 1921
f 1824 1921 1920
f 1825 1826 1922
f 1825 1922 1921
f 1826 1827 1923
f 1826 1923 1922
f 1827 1828 1924
f 1827 1924 1923
f 1828 1829 1925
f 1828 1925 1924
f 1829 1830 1926
f 1829 1926 1925
f 1830 1831 1927
f 1830 1927 1926
f 1831 1832 1928
f 1831 1928 1927
f 1832 1833 1929
f 1832 1929 1928
f 1833 1834 1930
f 1833 1930 1929
f 1834 1739 1835
f 1834 1835 1930
f 1740 1739 1931
f 1741 1740 1931
f 1742 1741 1931
f 1743 1742 1931
f 1744 1743 1931
f 1745 1744 1931
f 1746 1745 1931
f 1747 1746 1931
f 1748 1747 1931
f 1749 1748 1931
f 1750 1749 1931
f 1751 1750 1931
f 1752 1751 1931
f 1753 1752 1931
f 1754 1753 1931
f 1755 1754 1931
f 1756 1755 1931
f 1757 1756 1931
f 1758 1757 1931
f 1759 1758 1931
f 1760 1759 1931
f 1761 1760 1931
f 1762 1761 1931
f 1763 1762 1931
f 1764 1763 1931
f 1765 1764 1931
f 1766 1765 1931
f 1767 1766 1931
f 1768 1767 1931
f 1769 1768 1931
f 1770 1769 1931
f 1771 1770 1931
f 1772 1771 1931
f 1773 1772 1931
f 1774 1773 1931
f 1775 1774 1931
f 1776 1775 1931
f 1777 1776 1931
f 1778 1777 1931
f 1779 1778 1931
f 1780 1779 1931
f 1781 1780 1931
f 1782 1781 1931
f 1783 1782 1931
f 1784 1783 1931
f 1785 1784 1931
f 1786 1785 1931
f 1787 1786 1931
f 1788 1787 1931
f 1789 1788 1931
f 1790 1789 1931
f 1791 1790 1931
f 1792 1791 1931
f 1793 1792 1931
f 1794 1793 1931
f 1795 1794 1931
f 1796 1795 1931
f 1797 1796 1931
f 1798 1797 1931
f 1799 1798 1931
f 1800 1799 1931
f 1801 1800 1931
f 1802 1801 1931
f 1803 1802 1931
f 1804 1803 1931
f 1805 1804 1931
f 1806 1805 1931
f 1807 1806 1931
f 1808 1807 1931
f 1809 1808 1931
f 1810 1809 1931
f 1811 1810 1931
f 1812 1811 1931
f 1813 1812 1931
f 1814 1813 1931
f 1815 1814 1931
f 1816 1815 1931
f 1817 1816 1931
f 1818 1817 1931
f 1819 1818 1931
f 1820 1819 1931
f 1821 1820 1931
f 1822 1821 1931
f 1823 1822 1931
f 1824 1823 1931
f 1825 1824 1931
f 1826 1825 1931
f 1827 1826 1931
f 1828 1827 1931
f 1829 1828 1931
f 1830 1829 1931
f 1831 1830 1931
f 1832 1831 1931
f 1833 1832 1931
f 1834 1833 1931
f 1739 1834 1931
f 1932 1835 1836
f 1932 1836 1837
f 1932 1837 1838
f 1932 1838 1839
f 1932 1839 1840
f 1932 1840 1841
f 1932 1841 1842
f 1932 1842 1843
f 1932 1843 1844
f 1932 1844 1845
f 1932 1845 1846
f 1932 1846 1847
f 1932 1847 1848
f 1932 1848 1849
f 1932 1849 1850
f 1932 1850 1851
f 1932 1851 1852
f 1932 1852 1853
f 1932 1853 1854
f 1932 1854 1855
f 1932 1855 1856
f 1932 1856 1857
f 1932 1857 1858
f 1932 1858 1859
f 1932 1859 1860
f 1932 1860 1861
f 1932 1861 1862
f 1932 1862 1863
f 1932 1863 1864
f 1932 1864 1865
f 1932 1865 1866
f 1932 1866 1867
f 1932 1867 1868
f 1932 1868 1869
f 1932 1869 1870
f 1932 1870 1871
f 1932 1871 1872
f 1932 1872 1873
f 1932 1873 1874
f 1932 1874 1875
f 1932 1875 1876
f 1932 1876 1877
f 1932 1877 1878
f 1932 1878 1879
f 1932 1879 1880
f 1932 1880 1881
f 1932 1881 1882
f 1932 1882 1883
f 1932 1883 1884
f 1932 1884 1885
f 1932 1885 1886
f 1932 1886 1887
f 1932 1887 1888
f 1932 1888 1889
f 1932 1889 1890
f 1932 1890 1891
f 1932 1891 1892
f 1932 1892 1893
f 1932 1893 1894
f 1932 1894 1895
f 1932 1895 1896
f 1932 1896 1897
f 1932 1897 1898
f 1932 1898 1899
f 1932 1899 1900
f 1932 1900 1901
f 1932 1901 1902
f 1932 1902 1903
f 1932 1903 1904
f 1932 1904 1905
f 1932 1905 1906
f 1932 1906 1907
f 1932 1907 1908
f 1932 1908 1909
f 1932 1909 1910
f 1932 1910 1911
f 1932 1911 1912
f 1932 1912 1913
f 1932 1913 1914
f 1932 1914 1915
f 1932 1915 1916
f 1932 1916 1917
f 1932 1917 1918
f 1932 1918 1919
f 1932 1919 1920
f 1932 1920 1921
f 1932 1921 1922
f 1932 1922 1923
f 1932 1923 1924
f 1932 1924 1925
f 1932 1925 1926
f 1932 1926 1927
f 1932 1927 1928
f 1932 1928 1929
f 1932 1929 1930
f 1932 1930 1835
o imu
v 8.50000 6.20000 4.20000
v 8.49936 6.21962 4.20000
v 8.49743 6.23916 4.20000
v 8.49424 6.25853 4.20000
v 8.48978 6.27765 4.20000
v 8.48408 6.29643 4.20000
v 8.47716 6.31481 4.20000
v 8.46906 6.33269 4.20000
v 8.45981 6.35000 4.20000
v 8.44944 6.36667 4.20000
v 8.43801 6.38263 4.20000
v 8.42555 6.39780 4.20000
v 8.41213 6.41213 4.20000
v 8.39780 6.42555 4.20000
v 8.38263 6.43801 4.20000
v 8.36667 6.44944 4.20000
v 8.35000 6.45981 4.20000
v 8.33269 6.46906 4.20000
v 8.31481 6.47716 4.20000
v 8.29643 6.48408 4.20000
v 8.27765 6.48978 4.20000
v 8.25853 6.49424 4.20000
v 8.23916 6.49743 4.20000
v 8.21962 6.49936 4.20000
v 5.80000 6.50000 4.20000
v 5.78038 6.49936 4.20000
v 5.76084 6.49743 4.20000
v 5.74147 6.49424 4.20000
v 5.72235 6.48978 4.20000
v 5.70357 6.48408 4.20000
v 5.68519 6.47716 4.20000
v 5.66731 6.46906 4.20000
v 5.65000 6.45981 4.20000
v 5.63333 6.44944 4.20000
v 5.61737 6.43801 4.20000
v 5.60220 6.42555 4.20000
v 5.58787 6.41213 4.20000
v 5.57445 6.39780 4.20000
v 5.56199 6.38263 4.20000
v 5.55056 6.36667 4.20000
v 5.54019 6.35000 4.20000
v 5.53094 6.33269 4.20000
v 5.52284 6.31481 4.20000
v 5.51592 6.29643 4.20000
v 5.51022 6.27765 4.20000
v 5.50576 6.25853 4.20000
v 5.50257 6.23916 4.20000
v 5.50064 6.21962 4.20000
v 5.50000 3.80000 4.20000
v 5.50064 3.78038 4.20000
v 5.50257 3.76084 4.20000
v 5.50576 3.74147 4.20000
v 5.51022 3.72235 4.20000
v 5.51592 3.70357 4.20000
v 5.52284 3.68519 4.20000
v 5.53094 3.66731 4.20000
v 5.54019 3.65000 4.20000
v 5.55056 3.63333 4.20000
v 5.56199 3.61737 4.20000
v 5.57445 3.60220 4.20000
v 5.58787 3.58787 4.20000
v 5.60220 3.57445 4.20000
v 5.61737 3.56199 4.20000
v 5.63333 3.55056 4.20000
v 5.65000 3.54019 4.20000
v 5.66731 3.53094 4.20000
v 5.68519 3.52284 4.20000
v 5.70357 3.51592 4.20000
v 5.72235 3.51022 4.20000
v 5.74147 3.50576 4.20000
v 5.76084 3.50257 4.20000
v 5.78038 3.50064 4.20000
v 8.20000 3.50000 4.20000
v 8.21962 3.50064 4.20000
v 8.23916 3.50257 4.20000
v 8.25853 3.50576 4.20000
v 8.27765 3.51022 4.20000
v 8.29643 3.51592 4.20000
v 8.31481 3.52284 4.20000
v 8.33269 3.53094 4.20000
v 8.35000 3.54019 4.20000
v 8.36667 3.55056 4.20000
v 8.38263 3.56199 4.20000
v 8.39780 3.57445 4.20000
v 8.41213 3.58787 4.20000
v 8.42555 3.60220 4.20000
v 8.43801 3.61737 4.20000
v 8.44944 3.63333 4.20000
v 8.45981 3.65000 4.20000
v 8.46906 3.66731 4.20000
v 8.47716 3.68519 4.20000
v 8.48408 3.70357 4.20000
v 8.48978 3.72235 4.20000
v 8.49424 3.74147 4.20000
v 8.49743 3.76084 4.20000
v 8.49936 3.78038 4.20000
v 8.50000 6.20000 5.20000
v 8.49936 6.21962 5.20000
v 8.49743 6.23916 5.20000
v 8.49424 6.25853 5.20000
v 8.48978 6.27765 5.20000
v 8.48408 6.29643 5.20000
v 8.47716 6.31481 5.20000
v 8.46906 6.33269 5.20000
v 8.45981 6.35000 5.20000
v 8.44944 6.36667 5.20000
v 8.43801 6.38263 5.20000
v 8.42555 6.39780 5.20000
v 8.41213 6.41213 5.20000
v 8.39780 6.42555 5.20000
v 8.38263 6.43801 5.20000
v 8.36667 6.44944 5.20000
v 8.35000 6.45981 5.20000
v 8.33269 6.46906 5.20000
v 8.31481 6.47716 5.20000
v 8.29643 6.48408 5.20000
v 8.27765 6.48978 5.20000
v 8.25853 6.49424 5.20000
v 8.23916 6.49743 5.20000
v 8.21962 6.49936 5.20000
v 5.80000 6.50000 5.20000
v 5.78038 6.49936 5.20000
v 5.76084 6.49743 5.20000
v 5.74147 6.49424 5.20000
v 5.72235 6.48978 5.20000
v 5.70357 6.48408 5.20000
v 5.68519 6.47716 5.20000
v 5.66731 6.46906 5.20000
v 5.65000 6.45981 5.20000
v 5.63333 6.44944 5.20000
v 5.61737 6.43801 5.20000
v 5.60220 6.42555 5.20000
v 5.58787 6.41213 5.20000
v 5.57445 6.39780 5.20000
v 5.56199 6.38263 5.20000
v 5.55056 6.36667 5.20000
v 5.54019 6.35000 5.20000
v 5.53094 6.33269 5.20000
v 5.52284 6.31481 5.20000
v 5.51592 6.29643 5.20000
v 5.51022 6.27765 5.20000
v 5.50576 6.25853 5.20000
v 5.50257 6.23916 5.20000
v 5.50064 6.21962 5.20000
v 5.50000 3.80000 5.20000
v 5.50064 3.78038 5.20000
v 5.50257 3.76084 5.20000
v 5.50576 3.74147 5.20000
v 5.51022 3.72235 5.20000
v 5.51592 3.70357 5.20000
v 5.52284 3.68519 5.20000
v 5.53094 3.66731 5.20000
v 5.54019 3.65000 5.20000
v 5.55056 3.63333 5.20000
v 5.56199 3.61737 5.20000
v 5.57445 3.60220 5.20000
v 5.58787 3.58787 5.20000
v 5.60220 3.57445 5.20000
v 5.61737 3.56199 5.20000
v 5.63333 3.55056 5.20000
v 5.65000 3.54019 5.20000
v 5.66731 3.53094 5.20000
v 5.68519 3.52284 5.20000
v 5.70357 3.51592 5.20000
v 5.72235 3.51022 5.20000
v 5.74147 3.50576 5.20000
v 5.76084 3.50257 5.20000
v 5.78038 3.50064 5.20000
v 8.20000 3.50000 5.20000
v 8.21962 3.50064 5.20000
v 8.23916 3.50257 5.20000
v 8.25853 3.50576 5.20000
v 8.27765 3.51022 5.20000
v 8.29643 3.51592 5.20000
v 8.31481 3.52284 5.20000
v 8.33269 3.53094 5.20000
v 8.35000 3.54019 5.20000
v 8.36667 3.55056 5.20000
v 8.38263 3.56199 5.20000
v 8.39780 3.57445 5.20000
v 8.41213 3.58787 5.20000
v 8.42555 3.60220 5.20000
v 8.43801 3.61737 5.20000
v 8.44944 3.63333 5.20000
v 8.45981 3.65000 5.20000
v 8.46906 3.66731 5.20000
v 8.47716 3.68519 5.20000
v 8.48408 3.70357 5.20000
v 8.48978 3.72235 5.20000
v 8.49424 3.74147 5.20000
v 8.49743 3.76084 5.20000
v 8.49936 3.78038 5.20000
v 7.00000 5.00000 4.20000
v 7.00000 5.00000 5.20000
f 1933 1934 2030
f 1933 2030 2029
f 1934 1935 2031
f 1934 2031 2030
f 1935 1936 2032
f 1935 2032 2031
f 1936 1937 2033
f 1936 2033 2032
f 1937 1938 2034
f 1937 2034 2033
f 1938 1939 2035
f 1938 2035 2034
f 1939 1940 2036
f 1939 2036 2035
f 1940 1941 2037
f 1940 2037 2036
f 1941 1942 2038
f 1941 2038 2037
f 1942 1943 2039
f 1942 2039 2038
f 1943 1944 2040
f 1943 2040 2039
f 1944 1945 2041
f 1944 2041 2040
f 1945 1946 2042
f 1945 2042 2041
f 1946 1947 2043
f 1946 2043 2042
f 1947 1948 2044
f 1947 2044 2043
f 1948 1949 2045
f 1948 2045 2044
f 1949 1950 2046
f 1949 2046 2045
f 1950 1951 2047
f 1950 2047 2046
f 1951 1952 2048
f 1951 2048 2047
f 1952 1953 2049
f 1952 2049 2048
f 1953 1954 2050
f 1953 2050 2049
f 1954 1955 2051
f 1954 2051 2050
f 1955 1956 2052
f 1955 2052 2051
f 1956 1957 2053
f 1956 2053 2052
f 1957 1958 2054
f 1957 2054 2053
f 1958 1959 2055
f 1958 2055 2054
f 1959 1960 2056
f 1959 2056 2055
f 1960 1961 2057
f 1960 2057 2056
f 1961 1962 2058
f 1961 2058 2057
f 1962 1963 2059
f 1962 2059 2058
f 1963 1964 2060
f 1963 2060 2059
f 1964 1965 2061
f 1964 2061 2060
f 1965 1966 2062
f 1965 2062 2061
f 1966 1967 2063
f 1966 2063 2062
f 1967 1968 2064
f 1967 2064 2063
f 1968 1969 2065
f 1968 2065 2064
f 1969 1970 2066
f 1969 2066 2065
f 1970 1971 2067
f 1970 2067 2066
f 1971 1972 2068
f 1971 2068 2067
f 1972 1973 2069
f 1972 2069 2068
f 1973 1974 2070
f 1973 2070 2069
f 1974 1975 2071
f 1974 2071 2070
f 1975 1976 2072
f 1975 2072 2071
f 1976 1977 2073
f 1976 2073 2072
f 1977 1978 2074
f 1977 2074 2073
f 1978 1979 2075
f 1978 2075 2074
f 1979 1980 2076
f 1979 2076 2075
f 1980 1981 2077
f 1980 2077 2076
f 1981 1982 2078
f 1981 2078 2077
f 1982 1983 2079
f 1982 2079 2078
f 1983 1984 2080
f 1983 2080 2079
f 1984 1985 2081
f 1984 2081 2080
f 1985 1986 2082
f 1985 2082 2081
f 1986 1987 2083
f 1986 2083 2082
f 1987 1988 2084
f 1987 2084 2083
f 1988 1989 2085
f 1988 2085 2084
f 1989 1990 2086
f 1989 2086 2085
f 1990 1991 2087
f 1990 2087 2086
f 1991 1992 2088
f 1991 2088 2087
f 1992 1993 2089
f 1992 2089 2088
f 1993 1994 2090
f 1993 2090 2089
f 1994 1995 2091
f 1994 2091 2090
f 1995 1996 2092
f 1995 2092 2091
f 1996 1997 2093
f 1996 2093 2092
f 1997 1998 2094
f 1997 2094 2093
f 1998 1999 2095
f 1998 2095 2094
f 1999 2000 2096
f 1999 2096 2095
f 2000 2001 2097
f 2000 2097 2096
f 2001 2002 2098
f 2001 2098 2097
f 2002 2003 2099
f 2002 2099 2098
f 2003 2004 2100
f 2003 2100 2099
f 2004 2005 2101
f 2004 2101 2100
f 2005 2006 2102
f 2005 2102 2101
f 2006 2007 2103
f 2006 2103 2102
f 2007 2008 2104
f 2007 2104 2103
f 2008 2009 2105
f 2008 2105 2104
f 2009 2010 2106
f 2009 2106 2105
f 2010 2011 2107
f 2010 2107 2106
f 2011 2012 2108
f 2011 2108 2107
f 2012 2013 2109
f 2012 2109 2108
f 2013 2014 2110
f 2013 2110 2109
f 2014 2015 2111
f 2014 2111 2110
f 2015 2016 2112
f 2015 2112 2111
f 2016 2017 2113
f 2016 2113 2112
f 2017 2018 2114
f 2017 2114 2113
f 2018 2019 2115
f 2018 2115 2114
f 2019 2020 2116
f 2019 2116 2115
f 2020 2021 2117
f 2020 2117 2116
f 2021 2022 2118
f 2021 2118 2117
f 2022 2023 2119
f 2022 2119 2118
f 2023 2024 2120
f 2023 2120 2119
f 2024 2025 2121
f 2024 2121 2120
f 2025 2026 2122
f 2025 2122 2121
f 2026 2027 2123
f 2026 2123 2122
f 2027 2028 2124
f 2027 2124 2123
f 2028 1933 2029
f 2028 2029 2124
f 1934 1933 2125
f 1935 1934 2125
f 1936 1935 2125
f 1937 1936 2125
f 1938 1937 2125
f 1939 1938 2125
f 1940 1939 2125
f 1941 1940 2125
f 1942 1941 2125
f 1943 1942 2125
f 1944 1943 2125
f 1945 1944 2125
f 1946 1945 2125
f 1947 1946 2125
f 1948 1947 2125
f 1949 1948 2125
f 1950 1949 2125
f 1951 1950 2125
f 1952 1951 2125
f 1953 1952 2125
f 1954 1953 2125
f 1955 1954 2125
f 1956 1955 2125
f 1957 1956 2125
f 1958 1957 2125
f 1959 1958 2125
f 1960 1959 2125
f 1961 1960 2125
f 1962 1961 2125
f 1963 1962 2125
f 1964 1963 2125
f 1965 1964 2125
f 1966 1965 2125
f 1967 1966 2125
f 1968 1967 2125
f 1969 1968 2125
f 1970 1969 2125
f 1971 1970 2125
f 1972 1971 2125
f 1973 1972 2125
f 1974 1973 2125
f 1975 1974 2125
f 1976 1975 2125
f 1977 1976 2125
f 1978 1977 2125
f 1979 1978 2125
f 1980 1979 2125
f 1981 1980 2125
f 1982 1981 2125
f 1983 1982 2125
f 1984 1983 2125
f 1985 1984 2125
f 1986 1985 2125
f 1987 1986 2125
f 1988 1987 2125
f 1989 1988 2125
f 1990 1989 2125
f 1991 1990 2125
f 1992 1991 2125
f 1993 1992 2125
f 1994 1993 2125
f 1995 1994 2125
f 1996 1995 2125
f 1997 1996 2125
f 1998 1997 2125
f 1999 1998 2125
f 2000 1999 2125
f 2001 2000 2125
f 2002 2001 2125
f 2003 2002 2125
f 2004 2003 2125
f 2005 2004 2125
f 2006 2005 2125
f 2007 2006 2125
f 2008 2007 2125
f 2009 2008 2125
f 2010 2009 2125
f 2011 2010 2125
f 2012 2011 2125
f 2013 2012 2125
f 2014 2013 2125
f 2015 2014 2125
f 2016 2015 2125
f 2017 2016 2125
f 2018 2017 2125
f 2019 2018 2125
f 2020 2019 2125
f 2021 2020 2125
f 2022 2021 2125
f 2023 2022 2125
f 2024 2023 2125
f 2025 2024 2125
f 2026 2025 2125
f 2027 2026 2125
f 2028 2027 2125
f 1933 2028 2125
f 2126 2029 2030
f 2126 2030 2031
f 2126 2031 2032
f 2126 2032 2033
f 2126 2033 2034
f 2126 2034 2035
f 2126 2035 2036
f 2126 2036 2037
f 2126 2037 2038
f 2126 2038 2039
f 2126 2039 2040
f 2126 2040 2041
f 2126 2041 2042
f 2126 2042 2043
f 2126 2043 2044
f 2126 2044 2045
f 2126 2045 2046
f 2126 2046 2047
f 2126 2047 2048
f 2126 2048 2049
f 2126 2049 2050
f 2126 2050 2051
f 2126 2051 2052
f 2126 2052 2053
f 2126 2053 2054
f 2126 2054 2055
f 2126 2055 2056
f 2126 2056 2057
f 2126 2057 2058
f 2126 2058 2059
f 2126 2059 2060
f 2126 2060 2061
f 2126 2061 2062
f 2126 2062 2063
f 2126 2063 2064
f 2126 2064 2065
f 2126 2065 2066
f 2126 2066 2067
f 2126 2067 2068
f 2126 2068 2069
f 2126 2069 2070
f 2126 2070 2071
f 2126 2071 2072
f 2126 2072 2073
f 2126 2073 2074
f 2126 2074 2075
f 2126 2075 2076
f 2126 2076 2077
f 2126 2077 2078
f 2126 2078 2079
f 2126 2079 2080
f 2126 2080 2081
f 2126 2081 2082
f 2126 2082 2083
f 2126 2083 2084
f 2126 2084 2085
f 2126 2085 2086
f 2126 2086 2087
f 2126 2087 2088
f 2126 2088 2089
f 2126 2089 2090
f 2126 2090 2091
f 2126 2091 2092
f 2126 2092 2093
f 2126 2093 2094
f 2126 2094 2095
f 2126 2095 2096
f 2126 2096 2097
f 2126 2097 2098
f 2126 2098 2099
f 2126 2099 2100
f 2126 2100 2101
f 2126 2101 2102
f 2126 2102 2103
f 2126 2103 2104
f 2126 2104 2105
f 2126 2105 2106
f 2126 2106 2107
f 2126 2107 2108
f 2126 2108 2109
f 2126 2109 2110
f 2126 2110 2111
f 2126 2111 2112
f 2126 2112 2113
f 2126 2113 2114
f 2126 2114 2115
f 2126 2115 2116
f 2126 2116 2117
f 2126 2117 2118
f 2126 2118 2119
f 2126 2119 2120
f 2126 2120 2121
f 2126 2121 2122
f 2126 2122 2123
f 2126 2123 2124
f 2126 2124 2029
o temp
v 9.50000 -10.80000 1.40000
v 9.49936 -10.78038 1.40000
v 9.49743 -10.76084 1.40000
v 9.49424 -10.74147 1.40000
v 9.48978 -10.72235 1.40000
v 9.48408 -10.70357 1.40000
v 9.47716 -10.68519 1.40000
v 9.46906 -10.66731 1.40000
v 9.45981 -10.65000 1.40000
v 9.44944 -10.63333 1.40000
v 9.43801 -10.61737 1.40000
v 9.42555 -10.60220 1.40000
v 9.41213 -10.58787 1.40000
v 9.39780 -10.57445 1.40000
v 9.38263 -10.56199 1.40000
v 9.36667 -10.55056 1.40000
v 9.35000 -10.54019 1.40000
v 9.33269 -10.53094 1.40000
v 9.31481 -10.52284 1.40000
v 9.29643 -10.51592 1.40000
v 9.27765 -10.51022 1.40000
v 9.25853 -10.50576 1.40000
v 9.23916 -10.50257 1.40000
v 9.21962 -10.50064 1.40000
v 6.80000 -10.50000 1.40000
v 6.78038 -10.50064 1.40000
v 6.76084 -10.50257 1.40000
v 6.74147 -10.50576 1.40000
v 6.72235 -10.51022 1.40000
v 6.70357 -10.51592 1.40000
v 6.68519 -10.52284 1.40000
v 6.66731 -10.53094 1.40000
v 6.65000 -10.54019 1.40000
v 6.63333 -10.55056 1.40000
v 6.61737 -10.56199 1.40000
v 6.60220 -10.57445 1.40000
v 6.58787 -10.58787 1.40000
v 6.57445 -10.60220 1.40000
v 6.56199 -10.61737 1.40000
v 6.55056 -10.63333 1.40000
v 6.54019 -10.65000 1.40000
v 6.53094 -10.66731 1.40000
v 6.52284 -10.68519 1.40000
v 6.51592 -10.70357 1.40000
v 6.51022 -10.72235 1.40000
v 6.50576 -10.74147 1.40000
v 6.50257 -10.76084 1.40000
v 6.50064 -10.78038 1.40000
v 6.50000 -13.20000 1.40000
v 6.50064 -13.21962 1.40000
v 6.50257 -13.23916 1.40000
v 6.50576 -13.25853 1.40000
v 6.51022 -13.27765 1.40000
v 6.51592 -13.29643 1.40000
v 6.52284 -13.31481 1.40000
v 6.53094 -13.33269 1.40000
v 6.54019 -13.35000 1.40000
v 6.55056 -13.36667 1.40000
v 6.56199 -13.38263 1.40000
v 6.57445 -13.39780 1.40000
v 6.58787 -13.41213 1.40000
v 6.60220 -13.42555 1.40000
v 6.61737 -13.43801 1.40000
v 6.63333 -13.44944 1.40000
v 6.65000 -13.45981 1.40000
v 6.66731 -13.46906 1.40000
v 6.68519 -13.47716 1.40000
v 6.70357 -13.48408 1.40000
v 6.72235 -13.48978 1.40000
v 6.74147 -13.49424 1.40000
v 6.76084 -13.49743 1.40000
v 6.78038 -13.49936 1.40000
v 9.20000 -13.50000 1.40000
v 9.21962 -13.49936 1.40000
v 9.23916 -13.49743 1.40000
v 9.25853 -13.49424 1.40000
v 9.27765 -13.48978 1.40000
v 9.29643 -13.48408 1.40000
v 9.31481 -13.47716 1.40000
v 9.33269 -13.46906 1.40000
v 9.35000 -13.45981 1.40000
v 9.36667 -13.44944 1.40000
v 9.38263 -13.43801 1.40000
v 9.39780 -13.42555 1.40000
v 9.41213 -13.41213 1.40000
v 9.42555 -13.39780 1.40000
v 9.43801 -13.38263 1.40000
v 9.44944 -13.36667 1.40000
v 9.45981 -13.35000 1.40000
v 9.46906 -13.33269 1.40000
v 9.47716 -13.31481 1.40000
v 9.48408 -13.29643 1.40000
v 9.48978 -13.27765 1.40000
v 9.49424 -13.25853 1.40000
v 9.49743 -13.23916 1.40000
v 9.49936 -13.21962 1.40000
v 9.50000 -10.80000 2.20000
v 9.49936 -10.78038 2.20000
v 9.49743 -10.76084 2.20000
v 9.49424 -10.74147 2.20000
v 9.48978 -10.72235 2.20000
v 9.48408 -10.70357 2.20000
v 9.47716 -10.68519 2.20000
v 9.46906 -10.66731 2.20000
v 9.45981 -10.65000 2.20000
v 9.44944 -10.63333 2.20000
v 9.43801 -10.61737 2.20000
v 9.42555 -10.60220 2.20000
v 9.41213 -10.58787 2.20000
v 9.39780 -10.57445 2.20000
v 9.38263 -10.56199 2.20000
v 9.36667 -10.55056 2.20000
v 9.35000 -10.54019 2.20000
v 9.33269 -10.53094 2.20000
v 9.31481 -10.52284 2.20000
v 9.29643 -10.51592 2.20000
v 9.27765 -10.51022 2.20000
v 9.25853 -10.50576 2.20000
v 9.23916 -10.50257 2.20000
v 9.21962 -10.50064 2.20000
v 6.80000 -10.50000 2.20000
v 6.78038 -10.50064 2.20000
v 6.76084 -10.50257 2.20000
v 6.74147 -10.50576 2.20000
v 6.72235 -10.51022 2.20000
v 6.70357 -10.51592 2.20000
v 6.68519 -10.52284 2.20000
v 6.66731 -10.53094 2.20000
v 6.65000 -10.54019 2.20000
v 6.63333 -10.55056 2.20000
v 6.61737 -10.56199 2.20000
v 6.60220 -10.57445 2.20000
v 6.58787 -10.58787 2.20000
v 6.57445 -10.60220 2.20000
v 6.56199 -10.61737 2.20000
v 6.55056 -10.63333 2.20000
v 6.54019 -10.65000 2.20000
v 6.53094 -10.66731 2.20000
v 6.52284 -10.68519 2.20000
v 6.51592 -10.70357 2.20000
v 6.51022 -10.72235 2.20000
v 6.50576 -10.74147 2.20000
v 6.50257 -10.76084 2.20000
v 6.50064 -10.78038 2.20000
v 6.50000 -13.20000 2.20000
v 6.50064 -13.21962 2.20000
v 6.50257 -13.23916 2.20000
v 6.50576 -13.25853 2.20000
v 6.51022 -13.27765 2.20000
v 6.51592 -13.29643 2.20000
v 6.52284 -13.31481 2.20000
v 6.53094 -13.33269 2.20000
v 6.54019 -13.35000 2.20000
v 6.55056 -13.36667 2.20000
v 6.56199 -13.38263 2.20000
v 6.57445 -13.39780 2.20000
v 6.58787 -13.41213 2.20000
v 6.60220 -13.42555 2.20000
v 6.61737 -13.43801 2.20000
v 6.63333 -13.44944 2.20000
v 6.65000 -13.45981 2.20000
v 6.66731 -13.46906 2.20000
v 6.68519 -13.47716 2.20000
v 6.70357 -13.48408 2.20000
v 6.72235 -13.48978 2.20000
v 6.74147 -13.49424 2.20000
v 6.76084 -13.49743 2.20000
v 6.78038 -13.49936 2.20000
v 9.20000 -13.50000 2.20000
v 9.21962 -13.49936 2.20000
v 9.23916 -13.49743 2.20000
v 9.25853 -13.49424 2.20000
v 9.27765 -13.48978 2.20000
v 9.29643 -13.48408 2.20000
v 9.31481 -13.47716 2.20000
v 9.33269 -13.46906 2.20000
v 9.35000 -13.45981 2.20000
v 9.36667 -13.44944 2.20000
v 9.38263 -13.43801 2.20000
v 9.39780 -13.42555 2.20000
v 9.41213 -13.41213 2.20000
v 9.42555 -13.39780 2.20000
v 9.43801 -13.38263 2.20000
v 9.44944 -13.36667 2.20000
v 9.45981 -13.35000 2.20000
v 9.46906 -13.33269 2.20000
v 9.47716 -13.31481 2.20000
v 9.48408 -13.29643 2.20000
v 9.48978 -13.27765 2.20000
v 9.49424 -13.25853 2.20000
v 9.49743 -13.23916 2.20000
v 9.49936 -13.21962 2.20000
v 8.00000 -12.00000 1.40000
v 8.00000 -12.00000 2.20000
f 2127 2128 2224
f 2127 2224 2223
f 2128 2129 2225
f 2128 2225 2224
f 2129 2130 2226
f 2129 2226 2225
f 2130 2131 2227
f 2130 2227 2226
f 2131 2132 2228
f 2131 2228 2227
f 2132 2133 2229
f 2132 2229 2228
f 2133 2134 2230
f 2133 2230 2229
f 2134 2135 2231
f 2134 2231 2230
f 2135 2136 2232
f 2135 2232 2231
f 2136 2137 2233
f 2136 2233 2232
f 2137 2138 2234
f 2137 2234 2233
f 2138 2139 2235
f 2138 2235 2234
f 2139 2140 2236
f 2139 2236 2235
f 2140 2141 2237
f 2140 2237 2236
f 2141 2142 2238
f 2141 2238 2237
f 2142 2143 2239
f 2142 2239 2238
f 2143 2144 2240
f 2143 2240 2239
f 2144 2145 2241
f 2144 2241 2240
f 2145 2146 2242
f 2145 2242 2241
f 2146 2147 2243
f 2146 2243 2242
f 2147 2148 2244
f 2147 2244 2243
f 2148 2149 2245
f 2148 2245 2244
f 2149 2150 2246
f 2149 2246 2245
f 2150 2151 2247
f 2150 2247 2246
f 2151 2152 2248
f 2151 2248 2247
f 2152 2153 2249
f 2152 2249 2248
f 2153 2154 2250
f 2153 2250 2249
f 2154 2155 2251
f 2154 2251 2250
f 2155 2156 2252
f 2155 2252 2251
f 2156 2157 2253
f 2156 2253 2252
f 2157 2158 2254
f 2157 2254 2253
f 2158 2159 2255
f 2158 2255 2254
f 2159 2160 2256
f 2159 2256 2255
f 2160 2161 2257
f 2160 2257 2256
f 2161 2162 2258
f 2161 2258 2257
f 2162 2163 2259
f 2162 2259 2258
f 2163 2164 2260
f 2163 2260 2259
f 2164 2165 2261
f 2164 2261 2260
f 2165 2166 2262
f 2165 2262 2261
f 2166 2167 2263
f 2166 2263 2262
f 2167 2168 2264
f 2167 2264 2263
f 2168 2169 2265
f 2168 2265 2264
f 2169 2170 2266
f 2169 2266 2265
f 2170 2171 2267
f 2170 2267 2266
f 2171 2172 2268
f 2171 2268 2267
f 2172 2173 2269
f 2172 2269 2268
f 2173 2174 2270
f 2173 2270 2269
f 2174 2175 2271
f 2174 2271 2270
f 2175 2176 2272
f 2175 2272 2271
f 2176 2177 2273
f 2176 2273 2272
f 2177 2178 2274
f 2177 2274 2273
f 2178 2179 2275
f 2178 2275 2274
f 2179 2180 2276
f 2179 2276 2275
f 2180 2181 2277
f 2180 2277 2276
f 2181 2182 2278
f 2181 2278 2277
f 2182 2183 2279
f 2182 2279 2278
f 2183 2184 2280
f 2183 2280 2279
f 2184 2185 2281
f 2184 2281 2280
f 2185 2186 2282
f 2185 2282 2281
f 2186 2187 2283
f 2186 2283 2282
f 2187 2188 2284
f 2187 2284 2283
f 2188 2189 2285
f 2188 2285 2284
f 2189 2190 2286
f 2189 2286 2285
f 2190 2191 2287
f 2190 2287 2286
f 2191 2192 2288
f 2191 2288 2287
f 2192 2193 2289
f 2192 2289 2288
f 2193 2194 2290
f 2193 2290 2289
f 2194 2195 2291
f 2194 2291 2290
f 2195 2196 2292
f 2195 2292 2291
f 2196 2197 2293
f 2196 2293 2292
f 2197 2198 2294
f 2197 2294 2293
f 2198 2199 2295
f 2198 2295 2294
f 2199 2200 2296
f 2199 2296 2295
f 2200 2201 2297
f 2200 2297 2296
f 2201 2202 2298
f 2201 2298 2297
f 2202 2203 2299
f 2202 2299 2298
f 2203 2204 2300
f 2203 2300 2299
f 2204 2205 2301
f 2204 2301 2300
f 2205 2206 2302
f 2205 2302 2301
f 2206 2207 2303
f 2206 2303 2302
f 2207 2208 2304
f 2207 2304 2303
f 2208 2209 2305
f 2208 2305 2304
f 2209 2210 2306
f 2209 2306 2305
f 2210 2211 2307
f 2210 2307 2306
f 2211 2212 2308
f 2211 2308 2307
f 2212 2213 2309
f 2212 2309 2308
f 2213 2214 2310
f 2213 2310 2309
f 2214 2215 2311
f 2214 2311 2310
f 2215 2216 2312
f 2215 2312 2311
f 2216 2217 2313
f 2216 2313 2312
f 2217 2218 2314
f 2217 2314 2313
f 2218 2219 2315
f 2218 2315 2314
f 2219 2220 2316
f 2219 2316 2315
f 2220 2221 2317
f 2220 2317 2316
f 2221 2222 2318
f 2221 2318 2317
f 2222 2127 2223
f 2222 2223 2318
f 2128 2127 2319
f 2129 2128 2319
f 2130 2129 2319
f 2131 2130 2319
f 2132 2131 2319
f 2133 2132 2319
f 2134 2133 2319
f 2135 2134 2319
f 2136 2135 2319
f 2137 2136 2319
f 2138 2137 2319
f 2139 2138 2319
f 2140 2139 2319
f 2141 2140 2319
f 2142 2141 2319
f 2143 2142 2319
f 2144 2143 2319
f 2145 2144 2319
f 2146 2145 2319
f 2147 2146 2319
f 2148 2147 2319
f 2149 2148 2319
f 2150 2149 2319
f 2151 2150 2319
f 2152 2151 2319
f 2153 2152 2319
f 2154 2153 2319
f 2155 2154 2319
f 2156 2155 2319
f 2157 2156 2319
f 2158 2157 2319
f 2159 2158 2319
f 2160 2159 2319
f 2161 2160 2319
f 2162 2161 2319
f 2163 2162 2319
f 2164 2163 2319
f 2165 2164 2319
f 2166 2165 2319
f 2167 2166 2319
f 2168 2167 2319
f 2169 2168 2319
f 2170 2169 2319
f 2171 2170 2319
f 2172 2171 2319
f 2173 2172 2319
f 2174 2173 2319
f 2175 2174 2319
f 2176 2175 2319
f 2177 2176 2319
f 2178 2177 2319
f 2179 2178 2319
f 2180 2179 2319
f 2181 2180 2319
f 2182 2181 2319
f 2183 2182 2319
f 2184 2183 2319
f 2185 2184 2319
f 2186 2185 2319
f 2187 2186 2319
f 2188 2187 2319
f 2189 2188 2319
f 2190 2189 2319
f 2191 2190 2319
f 2192 2191 2319
f 2193 2192 2319
f 2194 2193 2319
f 2195 2194 2319
f 2196 2195 2319
f 2197 2196 2319
f 2198 2197 2319
f 2199 2198 2319
f 2200 2199 2319
f 2201 2200 2319
f 2202 2201 2319
f 2203 2202 2319
f 2204 2203 2319
f 2205 2204 2319
f 2206 2205 2319
f 2207 2206 2319
f 2208 2207 2319
f 2209 2208 2319
f 2210 2209 2319
f 2211 2210 2319
f 2212 2211 2319
f 2213 2212 2319
f 2214 2213 2319
f 2215 2214 2319
f 2216 2215 2319
f 2217 2216 2319
f 2218 2217 2319
f 2219 2218 2319
f 2220 2219 2319
f 2221 2220 2319
f 2222 2221 2319
f 2127 2222 2319
f 2320 2223 2224
f 2320 2224 2225
f 2320 2225 2226
f 2320 2226 2227
f 2320 2227 2228
f 2320 2228 2229
f 2320 2229 2230
f 2320 2230 2231
f 2320 2231 2232
f 2320 2232 2233
f 2320 2233 2234
f 2320 2234 2235
f 2320 2235 2236
f 2320 2236 2237
f 2320 2237 2238
f 2320 2238 2239
f 2320 2239 2240
f 2320 2240 2241
f 2320 2241 2242
f 2320 2242 2243
f 2320 2243 2244
f 2320 2244 2245
f 2320 2245 2246
f 2320 2246 2247
f 2320 2247 2248
f 2320 2248 2249
f 2320 2249 2250
f 2320 2250 2251
f 2320 2251 2252
f 2320 2252 2253
f 2320 2253 2254
f 2320 2254 2255
f 2320 2255 2256
f 2320 2256 2257
f 2320 2257 2258
f 2320 2258 2259
f 2320 2259 2260
f 2320 2260 2261
f 2320 2261 2262
f 2320 2262 2263
f 2320 2263 2264
f 2320 2264 2265
f 2320 2265 2266
f 2320 2266 2267
f 2320 2267 2268
f 2320 2268 2269
f 2320 2269 2270
f 2320 2270 2271
f 2320 2271 2272
f 2320 2272 2273
f 2320 2273 2274
f 2320 2274 2275
f 2320 2275 2276
f 2320 2276 2277
f 2320 2277 2278
f 2320 2278 2279
f 2320 2279 2280
f 2320 2280 2281
f 2320 2281 2282
f 2320 2282 2283
f 2320 2283 2284
f 2320 2284 2285
f 2320 2285 2286
f 2320 2286 2287
f 2320 2287 2288
f 2320 2288 2289
f 2320 2289 2290
f 2320 2290 2291
f 2320 2291 2292
f 2320 2292 2293
f 2320 2293 2294
f 2320 2294 2295
f 2320 2295 2296
f 2320 2296 2297
f 2320 2297 2298
f 2320 2298 2299
f 2320 2299 2300
f 2320 2300 2301
f 2320 2301 2302
f 2320 2302 2303
f 2320 2303 2304
f 2320 2304 2305
f 2320 2305 2306
f 2320 2306 2307
f 2320 2307 2308
f 2320 2308 2309
f 2320 2309 2310
f 2320 2310 2311
f 2320 2311 2312
f 2320 2312 2313
f 2320 2313 2314
f 2320 2314 2315
f 2320 2315 2316
f 2320 2316 2317
f 2320 2317 2318
f 2320 2318 2223
o haptic
v -2.50000 -14.50000 4.20000
v -2.50214 -14.43460 4.20000
v -2.50856 -14.36947 4.20000
v -2.51921 -14.30491 4.20000
v -2.53407 -14.24118 4.20000
v -2.55307 -14.17856 4.20000
v -2.57612 -14.11732 4.20000
v -2.60313 -14.05771 4.20000
v -2.63397 -14.00000 4.20000
v -2.66853 -13.94443 4.20000
v -2.70665 -13.89124 4.20000
v -2.74816 -13.84065 4.20000
v -2.79289 -13.79289 4.20000
v -2.84065 -13.74816 4.20000
v -2.89124 -13.70665 4.20000
v -2.94443 -13.66853 4.20000
v -3.00000 -13.63397 4.20000
v -3.05771 -13.60313 4.20000
v -3.11732 -13.57612 4.20000
v -3.17856 -13.55307 4.20000
v -3.24118 -13.53407 4.20000
v -3.30491 -13.51921 4.20000
v -3.36947 -13.50856 4.20000
v -3.43460 -13.50214 4.20000
v -8.50000 -13.50000 4.20000
v -8.56540 -13.50214 4.20000
v -8.63053 -13.50856 4.20000
v -8.69509 -13.51921 4.20000
v -8.75882 -13.53407 4.20000
v -8.82144 -13.55307 4.20000
v -8.88268 -13.57612 4.20000
v -8.94229 -13.60313 4.20000
v -9.00000 -13.63397 4.20000
v -9.05557 -13.66853 4.20000
v -9.10876 -13.70665 4.20000
v -9.15935 -13.74816 4.20000
v -9.20711 -13.79289 4.20000
v -9.25184 -13.84065 4.20000
v -9.29335 -13.89124 4.20000
v -9.33147 -13.94443 4.20000
v -9.36603 -14.00000 4.20000
v -9.39687 -14.05771 4.20000
v -9.42388 -14.11732 4.20000
v -9.44693 -14.17856 4.20000
v -9.46593 -14.24118 4.20000
v -9.48079 -14.30491 4.20000
v -9.49144 -14.36947 4.20000
v -9.49786 -14.43460 4.20000
v -9.50000 -17.50000 4.20000
v -9.49786 -17.56540 4.20000
v -9.49144 -17.63053 4.20000
v -9.48079 -17.69509 4.20000
v -9.46593 -17.75882 4.20000
v -9.44693 -17.82144 4.20000
v -9.42388 -17.88268 4.20000
v -9.39687 -17.94229 4.20000
v -9.36603 -18.00000 4.20000
v -9.33147 -18.05557 4.20000
v -9.29335 -18.10876 4.20000
v -9.25184 -18.15935 4.20000
v -9.20711 -18.20711 4.20000
v -9.15935 -18.25184 4.20000
v -9.10876 -18.29335 4.20000
v -9.05557 -18.33147 4.20000
v -9.00000 -18.36603 4.20000
v -8.94229 -18.39687 4.20000
v -8.88268 -18.42388 4.20000
v -8.82144 -18.44693 4.20000
v -8.75882 -18.46593 4.20000
v -8.69509 -18.48079 4.20000
v -8.63053 -18.49144 4.20000
v -8.56540 -18.49786 4.20000
v -3.50000 -18.50000 4.20000
v -3.43460 -18.49786 4.20000
v -3.36947 -18.49144 4.20000
v -3.30491 -18.48079 4.20000
v -3.24118 -18.46593 4.20000
v -3.17856 -18.44693 4.20000
v -3.11732 -18.42388 4.20000
v -3.05771 -18.39687 4.20000
v -3.00000 -18.36603 4.20000
v -2.94443 -18.33147 4.20000
v -2.89124 -18.29335 4.20000
v -2.84065 -18.25184 4.20000
v -2.79289 -18.20711 4.20000
v -2.74816 -18.15935 4.20000
v -2.70665 -18.10876 4.20000
v -2.66853 -18.05557 4.20000
v -2.63397 -18.00000 4.20000
v -2.60313 -17.94229 4.20000
v -2.57612 -17.88268 4.20000
v -2.55307 -17.82144 4.20000
v -2.53407 -17.75882 4.20000
v -2.51921 -17.69509 4.20000
v -2.50856 -17.63053 4.20000
v -2.50214 -17.56540 4.20000
v -2.50000 -14.50000 6.30000
v -2.50214 -14.43460 6.30000
v -2.50856 -14.36947 6.30000
v -2.51921 -14.30491 6.30000
v -2.53407 -14.24118 6.30000
v -2.55307 -14.17856 6.30000
v -2.57612 -14.11732 6.30000
v -2.60313 -14.05771 6.30000
v -2.63397 -14.00000 6.30000
v -2.66853 -13.94443 6.30000
v -2.70665 -13.89124 6.30000
v -2.74816 -13.84065 6.30000
v -2.79289 -13.79289 6.30000
v -2.84065 -13.74816 6.30000
v -2.89124 -13.70665 6.30000
v -2.94443 -13.66853 6.30000
v -3.00000 -13.63397 6.30000
v -3.05771 -13.60313 6.30000
v -3.11732 -13.57612 6.30000
v -3.17856 -13.55307 6.30000
v -3.24118 -13.53407 6.30000
v -3.30491 -13.51921 6.30000
v -3.36947 -13.50856 6.30000
v -3.43460 -13.50214 6.30000
v -8.50000 -13.50000 6.30000
v -8.56540 -13.50214 6.30000
v -8.63053 -13.50856 6.30000
v -8.69509 -13.51921 6.30000
v -8.75882 -13.53407 6.30000
v -8.82144 -13.55307 6.30000
v -8.88268 -13.57612 6.30000
v -8.94229 -13.60313 6.30000
v -9.00000 -13.63397 6.30000
v -9.05557 -13.66853 6.30000
v -9.10876 -13.70665 6.30000
v -9.15935 -13.74816 6.30000
v -9.20711 -13.79289 6.30000
v -9.25184 -13.84065 6.30000
v -9.29335 -13.89124 6.30000
v -9.33147 -13.94443 6.30000
v -9.36603 -14.00000 6.30000
v -9.39687 -14.05771 6.30000
v -9.42388 -14.11732 6.30000
v -9.44693 -14.17856 6.30000
v -9.46593 -14.24118 6.30000
v -9.48079 -14.30491 6.30000
v -9.49144 -14.36947 6.30000
v -9.49786 -14.43460 6.30000
v -9.50000 -17.50000 6.30000
v -9.49786 -17.56540 6.30000
v -9.49144 -17.63053 6.30000
v -9.48079 -17.69509 6.30000
v -9.46593 -17.75882 6.30000
v -9.44693 -17.82144 6.30000
v -9.42388 -17.88268 6.30000
v -9.39687 -17.94229 6.30000
v -9.36603 -18.00000 6.30000
v -9.33147 -18.05557 6.30000
v -9.29335 -18.10876 6.30000
v -9.25184 -18.15935 6.30000
v -9.20711 -18.20711 6.30000
v -9.15935 -18.25184 6.30000
v -9.10876 -18.29335 6.30000
v -9.05557 -18.33147 6.30000
v -9.00000 -18.36603 6.30000
v -8.94229 -18.39687 6.30000
v -8.88268 -18.42388 6.30000
v -8.82144 -18.44693 6.30000
v -8.75882 -18.46593 6.30000
v -8.69509 -18.48079 6.30000
v -8.63053 -18.49144 6.30000
v -8.56540 -18.49786 6.30000
v -3.50000 -18.50000 6.30000
v -3.43460 -18.49786 6.30000
v -3.36947 -18.49144 6.30000
v -3.30491 -18.48079 6.30000
v -3.24118 -18.46593 6.30000
v -3.17856 -18.44693 6.30000
v -3.11732 -18.42388 6.30000
v -3.05771 -18.39687 6.30000
v -3.00000 -18.36603 6.30000
v -2.94443 -18.33147 6.30000
v -2.89124 -18.29335 6.30000
v -2.84065 -18.25184 6.30000
v -2.79289 -18.20711 6.30000
v -2.74816 -18.15935 6.30000
v -2.70665 -18.10876 6.30000
v -2.66853 -18.05557 6.30000
v -2.63397 -18.00000 6.30000
v -2.60313 -17.94229 6.30000
v -2.57612 -17.88268 6.30000
v -2.55307 -17.82144 6.30000
v -2.53407 -17.75882 6.30000
v -2.51921 -17.69509 6.30000
v -2.50856 -17.63053 6.30000
v -2.50214 -17.56540 6.30000
v -6.00000 -16.00000 4.20000
v -6.00000 -16.00000 6.30000
f 2321 2322 2418
f 2321 2418 2417
f 2322 2323 2419
f 2322 2419 2418
f 2323 2324 2420
f 2323 2420 2419
f 2324 2325 2421
f 2324 2421 2420
f 2325 2326 2422
f 2325 2422 2421
f 2326 2327 2423
f 2326 2423 2422
f 2327 2328 2424
f 2327 2424 2423
f 2328 2329 2425
f 2328 2425 2424
f 2329 2330 2426
f 2329 2426 2425
f 2330 2331 2427
f 2330 2427 2426
f 2331 2332 2428
f 2331 2428 2427
f 2332 2333 2429
f 2332 2429 2428
f 2333 2334 2430
f 2333 2430 2429
f 2334 2335 2431
f 2334 2431 2430
f 2335 2336 2432
f 2335 2432 2431
f 2336 2337 2433
f 2336 2433 2432
f 2337 2338 2434
f 2337 2434 2433
f 2338 2339 2435
f 2338 2435 2434
f 2339 2340 2436
f 2339 2436 2435
f 2340 2341 2437
f 2340 2437 2436
f 2341 2342 2438
f 2341 2438 2437
f 2342 2343 2439
f 2342 2439 2438
f 2343 2344 2440
f 2343 2440 2439
f 2344 2345 2441
f 2344 2441 2440
f 2345 2346 2442
f 2345 2442 2441
f 2346 2347 2443
f 2346 2443 2442
f 2347 2348 2444
f 2347 2444 2443
f 2348 2349 2445
f 2348 2445 2444
f 2349 2350 2446
f 2349 2446 2445
f 2350 2351 2447
f 2350 2447 2446
f 2351 2352 2448
f 2351 2448 2447
f 2352 2353 2449
f 2352 2449 2448
f 2353 2354 2450
f 2353 2450 2449
f 2354 2355 2451
f 2354 2451 2450
f 2355 2356 2452
f 2355 2452 2451
f 2356 2357 2453
f 2356 2453 2452
f 2357 2358 2454
f 2357 2454 2453
f 2358 2359 2455
f 2358 2455 2454
f 2359 2360 2456
f 2359 2456 2455
f 2360 2361 2457
f 2360 2457 2456
f 2361 2362 2458
f 2361 2458 2457
f 2362 2363 2459
f 2362 2459 2458
f 2363 2364 2460
f 2363 2460 2459
f 2364 2365 2461
f 2364 2461 2460
f 2365 2366 2462
f 2365 2462 2461
f 2366 2367 2463
f 2366 2463 2462
f 2367 2368 2464
f 2367 2464 2463
f 2368 2369 2465
f 2368 2465 2464
f 2369 2370 2466
f 2369 2466 2465
f 2370 2371 2467
f 2370 2467 2466
f 2371 2372 2468
f 2371 2468 2467
f 2372 2373 2469
f 2372 2469 2468
f 2373 2374 2470
f 2373 2470 2469
f 2374 2375 2471
f 2374 2471 2470
f 2375 2376 2472
f 2375 2472 2471
f 2376 2377 2473
f 2376 2473 2472
f 2377 2378 2474
f 2377 2474 2473
f 2378 2379 2475
f 2378 2475 2474
f 2379 2380 2476
f 2379 2476 2475
f 2380 2381 2477
f 2380 2477 2476
f 2381 2382 2478
f 2381 2478 2477
f 2382 2383 2479
f 2382 2479 2478
f 2383 2384 2480
f 2383 2480 2479
f 2384 2385 2481
f 2384 2481 2480
f 2385 2386 2482
f 2385 2482 2481
f 2386 2387 2483
f 2386 2483 2482
f 2387 2388 2484
f 2387 2484 2483
f 2388 2389 2485
f 2388 2485 2484
f 2389 2390 2486
f 2389 2486 2485
f 2390 2391 2487
f 2390 2487 2486
f 2391 2392 2488
f 2391 2488 2487
f 2392 2393 2489
f 2392 2489 2488
f 2393 2394 2490
f 2393 2490 2489
f 2394 2395 2491
f 2394 2491 2490
f 2395 2396 2492
f 2395 2492 2491
f 2396 2397 2493
f 2396 2493 2492
f 2397 2398 2494
f 2397 2494 2493
f 2398 2399 2495
f 2398 2495 2494
f 2399 2400 2496
f 2399 2496 2495
f 2400 2401 2497
f 2400 2497 2496
f 2401 2402 2498
f 2401 2498 2497
f 2402 2403 2499
f 2402 2499 2498
f 2403 2404 2500
f 2403 2500 2499
f 2404 2405 2501
f 2404 2501 2500
f 2405 2406 2502
f 2405 2502 2501
f 2406 2407 2503
f 2406 2503 2502
f 2407 2408 2504
f 2407 2504 2503
f 2408 2409 2505
f 2408 2505 2504
f 2409 2410 2506
f 2409 2506 2505
f 2410 2411 2507
f 2410 2507 2506
f 2411 2412 2508
f 2411 2508 2507
f 2412 2413 2509
f 2412 2509 2508
f 2413 2414 2510
f 2413 2510 2509
f 2414 2415 2511
f 2414 2511 2510
f 2415 2416 2512
f 2415 2512 2511
f 2416 2321 2417
f 2416 2417 2512
f 2322 2321 2513
f 2323 2322 2513
f 2324 2323 2513
f 2325 2324 2513
f 2326 2325 2513
f 2327 2326 2513
f 2328 2327 2513
f 2329 2328 2513
f 2330 2329 2513
f 2331 2330 2513
f 2332 2331 2513
f 2333 2332 2513
f 2334 2333 2513
f 2335 2334 2513
f 2336 2335 2513
f 2337 2336 2513
f 2338 2337 2513
f 2339 2338 2513
f 2340 2339 2513
f 2341 2340 2513
f 2342 2341 2513
f 2343 2342 2513
f 2344 2343 2513
f 2345 2344 2513
f 2346 2345 2513
f 2347 2346 2513
f 2348 2347 2513
f 2349 2348 2513
f 2350 2349 2513
f 2351 2350 2513
f 2352 2351 2513
f 2353 2352 2513
f 2354 2353 2513
f 2355 2354 2513
f 2356 2355 2513
f 2357 2356 2513
f 2358 2357 2513
f 2359 2358 2513
f 2360 2359 2513
f 2361 2360 2513
f 2362 2361 2513
f 2363 2362 2513
f 2364 2363 2513
f 2365 2364 2513
f 2366 2365 2513
f 2367 2366 2513
f 2368 2367 2513
f 2369 2368 2513
f 2370 2369 2513
f 2371 2370 2513
f 2372 2371 2513
f 2373 2372 2513
f 2374 2373 2513
f 2375 2374 2513
f 2376 2375 2513
f 2377 2376 2513
f 2378 2377 2513
f 2379 2378 2513
f 2380 2379 2513
f 2381 2380 2513
f 2382 2381 2513
f 2383 2382 2513
f 2384 2383 2513
f 2385 2384 2513
f 2386 2385 2513
f 2387 2386 2513
f 2388 2387 2513
f 2389 2388 2513
f 2390 2389 2513
f 2391 2390 2513
f 2392 2391 2513
f 2393 2392 2513
f 2394 2393 2513
f 2395 2394 2513
f 2396 2395 2513
f 2397 2396 2513
f 2398 2397 2513
f 2399 2398 2513
f 2400 2399 2513
f 2401 2400 2513
f 2402 2401 2513
f 2403 2402 2513
f 2404 2403 2513
f 2405 2404 2513
f 2406 2405 2513
f 2407 2406 2513
f 2408 2407 2513
f 2409 2408 2513
f 2410 2409 2513
f 2411 2410 2513
f 2412 2411 2513
f 2413 2412 2513
f 2414 2413 2513
f 2415 2414 2513
f 2416 2415 2513
f 2321 2416 2513
f 2514 2417 2418
f 2514 2418 2419
f 2514 2419 2420
f 2514 2420 2421
f 2514 2421 2422
f 2514 2422 2423
f 2514 2423 2424
f 2514 2424 2425
f 2514 2425 2426
f 2514 2426 2427
f 2514 2427 2428
f 2514 2428 2429
f 2514 2429 2430
f 2514 2430 2431
f 2514 2431 2432
f 2514 2432 2433
f 2514 2433 2434
f 2514 2434 2435
f 2514 2435 2436
f 2514 2436 2437
f 2514 2437 2438
f 2514 2438 2439
f 2514 2439 2440
f 2514 2440 2441
f 2514 2441 2442
f 2514 2442 2443
f 2514 2443 2444
f 2514 2444 2445
f 2514 2445 2446
f 2514 2446 2447
f 2514 2447 2448
f 2514 2448 2449
f 2514 2449 2450
f 2514 2450 2451
f 2514 2451 2452
f 2514 2452 2453
f 2514 2453 2454
f 2514 2454 2455
f 2514 2455 2456
f 2514 2456 2457
f 2514 2457 2458
f 2514 2458 2459
f 2514 2459 2460
f 2514 2460 2461
f 2514 2461 2462
f 2514 2462 2463
f 2514 2463 2464
f 2514 2464 2465
f 2514 2465 2466
f 2514 2466 2467
f 2514 2467 2468
f 2514 2468 2469
f 2514 2469 2470
f 2514 2470 2471
f 2514 2471 2472
f 2514 2472 2473
f 2514 2473 2474
f 2514 2474 2475
f 2514 2475 2476
f 2514 2476 2477
f 2514 2477 2478
f 2514 2478 2479
f 2514 2479 2480
f 2514 2480 2481
f 2514 2481 2482
f 2514 2482 2483
f 2514 2483 2484
f 2514 2484 2485
f 2514 2485 2486
f 2514 2486 2487
f 2514 2487 2488
f 2514 2488 2489
f 2514 2489 2490
f 2514 2490 2491
f 2514 2491 2492
f 2514 2492 2493
f 2514 2493 2494
f 2514 2494 2495
f 2514 2495 2496
f 2514 2496 2497
f 2514 2497 2498
f 2514 2498 2499
f 2514 2499 2500
f 2514 2500 2501
f 2514 2501 2502
f 2514 2502 2503
f 2514 2503 2504
f 2514 2504 2505
f 2514 2505 2506
f 2514 2506 2507
f 2514 2507 2508
f 2514 2508 2509
f 2514 2509 2510
f 2514 2510 2511
f 2514 2511 2512
f 2514 2512 2417
o antenna
v 9.50000 20.00000 4.25000
v 9.49786 20.06540 4.25000
v 9.49144 20.13053 4.25000
v 9.48079 20.19509 4.25000
v 9.46593 20.25882 4.25000
v 9.44693 20.32144 4.25000
v 9.42388 20.38268 4.25000
v 9.39687 20.44229 4.25000
v 9.36603 20.50000 4.25000
v 9.33147 20.55557 4.25000
v 9.29335 20.60876 4.25000
v 9.25184 20.65935 4.25000
v 9.20711 20.70711 4.25000
v 9.15935 20.75184 4.25000
v 9.10876 20.79335 4.25000
v 9.05557 20.83147 4.25000
v 9.00000 20.86603 4.25000
v 8.94229 20.89687 4.25000
v 8.88268 20.92388 4.25000
v 8.82144 20.94693 4.25000
v 8.75882 20.96593 4.25000
v 8.69509 20.98079 4.25000
v 8.63053 20.99144 4.25000
v 8.56540 20.99786 4.25000
v -8.50000 21.00000 4.25000
v -8.56540 20.99786 4.25000
v -8.63053 20.99144 4.25000
v -8.69509 20.98079 4.25000
v -8.75882 20.96593 4.25000
v -8.82144 20.94693 4.25000
v -8.88268 20.92388 4.25000
v -8.94229 20.89687 4.25000
v -9.00000 20.86603 4.25000
v -9.05557 20.83147 4.25000
v -9.10876 20.79335 4.25000
v -9.15935 20.75184 4.25000
v -9.20711 20.70711 4.25000
v -9.25184 20.65935 4.25000
v -9.29335 20.60876 4.25000
v -9.33147 20.55557 4.25000
v -9.36603 20.50000 4.25000
v -9.39687 20.44229 4.25000
v -9.42388 20.38268 4.25000
v -9.44693 20.32144 4.25000
v -9.46593 20.25882 4.25000
v -9.48079 20.19509 4.25000
v -9.49144 20.13053 4.25000
v -9.49786 20.06540 4.25000
v -9.50000 18.00000 4.25000
v -9.49786 17.93460 4.25000
v -9.49144 17.86947 4.25000
v -9.48079 17.80491 4.25000
v -9.46593 17.74118 4.25000
v -9.44693 17.67856 4.25000
v -9.42388 17.61732 4.25000
v -9.39687 17.55771 4.25000
v -9.36603 17.50000 4.25000
v -9.33147 17.44443 4.25000
v -9.29335 17.39124 4.25000
v -9.25184 17.34065 4.25000
v -9.20711 17.29289 4.25000
v -9.15935 17.24816 4.25000
v -9.10876 17.20665 4.25000
v -9.05557 17.16853 4.25000
v -9.00000 17.13397 4.25000
v -8.94229 17.10313 4.25000
v -8.88268 17.07612 4.25000
v -8.82144 17.05307 4.25000
v -8.75882 17.03407 4.25000
v -8.69509 17.01921 4.25000
v -8.63053 17.00856 4.25000
v -8.56540 17.00214 4.25000
v 8.50000 17.00000 4.25000
v 8.56540 17.00214 4.25000
v 8.63053 17.00856 4.25000
v 8.69509 17.01921 4.25000
v 8.75882 17.03407 4.25000
v 8.82144 17.05307 4.25000
v 8.88268 17.07612 4.25000
v 8.94229 17.10313 4.25000
v 9.00000 17.13397 4.25000
v 9.05557 17.16853 4.25000
v 9.10876 17.20665 4.25000
v 9.15935 17.24816 4.25000
v 9.20711 17.29289 4.25000
v 9.25184 17.34065 4.25000
v 9.29335 17.39124 4.25000
v 9.33147 17.44443 4.25000
v 9.36603 17.50000 4.25000
v 9.39687 17.55771 4.25000
v 9.42388 17.61732 4.25000
v 9.44693 17.67856 4.25000
v 9.46593 17.74118 4.25000
v 9.48079 17.80491 4.25000
v 9.49144 17.86947 4.25000
v 9.49786 17.93460 4.25000
v 9.50000 20.00000 4.35000
v 9.49786 20.06540 4.35000
v 9.49144 20.13053 4.35000
v 9.48079 20.19509 4.35000
v 9.46593 20.25882 4.35000
v 9.44693 20.32144 4.35000
v 9.42388 20.38268 4.35000
v 9.39687 20.44229 4.35000
v 9.36603 20.50000 4.35000
v 9.33147 20.55557 4.35000
v 9.29335 20.60876 4.35000
v 9.25184 20.65935 4.35000
v 9.20711 20.70711 4.35000
v 9.15935 20.75184 4.35000
v 9.10876 20.79335 4.35000
v 9.05557 20.83147 4.35000
v 9.00000 20.86603 4.35000
v 8.94229 20.89687 4.35000
v 8.88268 20.92388 4.35000
v 8.82144 20.94693 4.35000
v 8.75882 20.96593 4.35000
v 8.69509 20.98079 4.35000
v 8.63053 20.99144 4.35000
v 8.56540 20.99786 4.35000
v -8.50000 21.00000 4.35000
v -8.56540 20.99786 4.35000
v -8.63053 20.99144 4.35000
v -8.69509 20.98079 4.35000
v -8.75882 20.96593 4.35000
v -8.82144 20.94693 4.35000
v -8.88268 20.92388 4.35000
v -8.94229 20.89687 4.35000
v -9.00000 20.86603 4.35000
v -9.05557 20.83147 4.35000
v -9.10876 20.79335 4.35000
v -9.15935 20.75184 4.35000
v -9.20711 20.70711 4.35000
v -9.25184 20.65935 4.35000
v -9.29335 20.60876 4.35000
v -9.33147 20.55557 4.35000
v -9.36603 20.50000 4.35000
v -9.39687 20.44229 4.35000
v -9.42388 20.38268 4.35000
v -9.44693 20.32144 4.35000
v -9.46593 20.25882 4.35000
v -9.48079 20.19509 4.35000
v -9.49144 20.13053 4.35000
v -9.49786 20.06540 4.35000
v -9.50000 18.00000 4.35000
v -9.49786 17.93460 4.35000
v -9.49144 17.86947 4.35000
v -9.48079 17.80491 4.35000
v -9.46593 17.74118 4.35000
v -9.44693 17.67856 4.35000
v -9.42388 17.61732 4.35000
v -9.39687 17.55771 4.35000
v -9.36603 17.50000 4.35000
v -9.33147 17.44443 4.35000
v -9.29335 17.39124 4.35000
v -9.25184 17.34065 4.35000
v -9.20711 17.29289 4.35000
v -9.15935 17.24816 4.35000
v -9.10876 17.20665 4.35000
v -9.05557 17.16853 4.35000
v -9.00000 17.13397 4.35000
v -8.94229 17.10313 4.35000
v -8.88268 17.07612 4.35000
v -8.82144 17.05307 4.35000
v -8.75882 17.03407 4.35000
v -8.69509 17.01921 4.35000
v -8.63053 17.00856 4.35000
v -8.56540 17.00214 4.35000
v 8.50000 17.00000 4.35000
v 8.56540 17.00214 4.35000
v 8.63053 17.00856 4.35000
v 8.69509 17.01921 4.35000
v 8.75882 17.03407 4.35000
v 8.82144 17.05307 4.35000
v 8.88268 17.07612 4.35000
v 8.94229 17.10313 4.35000
v 9.00000 17.13397 4.35000
v 9.05557 17.16853 4.35000
v 9.10876 17.20665 4.35000
v 9.15935 17.24816 4.35000
v 9.20711 17.29289 4.35000
v 9.25184 17.34065 4.35000
v 9.29335 17.39124 4.35000
v 9.33147 17.44443 4.35000
v 9.36603 17.50000 4.35000
v 9.39687 17.55771 4.35000
v 9.42388 17.61732 4.35000
v 9.44693 17.67856 4.35000
v 9.46593 17.74118 4.35000
v 9.48079 17.80491 4.35000
v 9.49144 17.86947 4.35000
v 9.49786 17.93460 4.35000
v -0.00000 19.00000 4.25000
v -0.00000 19.00000 4.35000
f 2515 2516 2612
f 2515 2612 2611
f 2516 2517 2613
f 2516 2613 2612
f 2517 2518 2614
f 2517 2614 2613
f 2518 2519 2615
f 2518 2615 2614
f 2519 2520 2616
f 2519 2616 2615
f 2520 2521 2617
f 2520 2617 2616
f 2521 2522 2618
f 2521 2618 2617
f 2522 2523 2619
f 2522 2619 2618
f 2523 2524 2620
f 2523 2620 2619
f 2524 2525 2621
f 2524 2621 2620
f 2525 2526 2622
f 2525 2622 2621
f 2526 2527 2623
f 2526 2623 2622
f 2527 2528 2624
f 2527 2624 2623
f 2528 2529 2625
f 2528 2625 2624
f 2529 2530 2626
f 2529 2626 2625
f 2530 2531 2627
f 2530 2627 2626
f 2531 2532 2628
f 2531 2628 2627
f 2532 2533 2629
f 2532 2629 2628
f 2533 2534 2630
f 2533 2630 2629
f 2534 2535 2631
f 2534 2631 2630
f 2535 2536 2632
f 2535 2632 2631
f 2536 2537 2633
f 2536 2633 2632
f 2537 2538 2634
f 2537 2634 2633
f 2538 2539 2635
f 2538 2635 2634
f 2539 2540 2636
f 2539 2636 2635
f 2540 2541 2637
f 2540 2637 2636
f 2541 2542 2638
f 2541 2638 2637
f 2542 2543 2639
f 2542 2639 2638
f 2543 2544 2640
f 2543 2640 2639
f 2544 2545 2641
f 2544 2641 2640
f 2545 2546 2642
f 2545 2642 2641
f 2546 2547 2643
f 2546 2643 2642
f 2547 2548 2644
f 2547 2644 2643
f 2548 2549 2645
f 2548 2645 2644
f 2549 2550 2646
f 2549 2646 2645
f 2550 2551 2647
f 2550 2647 2646
f 2551 2552 2648
f 2551 2648 2647
f 2552 2553 2649
f 2552 2649 2648
f 2553 2554 2650
f 2553 2650 2649
f 2554 2555 2651
f 2554 2651 2650
f 2555 2556 2652
f 2555 2652 2651
f 2556 2557 2653
f 2556 2653 2652
f 2557 2558 2654
f 2557 2654 2653
f 2558 2559 2655
f 2558 2655 2654
f 2559 2560 2656
f 2559 2656 2655
f 2560 2561 2657
f 2560 2657 2656
f 2561 2562 2658
f 2561 2658 2657
f 2562 2563 2659
f 2562 2659 2658
f 2563 2564 2660
f 2563 2660 2659
f 2564 2565 2661
f 2564 2661 2660
f 2565 2566 2662
f 2565 2662 2661
f 2566 2567 2663
f 2566 2663 2662
f 2567 2568 2664
f 2567 2664 2663
f 2568 2569 2665
f 2568 2665 2664
f 2569 2570 2666
f 2569 2666 2665
f 2570 2571 2667
f 2570 2667 2666
f 2571 2572 2668
f 2571 2668 2667
f 2572 2573 2669
f 2572 2669 2668
f 2573 2574 2670
f 2573 2670 2669
f 2574 2575 2671
f 2574 2671 2670
f 2575 2576 2672
f 2575 2672 2671
f 2576 2577 2673
f 2576 2673 2672
f 2577 2578 2674
f 2577 2674 2673
f 2578 2579 2675
f 2578 2675 2674
f 2579 2580 2676
f 2579 2676 2675
f 2580 2581 2677
f 2580 2677 2676
f 2581 2582 2678
f 2581 2678 2677
f 2582 2583 2679
f 2582 2679 2678
f 2583 2584 2680
f 2583 2680 2679
f 2584 2585 2681
f 2584 2681 2680
f 2585 2586 2682
f 2585 2682 2681
f 2586 2587 2683
f 2586 2683 2682
f 2587 2588 2684
f 2587 2684 2683
f 2588 2589 2685
f 2588 2685 2684
f 2589 2590 2686
f 2589 2686 2685
f 2590 2591 2687
f 2590 2687 2686
f 2591 2592 2688
f 2591 2688 2687
f 2592 2593 2689
f 2592 2689 2688
f 2593 2594 2690
f 2593 2690 2689
f 2594 2595 2691
f 2594 2691 2690
f 2595 2596 2692
f 2595 2692 2691
f 2596 2597 2693
f 2596 2693 2692
f 2597 2598 2694
f 2597 2694 2693
f 2598 2599 2695
f 2598 2695 2694
f 2599 2600 2696
f 2599 2696 2695
f 2600 2601 2697
f 2600 2697 2696
f 2601 2602 2698
f 2601 2698 2697
f 2602 2603 2699
f 2602 2699 2698
f 2603 2604 2700
f 2603 2700 2699
f 2604 2605 2701
f 2604 2701 2700
f 2605 2606 2702
f 2605 2702 2701
f 2606 2607 2703
f 2606 2703 2702
f 2607 2608 2704
f 2607 2704 2703
f 2608 2609 2705
f 2608 2705 2704
f 2609 2610 2706
f 2609 2706 2705
f 2610 2515 2611
f 2610 2611 2706
f 2516 2515 2707
f 2517 2516 2707
f 2518 2517 2707
f 2519 2518 2707
f 2520 2519 2707
f 2521 2520 2707
f 2522 2521 2707
f 2523 2522 2707
f 2524 2523 2707
f 2525 2524 2707
f 2526 2525 2707
f 2527 2526 2707
f 2528 2527 2707
f 2529 2528 2707
f 2530 2529 2707
f 2531 2530 2707
f 2532 2531 2707
f 2533 2532 2707
f 2534 2533 2707
f 2535 2534 2707
f 2536 2535 2707
f 2537 2536 2707
f 2538 2537 2707
f 2539 2538 2707
f 2540 2539 2707
f 2541 2540 2707
f 2542 2541 2707
f 2543 2542 2707
f 2544 2543 2707
f 2545 2544 2707
f 2546 2545 2707
f 2547 2546 2707
f 2548 2547 2707
f 2549 2548 2707
f 2550 2549 2707
f 2551 2550 2707
f 2552 2551 2707
f 2553 2552 2707
f 2554 2553 2707
f 2555 2554 2707
f 2556 2555 2707
f 2557 2556 2707
f 2558 2557 2707
f 2559 2558 2707
f 2560 2559 2707
f 2561 2560 2707
f 2562 2561 2707
f 2563 2562 2707
f 2564 2563 2707
f 2565 2564 2707
f 2566 2565 2707
f 2567 2566 2707
f 2568 2567 2707
f 2569 2568 2707
f 2570 2569 2707
f 2571 2570 2707
f 2572 2571 2707
f 2573 2572 2707
f 2574 2573 2707
f 2575 2574 2707
f 2576 2575 2707
f 2577 2576 2707
f 2578 2577 2707
f 2579 2578 2707
f 2580 2579 2707
f 2581 2580 2707
f 2582 2581 2707
f 2583 2582 2707
f 2584 2583 2707
f 2585 2584 2707
f 2586 2585 2707
f 2587 2586 2707
f 2588 2587 2707
f 2589 2588 2707
f 2590 2589 2707
f 2591 2590 2707
f 2592 2591 2707
f 2593 2592 2707
f 2594 2593 2707
f 2595 2594 2707
f 2596 2595 2707
f 2597 2596 2707
f 2598 2597 2707
f 2599 2598 2707
f 2600 2599 2707
f 2601 2600 2707
f 2602 2601 2707
f 2603 2602 2707
f 2604 2603 2707
f 2605 2604 2707
f 2606 2605 2707
f 2607 2606 2707
f 2608 2607 2707
f 2609 2608 2707
f 2610 2609 2707
f 2515 2610 2707
f 2708 2611 2612
f 2708 2612 2613
f 2708 2613 2614
f 2708 2614 2615
f 2708 2615 2616
f 2708 2616 2617
f 2708 2617 2618
f 2708 2618 2619
f 2708 2619 2620
f 2708 2620 2621
f 2708 2621 2622
f 2708 2622 2623
f 2708 2623 2624
f 2708 2624 2625
f 2708 2625 2626
f 2708 2626 2627
f 2708 2627 2628
f 2708 2628 2629
f 2708 2629 2630
f 2708 2630 2631
f 2708 2631 2632
f 2708 2632 2633
f 2708 2633 2634
f 2708 2634 2635
f 2708 2635 2636
f 2708 2636 2637
f 2708 2637 2638
f 2708 2638 2639
f 2708 2639 2640
f 2708 2640 2641
f 2708 2641 2642
f 2708 2642 2643
f 2708 2643 2644
f 2708 2644 2645
f 2708 2645 2646
f 2708 2646 2647
f 2708 2647 2648
f 2708 2648 2649
f 2708 2649 2650
f 2708 2650 2651
f 2708 2651 2652
f 2708 2652 2653
f 2708 2653 2654
f 2708 2654 2655
f 2708 2655 2656
f 2708 2656 2657
f 2708 2657 2658
f 2708 2658 2659
f 2708 2659 2660
f 2708 2660 2661
f 2708 2661 2662
f 2708 2662 2663
f 2708 2663 2664
f 2708 2664 2665
f 2708 2665 2666
f 2708 2666 2667
f 2708 2667 2668
f 2708 2668 2669
f 2708 2669 2670
f 2708 2670 2671
f 2708 2671 2672
f 2708 2672 2673
f 2708 2673 2674
f 2708 2674 2675
f 2708 2675 2676
f 2708 2676 2677
f 2708 2677 2678
f 2708 2678 2679
f 2708 2679 2680
f 2708 2680 2681
f 2708 2681 2682
f 2708 2682 2683
f 2708 2683 2684
f 2708 2684 2685
f 2708 2685 2686
f 2708 2686 2687
f 2708 2687 2688
f 2708 2688 2689
f 2708 2689 2690
f 2708 2690 2691
f 2708 2691 2692
f 2708 2692 2693
f 2708 2693 2694
f 2708 2694 2695
f 2708 2695 2696
f 2708 2696 2697
f 2708 2697 2698
f 2708 2698 2699
f 2708 2699 2700
f 2708 2700 2701
f 2708 2701 2702
f 2708 2702 2703
f 2708 2703 2704
f 2708 2704 2705
f 2708 2705 2706
f 2708 2706 2611
o battery
v 9.00000 11.60000 6.80000
v 8.99700 11.69156 6.80000
v 8.98802 11.78274 6.80000
v 8.97310 11.87313 6.80000
v 8.95230 11.96235 6.80000
v 8.92570 12.05002 6.80000
v 8.89343 12.13576 6.80000
v 8.85562 12.21920 6.80000
v 8.81244 12.30000 6.80000
v 8.76406 12.37780 6.80000
v 8.71069 12.45227 6.80000
v 8.65258 12.52308 6.80000
v 8.58995 12.58995 6.80000
v 8.52308 12.65258 6.80000
v 8.45227 12.71069 6.80000
v 8.37780 12.76406 6.80000
v 8.30000 12.81244 6.80000
v 8.21920 12.85562 6.80000
v 8.13576 12.89343 6.80000
v 8.05002 12.92570 6.80000
v 7.96235 12.95230 6.80000
v 7.87313 12.97310 6.80000
v 7.78274 12.98802 6.80000
v 7.69156 12.99700 6.80000
v -7.60000 13.00000 6.80000
v -7.69156 12.99700 6.80000
v -7.78274 12.98802 6.80000
v -7.87313 12.97310 6.80000
v -7.96235 12.95230 6.80000
v -8.05002 12.92570 6.80000
v -8.13576 12.89343 6.80000
v -8.21920 12.85562 6.80000
v -8.30000 12.81244 6.80000
v -8.37780 12.76406 6.80000
v -8.45227 12.71069 6.80000
v -8.52308 12.65258 6.80000
v -8.58995 12.58995 6.80000
v -8.65258 12.52308 6.80000
v -8.71069 12.45227 6.80000
v -8.76406 12.37780 6.80000
v -8.81244 12.30000 6.80000
v -8.85562 12.21920 6.80000
v -8.89343 12.13576 6.80000
v -8.92570 12.05002 6.80000
v -8.95230 11.96235 6.80000
v -8.97310 11.87313 6.80000
v -8.98802 11.78274 6.80000
v -8.99700 11.69156 6.80000
v -9.00000 -13.60000 6.80000
v -8.99700 -13.69156 6.80000
v -8.98802 -13.78274 6.80000
v -8.97310 -13.87313 6.80000
v -8.95230 -13.96235 6.80000
v -8.92570 -14.05002 6.80000
v -8.89343 -14.13576 6.80000
v -8.85562 -14.21920 6.80000
v -8.81244 -14.30000 6.80000
v -8.76406 -14.37780 6.80000
v -8.71069 -14.45227 6.80000
v -8.65258 -14.52308 6.80000
v -8.58995 -14.58995 6.80000
v -8.52308 -14.65258 6.80000
v -8.45227 -14.71069 6.80000
v -8.37780 -14.76406 6.80000
v -8.30000 -14.81244 6.80000
v -8.21920 -14.85562 6.80000
v -8.13576 -14.89343 6.80000
v -8.05002 -14.92570 6.80000
v -7.96235 -14.95230 6.80000
v -7.87313 -14.97310 6.80000
v -7.78274 -14.98802 6.80000
v -7.69156 -14.99700 6.80000
v 7.60000 -15.00000 6.80000
v 7.69156 -14.99700 6.80000
v 7.78274 -14.98802 6.80000
v 7.87313 -14.97310 6.80000
v 7.96235 -14.95230 6.80000
v 8.05002 -14.92570 6.80000
v 8.13576 -14.89343 6.80000
v 8.21920 -14.85562 6.80000
v 8.30000 -14.81244 6.80000
v 8.37780 -14.76406 6.80000
v 8.45227 -14.71069 6.80000
v 8.52308 -14.65258 6.80000
v 8.58995 -14.58995 6.80000
v 8.65258 -14.52308 6.80000
v 8.71069 -14.45227 6.80000
v 8.76406 -14.37780 6.80000
v 8.81244 -14.30000 6.80000
v 8.85562 -14.21920 6.80000
v 8.89343 -14.13576 6.80000
v 8.92570 -14.05002 6.80000
v 8.95230 -13.96235 6.80000
v 8.97310 -13.87313 6.80000
v 8.98802 -13.78274 6.80000
v 8.99700 -13.69156 6.80000
v 9.00000 11.60000 10.80000
v 8.99700 11.69156 10.80000
v 8.98802 11.78274 10.80000
v 8.97310 11.87313 10.80000
v 8.95230 11.96235 10.80000
v 8.92570 12.05002 10.80000
v 8.89343 12.13576 10.80000
v 8.85562 12.21920 10.80000
v 8.81244 12.30000 10.80000
v 8.76406 12.37780 10.80000
v 8.71069 12.45227 10.80000
v 8.65258 12.52308 10.80000
v 8.58995 12.58995 10.80000
v 8.52308 12.65258 10.80000
v 8.45227 12.71069 10.80000
v 8.37780 12.76406 10.80000
v 8.30000 12.81244 10.80000
v 8.21920 12.85562 10.80000
v 8.13576 12.89343 10.80000
v 8.05002 12.92570 10.80000
v 7.96235 12.95230 10.80000
v 7.87313 12.97310 10.80000
v 7.78274 12.98802 10.80000
v 7.69156 12.99700 10.80000
v -7.60000 13.00000 10.80000
v -7.69156 12.99700 10.80000
v -7.78274 12.98802 10.80000
v -7.87313 12.97310 10.80000
v -7.96235 12.95230 10.80000
v -8.05002 12.92570 10.80000
v -8.13576 12.89343 10.80000
v -8.21920 12.85562 10.80000
v -8.30000 12.81244 10.80000
v -8.37780 12.76406 10.80000
v -8.45227 12.71069 10.80000
v -8.52308 12.65258 10.80000
v -8.58995 12.58995 10.80000
v -8.65258 12.52308 10.80000
v -8.71069 12.45227 10.80000
v -8.76406 12.37780 10.80000
v -8.81244 12.30000 10.80000
v -8.85562 12.21920 10.80000
v -8.89343 12.13576 10.80000
v -8.92570 12.05002 10.80000
v -8.95230 11.96235 10.80000
v -8.97310 11.87313 10.80000
v -8.98802 11.78274 10.80000
v -8.99700 11.69156 10.80000
v -9.00000 -13.60000 10.80000
v -8.99700 -13.69156 10.80000
v -8.98802 -13.78274 10.80000
v -8.97310 -13.87313 10.80000
v -8.95230 -13.96235 10.80000
v -8.92570 -14.05002 10.80000
v -8.89343 -14.13576 10.80000
v -8.85562 -14.21920 10.80000
v -8.81244 -14.30000 10.80000
v -8.76406 -14.37780 10.80000
v -8.71069 -14.45227 10.80000
v -8.65258 -14.52308 10.80000
v -8.58995 -14.58995 10.80000
v -8.52308 -14.65258 10.80000
v -8.45227 -14.71069 10.80000
v -8.37780 -14.76406 10.80000
v -8.30000 -14.81244 10.80000
v -8.21920 -14.85562 10.80000
v -8.13576 -14.89343 10.80000
v -8.05002 -14.92570 10.80000
v -7.96235 -14.95230 10.80000
v -7.87313 -14.97310 10.80000
v -7.78274 -14.98802 10.80000
v -7.69156 -14.99700 10.80000
v 7.60000 -15.00000 10.80000
v 7.69156 -14.99700 10.80000
v 7.78274 -14.98802 10.80000
v 7.87313 -14.97310 10.80000
v 7.96235 -14.95230 10.80000
v 8.05002 -14.92570 10.80000
v 8.13576 -14.89343 10.80000
v 8.21920 -14.85562 10.80000
v 8.30000 -14.81244 10.80000
v 8.37780 -14.76406 10.80000
v 8.45227 -14.71069 10.80000
v 8.52308 -14.65258 10.80000
v 8.58995 -14.58995 10.80000
v 8.65258 -14.52308 10.80000
v 8.71069 -14.45227 10.80000
v 8.76406 -14.37780 10.80000
v 8.81244 -14.30000 10.80000
v 8.85562 -14.21920 10.80000
v 8.89343 -14.13576 10.80000
v 8.92570 -14.05002 10.80000
v 8.95230 -13.96235 10.80000
v 8.97310 -13.87313 10.80000
v 8.98802 -13.78274 10.80000
v 8.99700 -13.69156 10.80000
v -0.00000 -1.00000 6.80000
v -0.00000 -1.00000 10.80000
f 2709 2710 2806
f 2709 2806 2805
f 2710 2711 2807
f 2710 2807 2806
f 2711 2712 2808
f 2711 2808 2807
f 2712 2713 2809
f 2712 2809 2808
f 2713 2714 2810
f 2713 2810 2809
f 2714 2715 2811
f 2714 2811 2810
f 2715 2716 2812
f 2715 2812 2811
f 2716 2717 2813
f 2716 2813 2812
f 2717 2718 2814
f 2717 2814 2813
f 2718 2719 2815
f 2718 2815 2814
f 2719 2720 2816
f 2719 2816 2815
f 2720 2721 2817
f 2720 2817 2816
f 2721 2722 2818
f 2721 2818 2817
f 2722 2723 2819
f 2722 2819 2818
f 2723 2724 2820
f 2723 2820 2819
f 2724 2725 2821
f 2724 2821 2820
f 2725 2726 2822
f 2725 2822 2821
f 2726 2727 2823
f 2726 2823 2822
f 2727 2728 2824
f 2727 2824 2823
f 2728 2729 2825
f 2728 2825 2824
f 2729 2730 2826
f 2729 2826 2825
f 2730 2731 2827
f 2730 2827 2826
f 2731 2732 2828
f 2731 2828 2827
f 2732 2733 2829
f 2732 2829 2828
f 2733 2734 2830
f 2733 2830 2829
f 2734 2735 2831
f 2734 2831 2830
f 2735 2736 2832
f 2735 2832 2831
f 2736 2737 2833
f 2736 2833 2832
f 2737 2738 2834
f 2737 2834 2833
f 2738 2739 2835
f 2738 2835 2834
f 2739 2740 2836
f 2739 2836 2835
f 2740 2741 2837
f 2740 2837 2836
f 2741 2742 2838
f 2741 2838 2837
f 2742 2743 2839
f 2742 2839 2838
f 2743 2744 2840
f 2743 2840 2839
f 2744 2745 2841
f 2744 2841 2840
f 2745 2746 2842
f 2745 2842 2841
f 2746 2747 2843
f 2746 2843 2842
f 2747 2748 2844
f 2747 2844 2843
f 2748 2749 2845
f 2748 2845 2844
f 2749 2750 2846
f 2749 2846 2845
f 2750 2751 2847
f 2750 2847 2846
f 2751 2752 2848
f 2751 2848 2847
f 2752 2753 2849
f 2752 2849 2848
f 2753 2754 2850
f 2753 2850 2849
f 2754 2755 2851
f 2754 2851 2850
f 2755 2756 2852
f 2755 2852 2851
f 2756 2757 2853
f 2756 2853 2852
f 2757 2758 2854
f 2757 2854 2853
f 2758 2759 2855
f 2758 2855 2854
f 2759 2760 2856
f 2759 2856 2855
f 2760 2761 2857
f 2760 2857 2856
f 2761 2762 2858
f 2761 2858 2857
f 2762 2763 2859
f 2762 2859 2858
f 2763 2764 2860
f 2763 2860 2859
f 2764 2765 2861
f 2764 2861 2860
f 2765 2766 2862
f 2765 2862 2861
f 2766 2767 2863
f 2766 2863 2862
f 2767 2768 2864
f 2767 2864 2863
f 2768 2769 2865
f 2768 2865 2864
f 2769 2770 2866
f 2769 2866 2865
f 2770 2771 2867
f 2770 2867 2866
f 2771 2772 2868
f 2771 2868 2867
f 2772 2773 2869
f 2772 2869 2868
f 2773 2774 2870
f 2773 2870 2869
f 2774 2775 2871
f 2774 2871 2870
f 2775 2776 2872
f 2775 2872 2871
f 2776 2777 2873
f 2776 2873 2872
f 2777 2778 2874
f 2777 2874 2873
f 2778 2779 2875
f 2778 2875 2874
f 2779 2780 2876
f 2779 2876 2875
f 2780 2781 2877
f 2780 2877 2876
f 2781 2782 2878
f 2781 2878 2877
f 2782 2783 2879
f 2782 2879 2878
f 2783 2784 2880
f 2783 2880 2879
f 2784 2785 2881
f 2784 2881 2880
f 2785 2786 2882
f 2785 2882 2881
f 2786 2787 2883
f 2786 2883 2882
f 2787 2788 2884
f 2787 2884 2883
f 2788 2789 2885
f 2788 2885 2884
f 2789 2790 2886
f 2789 2886 2885
f 2790 2791 2887
f 2790 2887 2886
f 2791 2792 2888
f 2791 2888 2887
f 2792 2793 2889
f 2792 2889 2888
f 2793 2794 2890
f 2793 2890 2889
f 2794 2795 2891
f 2794 2891 2890
f 2795 2796 2892
f 2795 2892 2891
f 2796 2797 2893
f 2796 2893 2892
f 2797 2798 2894
f 2797 2894 2893
f 2798 2799 2895
f 2798 2895 2894
f 2799 2800 2896
f 2799 2896 2895
f 2800 2801 2897
f 2800 2897 2896
f 2801 2802 2898
f 2801 2898 2897
f 2802 2803 2899
f 2802 2899 2898
f 2803 2804 2900
f 2803 2900 2899
f 2804 2709 2805
f 2804 2805 2900
f 2710 2709 2901
f 2711 2710 2901
f 2712 2711 2901
f 2713 2712 2901
f 2714 2713 2901
f 2715 2714 2901
f 2716 2715 2901
f 2717 2716 2901
f 2718 2717 2901
f 2719 2718 2901
f 2720 2719 2901
f 2721 2720 2901
f 2722 2721 2901
f 2723 2722 2901
f 2724 2723 2901
f 2725 2724 2901
f 2726 2725 2901
f 2727 2726 2901
f 2728 2727 2901
f 2729 2728 2901
f 2730 2729 2901
f 2731 2730 2901
f 2732 2731 2901
f 2733 2732 2901
f 2734 2733 2901
f 2735 2734 2901
f 2736 2735 2901
f 2737 2736 2901
f 2738 2737 2901
f 2739 2738 2901
f 2740 2739 2901
f 2741 2740 2901
f 2742 2741 2901
f 2743 2742 2901
f 2744 2743 2901
f 2745 2744 2901
f 2746 2745 2901
f 2747 2746 2901
f 2748 2747 2901
f 2749 2748 2901
f 2750 2749 2901
f 2751 2750 2901
f 2752 2751 2901
f 2753 2752 2901
f 2754 2753 2901
f 2755 2754 2901
f 2756 2755 2901
f 2757 2756 2901
f 2758 2757 2901
f 2759 2758 2901
f 2760 2759 2901
f 2761 2760 2901
f 2762 2761 2901
f 2763 2762 2901
f 2764 2763 2901
f 2765 2764 2901
f 2766 2765 2901
f 2767 2766 2901
f 2768 2767 2901
f 2769 2768 2901
f 2770 2769 2901
f 2771 2770 2901
f 2772 2771 2901
f 2773 2772 2901
f 2774 2773 2901
f 2775 2774 2901
f 2776 2775 2901
f 2777 2776 2901
f 2778 2777 2901
f 2779 2778 2901
f 2780 2779 2901
f 2781 2780 2901
f 2782 2781 2901
f 2783 2782 2901
f 2784 2783 2901
f 2785 2784 2901
f 2786 2785 2901
f 2787 2786 2901
f 2788 2787 2901
f 2789 2788 2901
f 2790 2789 2901
f 2791 2790 2901
f 2792 2791 2901
f 2793 2792 2901
f 2794 2793 2901
f 2795 2794 2901
f 2796 2795 2901
f 2797 2796 2901
f 2798 2797 2901
f 2799 2798 2901
f 2800 2799 2901
f 2801 2800 2901
f 2802 2801 2901
f 2803 2802 2901
f 2804 2803 2901
f 2709 2804 2901
f 2902 2805 2806
f 2902 2806 2807
f 2902 2807 2808
f 2902 2808 2809
f 2902 2809 2810
f 2902 2810 2811
f 2902 2811 2812
f 2902 2812 2813
f 2902 2813 2814
f 2902 2814 2815
f 2902 2815 2816
f 2902 2816 2817
f 2902 2817 2818
f 2902 2818 2819
f 2902 2819 2820
f 2902 2820 2821
f 2902 2821 2822
f 2902 2822 2823
f 2902 2823 2824
f 2902 2824 2825
f 2902 2825 2826
f 2902 2826 2827
f 2902 2827 2828
f 2902 2828 2829
f 2902 2829 2830
f 2902 2830 2831
f 2902 2831 2832
f 2902 2832 2833
f 2902 2833 2834
f 2902 2834 2835
f 2902 2835 2836
f 2902 2836 2837
f 2902 2837 2838
f 2902 2838 2839
f 2902 2839 2840
f 2902 2840 2841
f 2902 2841 2842
f 2902 2842 2843
f 2902 2843 2844
f 2902 2844 2845
f 2902 2845 2846
f 2902 2846 2847
f 2902 2847 2848
f 2902 2848 2849
f 2902 2849 2850
f 2902 2850 2851
f 2902 2851 2852
f 2902 2852 2853
f 2902 2853 2854
f 2902 2854 2855
f 2902 2855 2856
f 2902 2856 2857
f 2902 2857 2858
f 2902 2858 2859
f 2902 2859 2860
f 2902 2860 2861
f 2902 2861 2862
f 2902 2862 2863
f 2902 2863 2864
f 2902 2864 2865
f 2902 2865 2866
f 2902 2866 2867
f 2902 2867 2868
f 2902 2868 2869
f 2902 2869 2870
f 2902 2870 2871
f 2902 2871 2872
f 2902 2872 2873
f 2902 2873 2874
f 2902 2874 2875
f 2902 2875 2876
f 2902 2876 2877
f 2902 2877 2878
f 2902 2878 2879
f 2902 2879 2880
f 2902 2880 2881
f 2902 2881 2882
f 2902 2882 2883
f 2902 2883 2884
f 2902 2884 2885
f 2902 2885 2886
f 2902 2886 2887
f 2902 2887 2888
f 2902 2888 2889
f 2902 2889 2890
f 2902 2890 2891
f 2902 2891 2892
f 2902 2892 2893
f 2902 2893 2894
f 2902 2894 2895
f 2902 2895 2896
f 2902 2896 2897
f 2902 2897 2898
f 2902 2898 2899
f 2902 2899 2900
f 2902 2900 2805
o mic1
v 2.00000 16.10000 9.70000
v 1.99914 16.12616 9.70000
v 1.99658 16.15221 9.70000
v 1.99231 16.17804 9.70000
v 1.98637 16.20353 9.70000
v 1.97877 16.22858 9.70000
v 1.96955 16.25307 9.70000
v 1.95875 16.27692 9.70000
v 1.94641 16.30000 9.70000
v 1.93259 16.32223 9.70000
v 1.91734 16.34350 9.70000
v 1.90074 16.36374 9.70000
v 1.88284 16.38284 9.70000
v 1.86374 16.40074 9.70000
v 1.84350 16.41734 9.70000
v 1.82223 16.43259 9.70000
v 1.80000 16.44641 9.70000
v 1.77692 16.45875 9.70000
v 1.75307 16.46955 9.70000
v 1.72858 16.47877 9.70000
v 1.70353 16.48637 9.70000
v 1.67804 16.49231 9.70000
v 1.65221 16.49658 9.70000
v 1.62616 16.49914 9.70000
v -1.60000 16.50000 9.70000
v -1.62616 16.49914 9.70000
v -1.65221 16.49658 9.70000
v -1.67804 16.49231 9.70000
v -1.70353 16.48637 9.70000
v -1.72858 16.47877 9.70000
v -1.75307 16.46955 9.70000
v -1.77692 16.45875 9.70000
v -1.80000 16.44641 9.70000
v -1.82223 16.43259 9.70000
v -1.84350 16.41734 9.70000
v -1.86374 16.40074 9.70000
v -1.88284 16.38284 9.70000
v -1.90074 16.36374 9.70000
v -1.91734 16.34350 9.70000
v -1.93259 16.32223 9.70000
v -1.94641 16.30000 9.70000
v -1.95875 16.27692 9.70000
v -1.96955 16.25307 9.70000
v -1.97877 16.22858 9.70000
v -1.98637 16.20353 9.70000
v -1.99231 16.17804 9.70000
v -1.99658 16.15221 9.70000
v -1.99914 16.12616 9.70000
v -2.00000 13.90000 9.70000
v -1.99914 13.87384 9.70000
v -1.99658 13.84779 9.70000
v -1.99231 13.82196 9.70000
v -1.98637 13.79647 9.70000
v -1.97877 13.77142 9.70000
v -1.96955 13.74693 9.70000
v -1.95875 13.72308 9.70000
v -1.94641 13.70000 9.70000
v -1.93259 13.67777 9.70000
v -1.91734 13.65650 9.70000
v -1.90074 13.63626 9.70000
v -1.88284 13.61716 9.70000
v -1.86374 13.59926 9.70000
v -1.84350 13.58266 9.70000
v -1.82223 13.56741 9.70000
v -1.80000 13.55359 9.70000
v -1.77692 13.54125 9.70000
v -1.75307 13.53045 9.70000
v -1.72858 13.52123 9.70000
v -1.70353 13.51363 9.70000
v -1.67804 13.50769 9.70000
v -1.65221 13.50342 9.70000
v -1.62616 13.50086 9.70000
v 1.60000 13.50000 9.70000
v 1.62616 13.50086 9.70000
v 1.65221 13.50342 9.70000
v 1.67804 13.50769 9.70000
v 1.70353 13.51363 9.70000
v 1.72858 13.52123 9.70000
v 1.75307 13.53045 9.70000
v 1.77692 13.54125 9.70000
v 1.80000 13.55359 9.70000
v 1.82223 13.56741 9.70000
v 1.84350 13.58266 9.70000
v 1.86374 13.59926 9.70000
v 1.88284 13.61716 9.70000
v 1.90074 13.63626 9.70000
v 1.91734 13.65650 9.70000
v 1.93259 13.67777 9.70000
v 1.94641 13.70000 9.70000
v 1.95875 13.72308 9.70000
v 1.96955 13.74693 9.70000
v 1.97877 13.77142 9.70000
v 1.98637 13.79647 9.70000
v 1.99231 13.82196 9.70000
v 1.99658 13.84779 9.70000
v 1.99914 13.87384 9.70000
v 2.00000 16.10000 11.10000
v 1.99914 16.12616 11.10000
v 1.99658 16.15221 11.10000
v 1.99231 16.17804 11.10000
v 1.98637 16.20353 11.10000
v 1.97877 16.22858 11.10000
v 1.96955 16.25307 11.10000
v 1.95875 16.27692 11.10000
v 1.94641 16.30000 11.10000
v 1.93259 16.32223 11.10000
v 1.91734 16.34350 11.10000
v 1.90074 16.36374 11.10000
v 1.88284 16.38284 11.10000
v 1.86374 16.40074 11.10000
v 1.84350 16.41734 11.10000
v 1.82223 16.43259 11.10000
v 1.80000 16.44641 11.10000
v 1.77692 16.45875 11.10000
v 1.75307 16.46955 11.10000
v 1.72858 16.47877 11.10000
v 1.70353 16.48637 11.10000
v 1.67804 16.49231 11.10000
v 1.65221 16.49658 11.10000
v 1.62616 16.49914 11.10000
v -1.60000 16.50000 11.10000
v -1.62616 16.49914 11.10000
v -1.65221 16.49658 11.10000
v -1.67804 16.49231 11.10000
v -1.70353 16.48637 11.10000
v -1.72858 16.47877 11.10000
v -1.75307 16.46955 11.10000
v -1.77692 16.45875 11.10000
v -1.80000 16.44641 11.10000
v -1.82223 16.43259 11.10000
v -1.84350 16.41734 11.10000
v -1.86374 16.40074 11.10000
v -1.88284 16.38284 11.10000
v -1.90074 16.36374 11.10000
v -1.91734 16.34350 11.10000
v -1.93259 16.32223 11.10000
v -1.94641 16.30000 11.10000
v -1.95875 16.27692 11.10000
v -1.96955 16.25307 11.10000
v -1.97877 16.22858 11.10000
v -1.98637 16.20353 11.10000
v -1.99231 16.17804 11.10000
v -1.99658 16.15221 11.10000
v -1.99914 16.12616 11.10000
v -2.00000 13.90000 11.10000
v -1.99914 13.87384 11.10000
v -1.99658 13.84779 11.10000
v -1.99231 13.82196 11.10000
v -1.98637 13.79647 11.10000
v -1.97877 13.77142 11.10000
v -1.96955 13.74693 11.10000
v -1.95875 13.72308 11.10000
v -1.94641 13.70000 11.10000
v -1.93259 13.67777 11.10000
v -1.91734 13.65650 11.10000
v -1.90074 13.63626 11.10000
v -1.88284 13.61716 11.10000
v -1.86374 13.59926 11.10000
v -1.84350 13.58266 11.10000
v -1.82223 13.56741 11.10000
v -1.80000 13.55359 11.10000
v -1.77692 13.54125 11.10000
v -1.75307 13.53045 11.10000
v -1.72858 13.52123 11.10000
v -1.70353 13.51363 11.10000
v -1.67804 13.50769 11.10000
v -1.65221 13.50342 11.10000
v -1.62616 13.50086 11.10000
v 1.60000 13.50000 11.10000
v 1.62616 13.50086 11.10000
v 1.65221 13.50342 11.10000
v 1.67804 13.50769 11.10000
v 1.70353 13.51363 11.10000
v 1.72858 13.52123 11.10000
v 1.75307 13.53045 11.10000
v 1.77692 13.54125 11.10000
v 1.80000 13.55359 11.10000
v 1.82223 13.56741 11.10000
v 1.84350 13.58266 11.10000
v 1.86374 13.59926 11.10000
v 1.88284 13.61716 11.10000
v 1.90074 13.63626 11.10000
v 1.91734 13.65650 11.10000
v 1.93259 13.67777 11.10000
v 1.94641 13.70000 11.10000
v 1.95875 13.72308 11.10000
v 1.96955 13.74693 11.10000
v 1.97877 13.77142 11.10000
v 1.98637 13.79647 11.10000
v 1.99231 13.82196 11.10000
v 1.99658 13.84779 11.10000
v 1.99914 13.87384 11.10000
v 0.00000 15.00000 9.70000
v 0.00000 15.00000 11.10000
f 2903 2904 3000
f 2903 3000 2999
f 2904 2905 3001
f 2904 3001 3000
f 2905 2906 3002
f 2905 3002 3001
f 2906 2907 3003
f 2906 3003 3002
f 2907 2908 3004
f 2907 3004 3003
f 2908 2909 3005
f 2908 3005 3004
f 2909 2910 3006
f 2909 3006 3005
f 2910 2911 3007
f 2910 3007 3006
f 2911 2912 3008
f 2911 3008 3007
f 2912 2913 3009
f 2912 3009 3008
f 2913 2914 3010
f 2913 3010 3009
f 2914 2915 3011
f 2914 3011 3010
f 2915 2916 3012
f 2915 3012 3011
f 2916 2917 3013
f 2916 3013 3012
f 2917 2918 3014
f 2917 3014 3013
f 2918 2919 3015
f 2918 3015 3014
f 2919 2920 3016
f 2919 3016 3015
f 2920 2921 3017
f 2920 3017 3016
f 2921 2922 3018
f 2921 3018 3017
f 2922 2923 3019
f 2922 3019 3018
f 2923 2924 3020
f 2923 3020 3019
f 2924 2925 3021
f 2924 3021 3020
f 2925 2926 3022
f 2925 3022 3021
f 2926 2927 3023
f 2926 3023 3022
f 2927 2928 3024
f 2927 3024 3023
f 2928 2929 3025
f 2928 3025 3024
f 2929 2930 3026
f 2929 3026 3025
f 2930 2931 3027
f 2930 3027 3026
f 2931 2932 3028
f 2931 3028 3027
f 2932 2933 3029
f 2932 3029 3028
f 2933 2934 3030
f 2933 3030 3029
f 2934 2935 3031
f 2934 3031 3030
f 2935 2936 3032
f 2935 3032 3031
f 2936 2937 3033
f 2936 3033 3032
f 2937 2938 3034
f 2937 3034 3033
f 2938 2939 3035
f 2938 3035 3034
f 2939 2940 3036
f 2939 3036 3035
f 2940 2941 3037
f 2940 3037 3036
f 2941 2942 3038
f 2941 3038 3037
f 2942 2943 3039
f 2942 3039 3038
f 2943 2944 3040
f 2943 3040 3039
f 2944 2945 3041
f 2944 3041 3040
f 2945 2946 3042
f 2945 3042 3041
f 2946 2947 3043
f 2946 3043 3042
f 2947 2948 3044
f 2947 3044 3043
f 2948 2949 3045
f 2948 3045 3044
f 2949 2950 3046
f 2949 3046 3045
f 2950 2951 3047
f 2950 3047 3046
f 2951 2952 3048
f 2951 3048 3047
f 2952 2953 3049
f 2952 3049 3048
f 2953 2954 3050
f 2953 3050 3049
f 2954 2955 3051
f 2954 3051 3050
f 2955 2956 3052
f 2955 3052 3051
f 2956 2957 3053
f 2956 3053 3052
f 2957 2958 3054
f 2957 3054 3053
f 2958 2959 3055
f 2958 3055 3054
f 2959 2960 3056
f 2959 3056 3055
f 2960 2961 3057
f 2960 3057 3056
f 2961 2962 3058
f 2961 3058 3057
f 2962 2963 3059
f 2962 3059 3058
f 2963 2964 3060
f 2963 3060 3059
f 2964 2965 3061
f 2964 3061 3060
f 2965 2966 3062
f 2965 3062 3061
f 2966 2967 3063
f 2966 3063 3062
f 2967 2968 3064
f 2967 3064 3063
f 2968 2969 3065
f 2968 3065 3064
f 2969 2970 3066
f 2969 3066 3065
f 2970 2971 3067
f 2970 3067 3066
f 2971 2972 3068
f 2971 3068 3067
f 2972 2973 3069
f 2972 3069 3068
f 2973 2974 3070
f 2973 3070 3069
f 2974 2975 3071
f 2974 3071 3070
f 2975 2976 3072
f 2975 3072 3071
f 2976 2977 3073
f 2976 3073 3072
f 2977 2978 3074
f 2977 3074 3073
f 2978 2979 3075
f 2978 3075 3074
f 2979 2980 3076
f 2979 3076 3075
f 2980 2981 3077
f 2980 3077 3076
f 2981 2982 3078
f 2981 3078 3077
f 2982 2983 3079
f 2982 3079 3078
f 2983 2984 3080
f 2983 3080 3079
f 2984 2985 3081
f 2984 3081 3080
f 2985 2986 3082
f 2985 3082 3081
f 2986 2987 3083
f 2986 3083 3082
f 2987 2988 3084
f 2987 3084 3083
f 2988 2989 3085
f 2988 3085 3084
f 2989 2990 3086
f 2989 3086 3085
f 2990 2991 3087
f 2990 3087 3086
f 2991 2992 3088
f 2991 3088 3087
f 2992 2993 3089
f 2992 3089 3088
f 2993 2994 3090
f 2993 3090 3089
f 2994 2995 3091
f 2994 3091 3090
f 2995 2996 3092
f 2995 3092 3091
f 2996 2997 3093
f 2996 3093 3092
f 2997 2998 3094
f 2997 3094 3093
f 2998 2903 2999
f 2998 2999 3094
f 2904 2903 3095
f 2905 2904 3095
f 2906 2905 3095
f 2907 2906 3095
f 2908 2907 3095
f 2909 2908 3095
f 2910 2909 3095
f 2911 2910 3095
f 2912 2911 3095
f 2913 2912 3095
f 2914 2913 3095
f 2915 2914 3095
f 2916 2915 3095
f 2917 2916 3095
f 2918 2917 3095
f 2919 2918 3095
f 2920 2919 3095
f 2921 2920 3095
f 2922 2921 3095
f 2923 2922 3095
f 2924 2923 3095
f 2925 2924 3095
f 2926 2925 3095
f 2927 2926 3095
f 2928 2927 3095
f 2929 2928 3095
f 2930 2929 3095
f 2931 2930 3095
f 2932 2931 3095
f 2933 2932 3095
f 2934 2933 3095
f 2935 2934 3095
f 2936 2935 3095
f 2937 2936 3095
f 2938 2937 3095
f 2939 2938 3095
f 2940 2939 3095
f 2941 2940 3095
f 2942 2941 3095
f 2943 2942 3095
f 2944 2943 3095
f 2945 2944 3095
f 2946 2945 3095
f 2947 2946 3095
f 2948 2947 3095
f 2949 2948 3095
f 2950 2949 3095
f 2951 2950 3095
f 2952 2951 3095
f 2953 2952 3095
f 2954 2953 3095
f 2955 2954 3095
f 2956 2955 3095
f 2957 2956 3095
f 2958 2957 3095
f 2959 2958 3095
f 2960 2959 3095
f 2961 2960 3095
f 2962 2961 3095
f 2963 2962 3095
f 2964 2963 3095
f 2965 2964 3095
f 2966 2965 3095
f 2967 2966 3095
f 2968 2967 3095
f 2969 2968 3095
f 2970 2969 3095
f 2971 2970 3095
f 2972 2971 3095
f 2973 2972 3095
f 2974 2973 3095
f 2975 2974 3095
f 2976 2975 3095
f 2977 2976 3095
f 2978 2977 3095
f 2979 2978 3095
f 2980 2979 3095
f 2981 2980 3095
f 2982 2981 3095
f 2983 2982 3095
f 2984 2983 3095
f 2985 2984 3095
f 2986 2985 3095
f 2987 2986 3095
f 2988 2987 3095
f 2989 2988 3095
f 2990 2989 3095
f 2991 2990 3095
f 2992 2991 3095
f 2993 2992 3095
f 2994 2993 3095
f 2995 2994 3095
f 2996 2995 3095
f 2997 2996 3095
f 2998 2997 3095
f 2903 2998 3095
f 3096 2999 3000
f 3096 3000 3001
f 3096 3001 3002
f 3096 3002 3003
f 3096 3003 3004
f 3096 3004 3005
f 3096 3005 3006
f 3096 3006 3007
f 3096 3007 3008
f 3096 3008 3009
f 3096 3009 3010
f 3096 3010 3011
f 3096 3011 3012
f 3096 3012 3013
f 3096 3013 3014
f 3096 3014 3015
f 3096 3015 3016
f 3096 3016 3017
f 3096 3017 3018
f 3096 3018 3019
f 3096 3019 3020
f 3096 3020 3021
f 3096 3021 3022
f 3096 3022 3023
f 3096 3023 3024
f 3096 3024 3025
f 3096 3025 3026
f 3096 3026 3027
f 3096 3027 3028
f 3096 3028 3029
f 3096 3029 3030
f 3096 3030 3031
f 3096 3031 3032
f 3096 3032 3033
f 3096 3033 3034
f 3096 3034 3035
f 3096 3035 3036
f 3096 3036 3037
f 3096 3037 3038
f 3096 3038 3039
f 3096 3039 3040
f 3096 3040 3041
f 3096 3041 3042
f 3096 3042 3043
f 3096 3043 3044
f 3096 3044 3045
f 3096 3045 3046
f 3096 3046 3047
f 3096 3047 3048
f 3096 3048 3049
f 3096 3049 3050
f 3096 3050 3051
f 3096 3051 3052
f 3096 3052 3053
f 3096 3053 3054
f 3096 3054 3055
f 3096 3055 3056
f 3096 3056 3057
f 3096 3057 3058
f 3096 3058 3059
f 3096 3059 3060
f 3096 3060 3061
f 3096 3061 3062
f 3096 3062 3063
f 3096 3063 3064
f 3096 3064 3065
f 3096 3065 3066
f 3096 3066 3067
f 3096 3067 3068
f 3096 3068 3069
f 3096 3069 3070
f 3096 3070 3071
f 3096 3071 3072
f 3096 3072 3073
f 3096 3073 3074
f 3096 3074 3075
f 3096 3075 3076
f 3096 3076 3077
f 3096 3077 3078
f 3096 3078 3079
f 3096 3079 3080
f 3096 3080 3081
f 3096 3081 3082
f 3096 3082 3083
f 3096 3083 3084
f 3096 3084 3085
f 3096 3085 3086
f 3096 3086 3087
f 3096 3087 3088
f 3096 3088 3089
f 3096 3089 3090
f 3096 3090 3091
f 3096 3091 3092
f 3096 3092 3093
f 3096 3093 3094
f 3096 3094 2999
o mic2
v 2.00000 -16.90000 9.70000
v 1.99914 -16.87384 9.70000
v 1.99658 -16.84779 9.70000
v 1.99231 -16.82196 9.70000
v 1.98637 -16.79647 9.70000
v 1.97877 -16.77142 9.70000
v 1.96955 -16.74693 9.70000
v 1.95875 -16.72308 9.70000
v 1.94641 -16.70000 9.70000
v 1.93259 -16.67777 9.70000
v 1.91734 -16.65650 9.70000
v 1.90074 -16.63626 9.70000
v 1.88284 -16.61716 9.70000
v 1.86374 -16.59926 9.70000
v 1.84350 -16.58266 9.70000
v 1.82223 -16.56741 9.70000
v 1.80000 -16.55359 9.70000
v 1.77692 -16.54125 9.70000
v 1.75307 -16.53045 9.70000
v 1.72858 -16.52123 9.70000
v 1.70353 -16.51363 9.70000
v 1.67804 -16.50769 9.70000
v 1.65221 -16.50342 9.70000
v 1.62616 -16.50086 9.70000
v -1.60000 -16.50000 9.70000
v -1.62616 -16.50086 9.70000
v -1.65221 -16.50342 9.70000
v -1.67804 -16.50769 9.70000
v -1.70353 -16.51363 9.70000
v -1.72858 -16.52123 9.70000
v -1.75307 -16.53045 9.70000
v -1.77692 -16.54125 9.70000
v -1.80000 -16.55359 9.70000
v -1.82223 -16.56741 9.70000
v -1.84350 -16.58266 9.70000
v -1.86374 -16.59926 9.70000
v -1.88284 -16.61716 9.70000
v -1.90074 -16.63626 9.70000
v -1.91734 -16.65650 9.70000
v -1.93259 -16.67777 9.70000
v -1.94641 -16.70000 9.70000
v -1.95875 -16.72308 9.70000
v -1.96955 -16.74693 9.70000
v -1.97877 -16.77142 9.70000
v -1.98637 -16.79647 9.70000
v -1.99231 -16.82196 9.70000
v -1.99658 -16.84779 9.70000
v -1.99914 -16.87384 9.70000
v -2.00000 -19.10000 9.70000
v -1.99914 -19.12616 9.70000
v -1.99658 -19.15221 9.70000
v -1.99231 -19.17804 9.70000
v -1.98637 -19.20353 9.70000
v -1.97877 -19.22858 9.70000
v -1.96955 -19.25307 9.70000
v -1.95875 -19.27692 9.70000
v -1.94641 -19.30000 9.70000
v -1.93259 -19.32223 9.70000
v -1.91734 -19.34350 9.70000
v -1.90074 -19.36374 9.70000
v -1.88284 -19.38284 9.70000
v -1.86374 -19.40074 9.70000
v -1.84350 -19.41734 9.70000
v -1.82223 -19.43259 9.70000
v -1.80000 -19.44641 9.70000
v -1.77692 -19.45875 9.70000
v -1.75307 -19.46955 9.70000
v -1.72858 -19.47877 9.70000
v -1.70353 -19.48637 9.70000
v -1.67804 -19.49231 9.70000
v -1.65221 -19.49658 9.70000
v -1.62616 -19.49914 9.70000
v 1.60000 -19.50000 9.70000
v 1.62616 -19.49914 9.70000
v 1.65221 -19.49658 9.70000
v 1.67804 -19.49231 9.70000
v 1.70353 -19.48637 9.70000
v 1.72858 -19.47877 9.70000
v 1.75307 -19.46955 9.70000
v 1.77692 -19.45875 9.70000
v 1.80000 -19.44641 9.70000
v 1.82223 -19.43259 9.70000
v 1.84350 -19.41734 9.70000
v 1.86374 -19.40074 9.70000
v 1.88284 -19.38284 9.70000
v 1.90074 -19.36374 9.70000
v 1.91734 -19.34350 9.70000
v 1.93259 -19.32223 9.70000
v 1.94641 -19.30000 9.70000
v 1.95875 -19.27692 9.70000
v 1.96955 -19.25307 9.70000
v 1.97877 -19.22858 9.70000
v 1.98637 -19.20353 9.70000
v 1.99231 -19.17804 9.70000
v 1.99658 -19.15221 9.70000
v 1.99914 -19.12616 9.70000
v 2.00000 -16.90000 11.10000
v 1.99914 -16.87384 11.10000
v 1.99658 -16.84779 11.10000
v 1.99231 -16.82196 11.10000
v 1.98637 -16.79647 11.10000
v 1.97877 -16.77142 11.10000
v 1.96955 -16.74693 11.10000
v 1.95875 -16.72308 11.10000
v 1.94641 -16.70000 11.10000
v 1.93259 -16.67777 11.10000
v 1.91734 -16.65650 11.10000
v 1.90074 -16.63626 11.10000
v 1.88284 -16.61716 11.10000
v 1.86374 -16.59926 11.10000
v 1.84350 -16.58266 11.10000
v 1.82223 -16.56741 11.10000
v 1.80000 -16.55359 11.10000
v 1.77692 -16.54125 11.10000
v 1.75307 -16.53045 11.10000
v 1.72858 -16.52123 11.10000
v 1.70353 -16.51363 11.10000
v 1.67804 -16.50769 11.10000
v 1.65221 -16.50342 11.10000
v 1.62616 -16.50086 11.10000
v -1.60000 -16.50000 11.10000
v -1.62616 -16.50086 11.10000
v -1.65221 -16.50342 11.10000
v -1.67804 -16.50769 11.10000
v -1.70353 -16.51363 11.10000
v -1.72858 -16.52123 11.10000
v -1.75307 -16.53045 11.10000
v -1.77692 -16.54125 11.10000
v -1.80000 -16.55359 11.10000
v -1.82223 -16.56741 11.10000
v -1.84350 -16.58266 11.10000
v -1.86374 -16.59926 11.10000
v -1.88284 -16.61716 11.10000
v -1.90074 -16.63626 11.10000
v -1.91734 -16.65650 11.10000
v -1.93259 -16.67777 11.10000
v -1.94641 -16.70000 11.10000
v -1.95875 -16.72308 11.10000
v -1.96955 -16.74693 11.10000
v -1.97877 -16.77142 11.10000
v -1.98637 -16.79647 11.10000
v -1.99231 -16.82196 11.10000
v -1.99658 -16.84779 11.10000
v -1.99914 -16.87384 11.10000
v -2.00000 -19.10000 11.10000
v -1.99914 -19.12616 11.10000
v -1.99658 -19.15221 11.10000
v -1.99231 -19.17804 11.10000
v -1.98637 -19.20353 11.10000
v -1.97877 -19.22858 11.10000
v -1.96955 -19.25307 11.10000
v -1.95875 -19.27692 11.10000
v -1.94641 -19.30000 11.10000
v -1.93259 -19.32223 11.10000
v -1.91734 -19.34350 11.10000
v -1.90074 -19.36374 11.10000
v -1.88284 -19.38284 11.10000
v -1.86374 -19.40074 11.10000
v -1.84350 -19.41734 11.10000
v -1.82223 -19.43259 11.10000
v -1.80000 -19.44641 11.10000
v -1.77692 -19.45875 11.10000
v -1.75307 -19.46955 11.10000
v -1.72858 -19.47877 11.10000
v -1.70353 -19.48637 11.10000
v -1.67804 -19.49231 11.10000
v -1.65221 -19.49658 11.10000
v -1.62616 -19.49914 11.10000
v 1.60000 -19.50000 11.10000
v 1.62616 -19.49914 11.10000
v 1.65221 -19.49658 11.10000
v 1.67804 -19.49231 11.10000
v 1.70353 -19.48637 11.10000
v 1.72858 -19.47877 11.10000
v 1.75307 -19.46955 11.10000
v 1.77692 -19.45875 11.10000
v 1.80000 -19.44641 11.10000
v 1.82223 -19.43259 11.10000
v 1.84350 -19.41734 11.10000
v 1.86374 -19.40074 11.10000
v 1.88284 -19.38284 11.10000
v 1.90074 -19.36374 11.10000
v 1.91734 -19.34350 11.10000
v 1.93259 -19.32223 11.10000
v 1.94641 -19.30000 11.10000
v 1.95875 -19.27692 11.10000
v 1.96955 -19.25307 11.10000
v 1.97877 -19.22858 11.10000
v 1.98637 -19.20353 11.10000
v 1.99231 -19.17804 11.10000
v 1.99658 -19.15221 11.10000
v 1.99914 -19.12616 11.10000
v 0.00000 -18.00000 9.70000
v 0.00000 -18.00000 11.10000
f 3097 3098 3194
f 3097 3194 3193
f 3098 3099 3195
f 3098 3195 3194
f 3099 3100 3196
f 3099 3196 3195
f 3100 3101 3197
f 3100 3197 3196
f 3101 3102 3198
f 3101 3198 3197
f 3102 3103 3199
f 3102 3199 3198
f 3103 3104 3200
f 3103 3200 3199
f 3104 3105 3201
f 3104 3201 3200
f 3105 3106 3202
f 3105 3202 3201
f 3106 3107 3203
f 3106 3203 3202
f 3107 3108 3204
f 3107 3204 3203
f 3108 3109 3205
f 3108 3205 3204
f 3109 3110 3206
f 3109 3206 3205
f 3110 3111 3207
f 3110 3207 3206
f 3111 3112 3208
f 3111 3208 3207
f 3112 3113 3209
f 3112 3209 3208
f 3113 3114 3210
f 3113 3210 3209
f 3114 3115 3211
f 3114 3211 3210
f 3115 3116 3212
f 3115 3212 3211
f 3116 3117 3213
f 3116 3213 3212
f 3117 3118 3214
f 3117 3214 3213
f 3118 3119 3215
f 3118 3215 3214
f 3119 3120 3216
f 3119 3216 3215
f 3120 3121 3217
f 3120 3217 3216
f 3121 3122 3218
f 3121 3218 3217
f 3122 3123 3219
f 3122 3219 3218
f 3123 3124 3220
f 3123 3220 3219
f 3124 3125 3221
f 3124 3221 3220
f 3125 3126 3222
f 3125 3222 3221
f 3126 3127 3223
f 3126 3223 3222
f 3127 3128 3224
f 3127 3224 3223
f 3128 3129 3225
f 3128 3225 3224
f 3129 3130 3226
f 3129 3226 3225
f 3130 3131 3227
f 3130 3227 3226
f 3131 3132 3228
f 3131 3228 3227
f 3132 3133 3229
f 3132 3229 3228
f 3133 3134 3230
f 3133 3230 3229
f 3134 3135 3231
f 3134 3231 3230
f 3135 3136 3232
f 3135 3232 3231
f 3136 3137 3233
f 3136 3233 3232
f 3137 3138 3234
f 3137 3234 3233
f 3138 3139 3235
f 3138 3235 3234
f 3139 3140 3236
f 3139 3236 3235
f 3140 3141 3237
f 3140 3237 3236
f 3141 3142 3238
f 3141 3238 3237
f 3142 3143 3239
f 3142 3239 3238
f 3143 3144 3240
f 3143 3240 3239
f 3144 3145 3241
f 3144 3241 3240
f 3145 3146 3242
f 3145 3242 3241
f 3146 3147 3243
f 3146 3243 3242
f 3147 3148 3244
f 3147 3244 3243
f 3148 3149 3245
f 3148 3245 3244
f 3149 3150 3246
f 3149 3246 3245
f 3150 3151 3247
f 3150 3247 3246
f 3151 3152 3248
f 3151 3248 3247
f 3152 3153 3249
f 3152 3249 3248
f 3153 3154 3250
f 3153 3250 3249
f 3154 3155 3251
f 3154 3251 3250
f 3155 3156 3252
f 3155 3252 3251
f 3156 3157 3253
f 3156 3253 3252
f 3157 3158 3254
f 3157 3254 3253
f 3158 3159 3255
f 3158 3255 3254
f 3159 3160 3256
f 3159 3256 3255
f 3160 3161 3257
f 3160 3257 3256
f 3161 3162 3258
f 3161 3258 3257
f 3162 3163 3259
f 3162 3259 3258
f 3163 3164 3260
f 3163 3260 3259
f 3164 3165 3261
f 3164 3261 3260
f 3165 3166 3262
f 3165 3262 3261
f 3166 3167 3263
f 3166 3263 3262
f 3167 3168 3264
f 3167 3264 3263
f 3168 3169 3265
f 3168 3265 3264
f 3169 3170 3266
f 3169 3266 3265
f 3170 3171 3267
f 3170 3267 3266
f 3171 3172 3268
f 3171 3268 3267
f 3172 3173 3269
f 3172 3269 3268
f 3173 3174 3270
f 3173 3270 3269
f 3174 3175 3271
f 3174 3271 3270
f 3175 3176 3272
f 3175 3272 3271
f 3176 3177 3273
f 3176 3273 3272
f 3177 3178 3274
f 3177 3274 3273
f 3178 3179 3275
f 3178 3275 3274
f 3179 3180 3276
f 3179 3276 3275
f 3180 3181 3277
f 3180 3277 3276
f 3181 3182 3278
f 3181 3278 3277
f 3182 3183 3279
f 3182 3279 3278
f 3183 3184 3280
f 3183 3280 3279
f 3184 3185 3281
f 3184 3281 3280
f 3185 3186 3282
f 3185 3282 3281
f 3186 3187 3283
f 3186 3283 3282
f 3187 3188 3284
f 3187 3284 3283
f 3188 3189 3285
f 3188 3285 3284
f 3189 3190 3286
f 3189 3286 3285
f 3190 3191 3287
f 3190 3287 3286
f 3191 3192 3288
f 3191 3288 3287
f 3192 3097 3193
f 3192 3193 3288
f 3098 3097 3289
f 3099 3098 3289
f 3100 3099 3289
f 3101 3100 3289
f 3102 3101 3289
f 3103 3102 3289
f 3104 3103 3289
f 3105 3104 3289
f 3106 3105 3289
f 3107 3106 3289
f 3108 3107 3289
f 3109 3108 3289
f 3110 3109 3289
f 3111 3110 3289
f 3112 3111 3289
f 3113 3112 3289
f 3114 3113 3289
f 3115 3114 3289
f 3116 3115 3289
f 3117 3116 3289
f 3118 3117 3289
f 3119 3118 3289
f 3120 3119 3289
f 3121 3120 3289
f 3122 3121 3289
f 3123 3122 3289
f 3124 3123 3289
f 3125 3124 3289
f 3126 3125 3289
f 3127 3126 3289
f 3128 3127 3289
f 3129 3128 3289
f 3130 3129 3289
f 3131 3130 3289
f 3132 3131 3289
f 3133 3132 3289
f 3134 3133 3289
f 3135 3134 3289
f 3136 3135 3289
f 3137 3136 3289
f 3138 3137 3289
f 3139 3138 3289
f 3140 3139 3289
f 3141 3140 3289
f 3142 3141 3289
f 3143 3142 3289
f 3144 3143 3289
f 3145 3144 3289
f 3146 3145 3289
f 3147 3146 3289
f 3148 3147 3289
f 3149 3148 3289
f 3150 3149 3289
f 3151 3150 3289
f 3152 3151 3289
f 3153 3152 3289
f 3154 3153 3289
f 3155 3154 3289
f 3156 3155 3289
f 3157 3156 3289
f 3158 3157 3289
f 3159 3158 3289
f 3160 3159 3289
f 3161 3160 3289
f 3162 3161 3289
f 3163 3162 3289
f 3164 3163 3289
f 3165 3164 3289
f 3166 3165 3289
f 3167 3166 3289
f 3168 3167 3289
f 3169 3168 3289
f 3170 3169 3289
f 3171 3170 3289
f 3172 3171 3289
f 3173 3172 3289
f 3174 3173 3289
f 3175 3174 3289
f 3176 3175 3289
f 3177 3176 3289
f 3178 3177 3289
f 3179 3178 3289
f 3180 3179 3289
f 3181 3180 3289
f 3182 3181 3289
f 3183 3182 3289
f 3184 3183 3289
f 3185 3184 3289
f 3186 3185 3289
f 3187 3186 3289
f 3188 3187 3289
f 3189 3188 3289
f 3190 3189 3289
f 3191 3190 3289
f 3192 3191 3289
f 3097 3192 3289
f 3290 3193 3194
f 3290 3194 3195
f 3290 3195 3196
f 3290 3196 3197
f 3290 3197 3198
f 3290 3198 3199
f 3290 3199 3200
f 3290 3200 3201
f 3290 3201 3202
f 3290 3202 3203
f 3290 3203 3204
f 3290 3204 3205
f 3290 3205 3206
f 3290 3206 3207
f 3290 3207 3208
f 3290 3208 3209
f 3290 3209 3210
f 3290 3210 3211
f 3290 3211 3212
f 3290 3212 3213
f 3290 3213 3214
f 3290 3214 3215
f 3290 3215 3216
f 3290 3216 3217
f 3290 3217 3218
f 3290 3218 3219
f 3290 3219 3220
f 3290 3220 3221
f 3290 3221 3222
f 3290 3222 3223
f 3290 3223 3224
f 3290 3224 3225
f 3290 3225 3226
f 3290 3226 3227
f 3290 3227 3228
f 3290 3228 3229
f 3290 3229 3230
f 3290 3230 3231
f 3290 3231 3232
f 3290 3232 3233
f 3290 3233 3234
f 3290 3234 3235
f 3290 3235 3236
f 3290 3236 3237
f 3290 3237 3238
f 3290 3238 3239
f 3290 3239 3240
f 3290 3240 3241
f 3290 3241 3242
f 3290 3242 3243
f 3290 3243 3244
f 3290 3244 3245
f 3290 3245 3246
f 3290 3246 3247
f 3290 3247 3248
f 3290 3248 3249
f 3290 3249 3250
f 3290 3250 3251
f 3290 3251 3252
f 3290 3252 3253
f 3290 3253 3254
f 3290 3254 3255
f 3290 3255 3256
f 3290 3256 3257
f 3290 3257 3258
f 3290 3258 3259
f 3290 3259 3260
f 3290 3260 3261
f 3290 3261 3262
f 3290 3262 3263
f 3290 3263 3264
f 3290 3264 3265
f 3290 3265 3266
f 3290 3266 3267
f 3290 3267 3268
f 3290 3268 3269
f 3290 3269 3270
f 3290 3270 3271
f 3290 3271 3272
f 3290 3272 3273
f 3290 3273 3274
f 3290 3274 3275
f 3290 3275 3276
f 3290 3276 3277
f 3290 3277 3278
f 3290 3278 3279
f 3290 3279 3280
f 3290 3280 3281
f 3290 3281 3282
f 3290 3282 3283
f 3290 3283 3284
f 3290 3284 3285
f 3290 3285 3286
f 3290 3286 3287
f 3290 3287 3288
f 3290 3288 3193
o lid
v 13.50000 18.00000 11.80000
v 13.48715 18.39242 11.80000
v 13.44867 18.78316 11.80000
v 13.38471 19.17054 11.80000
v 13.29555 19.55291 11.80000
v 13.18158 19.92864 11.80000
v 13.04328 20.29610 11.80000
v 12.88124 20.65373 11.80000
v 12.69615 21.00000 11.80000
v 12.48882 21.33342 11.80000
v 12.26012 21.65257 11.80000
v 12.01104 21.95607 11.80000
v 11.74264 22.24264 11.80000
v 11.45607 22.51104 11.80000
v 11.15257 22.76012 11.80000
v 10.83342 22.98882 11.80000
v 10.50000 23.19615 11.80000
v 10.15373 23.38124 11.80000
v 9.79610 23.54328 11.80000
v 9.42864 23.68158 11.80000
v 9.05291 23.79555 11.80000
v 8.67054 23.88471 11.80000
v 8.28316 23.94867 11.80000
v 7.89242 23.98715 11.80000
v -7.50000 24.00000 11.80000
v -7.89242 23.98715 11.80000
v -8.28316 23.94867 11.80000
v -8.67054 23.88471 11.80000
v -9.05291 23.79555 11.80000
v -9.42864 23.68158 11.80000
v -9.79610 23.54328 11.80000
v -10.15373 23.38124 11.80000
v -10.50000 23.19615 11.80000
v -10.83342 22.98882 11.80000
v -11.15257 22.76012 11.80000
v -11.45607 22.51104 11.80000
v -11.74264 22.24264 11.80000
v -12.01104 21.95607 11.80000
v -12.26012 21.65257 11.80000
v -12.48882 21.33342 11.80000
v -12.69615 21.00000 11.80000
v -12.88124 20.65373 11.80000
v -13.04328 20.29610 11.80000
v -13.18158 19.92864 11.80000
v -13.29555 19.55291 11.80000
v -13.38471 19.17054 11.80000
v -13.44867 18.78316 11.80000
v -13.48715 18.39242 11.80000
v -13.50000 -18.00000 11.80000
v -13.48715 -18.39242 11.80000
v -13.44867 -18.78316 11.80000
v -13.38471 -19.17054 11.80000
v -13.29555 -19.55291 11.80000
v -13.18158 -19.92864 11.80000
v -13.04328 -20.29610 11.80000
v -12.88124 -20.65373 11.80000
v -12.69615 -21.00000 11.80000
v -12.48882 -21.33342 11.80000
v -12.26012 -21.65257 11.80000
v -12.01104 -21.95607 11.80000
v -11.74264 -22.24264 11.80000
v -11.45607 -22.51104 11.80000
v -11.15257 -22.76012 11.80000
v -10.83342 -22.98882 11.80000
v -10.50000 -23.19615 11.80000
v -10.15373 -23.38124 11.80000
v -9.79610 -23.54328 11.80000
v -9.42864 -23.68158 11.80000
v -9.05291 -23.79555 11.80000
v -8.67054 -23.88471 11.80000
v -8.28316 -23.94867 11.80000
v -7.89242 -23.98715 11.80000
v 7.50000 -24.00000 11.80000
v 7.89242 -23.98715 11.80000
v 8.28316 -23.94867 11.80000
v 8.67054 -23.88471 11.80000
v 9.05291 -23.79555 11.80000
v 9.42864 -23.68158 11.80000
v 9.79610 -23.54328 11.80000
v 10.15373 -23.38124 11.80000
v 10.50000 -23.19615 11.80000
v 10.83342 -22.98882 11.80000
v 11.15257 -22.76012 11.80000
v 11.45607 -22.51104 11.80000
v 11.74264 -22.24264 11.80000
v 12.01104 -21.95607 11.80000
v 12.26012 -21.65257 11.80000
v 12.48882 -21.33342 11.80000
v 12.69615 -21.00000 11.80000
v 12.88124 -20.65373 11.80000
v 13.04328 -20.29610 11.80000
v 13.18158 -19.92864 11.80000
v 13.29555 -19.55291 11.80000
v 13.38471 -19.17054 11.80000
v 13.44867 -18.78316 11.80000
v 13.48715 -18.39242 11.80000
v 13.50000 18.00000 13.00000
v 13.48715 18.39242 13.00000
v 13.44867 18.78316 13.00000
v 13.38471 19.17054 13.00000
v 13.29555 19.55291 13.00000
v 13.18158 19.92864 13.00000
v 13.04328 20.29610 13.00000
v 12.88124 20.65373 13.00000
v 12.69615 21.00000 13.00000
v 12.48882 21.33342 13.00000
v 12.26012 21.65257 13.00000
v 12.01104 21.95607 13.00000
v 11.74264 22.24264 13.00000
v 11.45607 22.51104 13.00000
v 11.15257 22.76012 13.00000
v 10.83342 22.98882 13.00000
v 10.50000 23.19615 13.00000
v 10.15373 23.38124 13.00000
v 9.79610 23.54328 13.00000
v 9.42864 23.68158 13.00000
v 9.05291 23.79555 13.00000
v 8.67054 23.88471 13.00000
v 8.28316 23.94867 13.00000
v 7.89242 23.98715 13.00000
v -7.50000 24.00000 13.00000
v -7.89242 23.98715 13.00000
v -8.28316 23.94867 13.00000
v -8.67054 23.88471 13.00000
v -9.05291 23.79555 13.00000
v -9.42864 23.68158 13.00000
v -9.79610 23.54328 13.00000
v -10.15373 23.38124 13.00000
v -10.50000 23.19615 13.00000
v -10.83342 22.98882 13.00000
v -11.15257 22.76012 13.00000
v -11.45607 22.51104 13.00000
v -11.74264 22.24264 13.00000
v -12.01104 21.95607 13.00000
v -12.26012 21.65257 13.00000
v -12.48882 21.33342 13.00000
v -12.69615 21.00000 13.00000
v -12.88124 20.65373 13.00000
v -13.04328 20.29610 13.00000
v -13.18158 19.92864 13.00000
v -13.29555 19.55291 13.00000
v -13.38471 19.17054 13.00000
v -13.44867 18.78316 13.00000
v -13.48715 18.39242 13.00000
v -13.50000 -18.00000 13.00000
v -13.48715 -18.39242 13.00000
v -13.44867 -18.78316 13.00000
v -13.38471 -19.17054 13.00000
v -13.29555 -19.55291 13.00000
v -13.18158 -19.92864 13.00000
v -13.04328 -20.29610 13.00000
v -12.88124 -20.65373 13.00000
v -12.69615 -21.00000 13.00000
v -12.48882 -21.33342 13.00000
v -12.26012 -21.65257 13.00000
v -12.01104 -21.95607 13.00000
v -11.74264 -22.24264 13.00000
v -11.45607 -22.51104 13.00000
v -11.15257 -22.76012 13.00000
v -10.83342 -22.98882 13.00000
v -10.50000 -23.19615 13.00000
v -10.15373 -23.38124 13.00000
v -9.79610 -23.54328 13.00000
v -9.42864 -23.68158 13.00000
v -9.05291 -23.79555 13.00000
v -8.67054 -23.88471 13.00000
v -8.28316 -23.94867 13.00000
v -7.89242 -23.98715 13.00000
v 7.50000 -24.00000 13.00000
v 7.89242 -23.98715 13.00000
v 8.28316 -23.94867 13.00000
v 8.67054 -23.88471 13.00000
v 9.05291 -23.79555 13.00000
v 9.42864 -23.68158 13.00000
v 9.79610 -23.54328 13.00000
v 10.15373 -23.38124 13.00000
v 10.50000 -23.19615 13.00000
v 10.83342 -22.98882 13.00000
v 11.15257 -22.76012 13.00000
v 11.45607 -22.51104 13.00000
v 11.74264 -22.24264 13.00000
v 12.01104 -21.95607 13.00000
v 12.26012 -21.65257 13.00000
v 12.48882 -21.33342 13.00000
v 12.69615 -21.00000 13.00000
v 12.88124 -20.65373 13.00000
v 13.04328 -20.29610 13.00000
v 13.18158 -19.92864 13.00000
v 13.29555 -19.55291 13.00000
v 13.38471 -19.17054 13.00000
v 13.44867 -18.78316 13.00000
v 13.48715 -18.39242 13.00000
v -0.00000 0.00000 11.80000
v -0.00000 0.00000 13.00000
f 3291 3292 3388
f 3291 3388 3387
f 3292 3293 3389
f 3292 3389 3388
f 3293 3294 3390
f 3293 3390 3389
f 3294 3295 3391
f 3294 3391 3390
f 3295 3296 3392
f 3295 3392 3391
f 3296 3297 3393
f 3296 3393 3392
f 3297 3298 3394
f 3297 3394 3393
f 3298 3299 3395
f 3298 3395 3394
f 3299 3300 3396
f 3299 3396 3395
f 3300 3301 3397
f 3300 3397 3396
f 3301 3302 3398
f 3301 3398 3397
f 3302 3303 3399
f 3302 3399 3398
f 3303 3304 3400
f 3303 3400 3399
f 3304 3305 3401
f 3304 3401 3400
f 3305 3306 3402
f 3305 3402 3401
f 3306 3307 3403
f 3306 3403 3402
f 3307 3308 3404
f 3307 3404 3403
f 3308 3309 3405
f 3308 3405 3404
f 3309 3310 3406
f 3309 3406 3405
f 3310 3311 3407
f 3310 3407 3406
f 3311 3312 3408
f 3311 3408 3407
f 3312 3313 3409
f 3312 3409 3408
f 3313 3314 3410
f 3313 3410 3409
f 3314 3315 3411
f 3314 3411 3410
f 3315 3316 3412
f 3315 3412 3411
f 3316 3317 3413
f 3316 3413 3412
f 3317 3318 3414
f 3317 3414 3413
f 3318 3319 3415
f 3318 3415 3414
f 3319 3320 3416
f 3319 3416 3415
f 3320 3321 3417
f 3320 3417 3416
f 3321 3322 3418
f 3321 3418 3417
f 3322 3323 3419
f 3322 3419 3418
f 3323 3324 3420
f 3323 3420 3419
f 3324 3325 3421
f 3324 3421 3420
f 3325 3326 3422
f 3325 3422 3421
f 3326 3327 3423
f 3326 3423 3422
f 3327 3328 3424
f 3327 3424 3423
f 3328 3329 3425
f 3328 3425 3424
f 3329 3330 3426
f 3329 3426 3425
f 3330 3331 3427
f 3330 3427 3426
f 3331 3332 3428
f 3331 3428 3427
f 3332 3333 3429
f 3332 3429 3428
f 3333 3334 3430
f 3333 3430 3429
f 3334 3335 3431
f 3334 3431 3430
f 3335 3336 3432
f 3335 3432 3431
f 3336 3337 3433
f 3336 3433 3432
f 3337 3338 3434
f 3337 3434 3433
f 3338 3339 3435
f 3338 3435 3434
f 3339 3340 3436
f 3339 3436 3435
f 3340 3341 3437
f 3340 3437 3436
f 3341 3342 3438
f 3341 3438 3437
f 3342 3343 3439
f 3342 3439 3438
f 3343 3344 3440
f 3343 3440 3439
f 3344 3345 3441
f 3344 3441 3440
f 3345 3346 3442
f 3345 3442 3441
f 3346 3347 3443
f 3346 3443 3442
f 3347 3348 3444
f 3347 3444 3443
f 3348 3349 3445
f 3348 3445 3444
f 3349 3350 3446
f 3349 3446 3445
f 3350 3351 3447
f 3350 3447 3446
f 3351 3352 3448
f 3351 3448 3447
f 3352 3353 3449
f 3352 3449 3448
f 3353 3354 3450
f 3353 3450 3449
f 3354 3355 3451
f 3354 3451 3450
f 3355 3356 3452
f 3355 3452 3451
f 3356 3357 3453
f 3356 3453 3452
f 3357 3358 3454
f 3357 3454 3453
f 3358 3359 3455
f 3358 3455 3454
f 3359 3360 3456
f 3359 3456 3455
f 3360 3361 3457
f 3360 3457 3456
f 3361 3362 3458
f 3361 3458 3457
f 3362 3363 3459
f 3362 3459 3458
f 3363 3364 3460
f 3363 3460 3459
f 3364 3365 3461
f 3364 3461 3460
f 3365 3366 3462
f 3365 3462 3461
f 3366 3367 3463
f 3366 3463 3462
f 3367 3368 3464
f 3367 3464 3463
f 3368 3369 3465
f 3368 3465 3464
f 3369 3370 3466
f 3369 3466 3465
f 3370 3371 3467
f 3370 3467 3466
f 3371 3372 3468
f 3371 3468 3467
f 3372 3373 3469
f 3372 3469 3468
f 3373 3374 3470
f 3373 3470 3469
f 3374 3375 3471
f 3374 3471 3470
f 3375 3376 3472
f 3375 3472 3471
f 3376 3377 3473
f 3376 3473 3472
f 3377 3378 3474
f 3377 3474 3473
f 3378 3379 3475
f 3378 3475 3474
f 3379 3380 3476
f 3379 3476 3475
f 3380 3381 3477
f 3380 3477 3476
f 3381 3382 3478
f 3381 3478 3477
f 3382 3383 3479
f 3382 3479 3478
f 3383 3384 3480
f 3383 3480 3479
f 3384 3385 3481
f 3384 3481 3480
f 3385 3386 3482
f 3385 3482 3481
f 3386 3291 3387
f 3386 3387 3482
f 3292 3291 3483
f 3293 3292 3483
f 3294 3293 3483
f 3295 3294 3483
f 3296 3295 3483
f 3297 3296 3483
f 3298 3297 3483
f 3299 3298 3483
f 3300 3299 3483
f 3301 3300 3483
f 3302 3301 3483
f 3303 3302 3483
f 3304 3303 3483
f 3305 3304 3483
f 3306 3305 3483
f 3307 3306 3483
f 3308 3307 3483
f 3309 3308 3483
f 3310 3309 3483
f 3311 3310 3483
f 3312 3311 3483
f 3313 3312 3483
f 3314 3313 3483
f 3315 3314 3483
f 3316 3315 3483
f 3317 3316 3483
f 3318 3317 3483
f 3319 3318 3483
f 3320 3319 3483
f 3321 3320 3483
f 3322 3321 3483
f 3323 3322 3483
f 3324 3323 3483
f 3325 3324 3483
f 3326 3325 3483
f 3327 3326 3483
f 3328 3327 3483
f 3329 3328 3483
f 3330 3329 3483
f 3331 3330 3483
f 3332 3331 3483
f 3333 3332 3483
f 3334 3333 3483
f 3335 3334 3483
f 3336 3335 3483
f 3337 3336 3483
f 3338 3337 3483
f 3339 3338 3483
f 3340 3339 3483
f 3341 3340 3483
f 3342 3341 3483
f 3343 3342 3483
f 3344 3343 3483
f 3345 3344 3483
f 3346 3345 3483
f 3347 3346 3483
f 3348 3347 3483
f 3349 3348 3483
f 3350 3349 3483
f 3351 3350 3483
f 3352 3351 3483
f 3353 3352 3483
f 3354 3353 3483
f 3355 3354 3483
f 3356 3355 3483
f 3357 3356 3483
f 3358 3357 3483
f 3359 3358 3483
f 3360 3359 3483
f 3361 3360 3483
f 3362 3361 3483
f 3363 3362 3483
f 3364 3363 3483
f 3365 3364 3483
f 3366 3365 3483
f 3367 3366 3483
f 3368 3367 3483
f 3369 3368 3483
f 3370 3369 3483
f 3371 3370 3483
f 3372 3371 3483
f 3373 3372 3483
f 3374 3373 3483
f 3375 3374 3483
f 3376 3375 3483
f 3377 3376 3483
f 3378 3377 3483
f 3379 3378 3483
f 3380 3379 3483
f 3381 3380 3483
f 3382 3381 3483
f 3383 3382 3483
f 3384 3383 3483
f 3385 3384 3483
f 3386 3385 3483
f 3291 3386 3483
f 3484 3387 3388
f 3484 3388 3389
f 3484 3389 3390
f 3484 3390 3391
f 3484 3391 3392
f 3484 3392 3393
f 3484 3393 3394
f 3484 3394 3395
f 3484 3395 3396
f 3484 3396 3397
f 3484 3397 3398
f 3484 3398 3399
f 3484 3399 3400
f 3484 3400 3401
f 3484 3401 3402
f 3484 3402 3403
f 3484 3403 3404
f 3484 3404 3405
f 3484 3405 3406
f 3484 3406 3407
f 3484 3407 3408
f 3484 3408 3409
f 3484 3409 3410
f 3484 3410 3411
f 3484 3411 3412
f 3484 3412 3413
f 3484 3413 3414
f 3484 3414 3415
f 3484 3415 3416
f 3484 3416 3417
f 3484 3417 3418
f 3484 3418 3419
f 3484 3419 3420
f 3484 3420 3421
f 3484 3421 3422
f 3484 3422 3423
f 3484 3423 3424
f 3484 3424 3425
f 3484 3425 3426
f 3484 3426 3427
f 3484 3427 3428
f 3484 3428 3429
f 3484 3429 3430
f 3484 3430 3431
f 3484 3431 3432
f 3484 3432 3433
f 3484 3433 3434
f 3484 3434 3435
f 3484 3435 3436
f 3484 3436 3437
f 3484 3437 3438
f 3484 3438 3439
f 3484 3439 3440
f 3484 3440 3441
f 3484 3441 3442
f 3484 3442 3443
f 3484 3443 3444
f 3484 3444 3445
f 3484 3445 3446
f 3484 3446 3447
f 3484 3447 3448
f 3484 3448 3449
f 3484 3449 3450
f 3484 3450 3451
f 3484 3451 3452
f 3484 3452 3453
f 3484 3453 3454
f 3484 3454 3455
f 3484 3455 3456
f 3484 3456 3457
f 3484 3457 3458
f 3484 3458 3459
f 3484 3459 3460
f 3484 3460 3461
f 3484 3461 3462
f 3484 3462 3463
f 3484 3463 3464
f 3484 3464 3465
f 3484 3465 3466
f 3484 3466 3467
f 3484 3467 3468
f 3484 3468 3469
f 3484 3469 3470
f 3484 3470 3471
f 3484 3471 3472
f 3484 3472 3473
f 3484 3473 3474
f 3484 3474 3475
f 3484 3475 3476
f 3484 3476 3477
f 3484 3477 3478
f 3484 3478 3479
f 3484 3479 3480
f 3484 3480 3481
f 3484 3481 3482
f 3484 3482 3387
o led
v -6.55000 3.60000 13.02000
v -6.55086 3.62616 13.02000
v -6.55342 3.65221 13.02000
v -6.55769 3.67804 13.02000
v -6.56363 3.70353 13.02000
v -6.57123 3.72858 13.02000
v -6.58045 3.75307 13.02000
v -6.59125 3.77692 13.02000
v -6.60359 3.80000 13.02000
v -6.61741 3.82223 13.02000
v -6.63266 3.84350 13.02000
v -6.64926 3.86374 13.02000
v -6.66716 3.88284 13.02000
v -6.68626 3.90074 13.02000
v -6.70650 3.91734 13.02000
v -6.72777 3.93259 13.02000
v -6.75000 3.94641 13.02000
v -6.77308 3.95875 13.02000
v -6.79693 3.96955 13.02000
v -6.82142 3.97877 13.02000
v -6.84647 3.98637 13.02000
v -6.87196 3.99231 13.02000
v -6.89779 3.99658 13.02000
v -6.92384 3.99914 13.02000
v -7.05000 4.00000 13.02000
v -7.07616 3.99914 13.02000
v -7.10221 3.99658 13.02000
v -7.12804 3.99231 13.02000
v -7.15353 3.98637 13.02000
v -7.17858 3.97877 13.02000
v -7.20307 3.96955 13.02000
v -7.22692 3.95875 13.02000
v -7.25000 3.94641 13.02000
v -7.27223 3.93259 13.02000
v -7.29350 3.91734 13.02000
v -7.31374 3.90074 13.02000
v -7.33284 3.88284 13.02000
v -7.35074 3.86374 13.02000
v -7.36734 3.84350 13.02000
v -7.38259 3.82223 13.02000
v -7.39641 3.80000 13.02000
v -7.40875 3.77692 13.02000
v -7.41955 3.75307 13.02000
v -7.42877 3.72858 13.02000
v -7.43637 3.70353 13.02000
v -7.44231 3.67804 13.02000
v -7.44658 3.65221 13.02000
v -7.44914 3.62616 13.02000
v -7.45000 -3.60000 13.02000
v -7.44914 -3.62616 13.02000
v -7.44658 -3.65221 13.02000
v -7.44231 -3.67804 13.02000
v -7.43637 -3.70353 13.02000
v -7.42877 -3.72858 13.02000
v -7.41955 -3.75307 13.02000
v -7.40875 -3.77692 13.02000
v -7.39641 -3.80000 13.02000
v -7.38259 -3.82223 13.02000
v -7.36734 -3.84350 13.02000
v -7.35074 -3.86374 13.02000
v -7.33284 -3.88284 13.02000
v -7.31374 -3.90074 13.02000
v -7.29350 -3.91734 13.02000
v -7.27223 -3.93259 13.02000
v -7.25000 -3.94641 13.02000
v -7.22692 -3.95875 13.02000
v -7.20307 -3.96955 13.02000
v -7.17858 -3.97877 13.02000
v -7.15353 -3.98637 13.02000
v -7.12804 -3.99231 13.02000
v -7.10221 -3.99658 13.02000
v -7.07616 -3.99914 13.02000
v -6.95000 -4.00000 13.02000
v -6.92384 -3.99914 13.02000
v -6.89779 -3.99658 13.02000
v -6.87196 -3.99231 13.02000
v -6.84647 -3.98637 13.02000
v -6.82142 -3.97877 13.02000
v -6.79693 -3.96955 13.02000
v -6.77308 -3.95875 13.02000
v -6.75000 -3.94641 13.02000
v -6.72777 -3.93259 13.02000
v -6.70650 -3.91734 13.02000
v -6.68626 -3.90074 13.02000
v -6.66716 -3.88284 13.02000
v -6.64926 -3.86374 13.02000
v -6.63266 -3.84350 13.02000
v -6.61741 -3.82223 13.02000
v -6.60359 -3.80000 13.02000
v -6.59125 -3.77692 13.02000
v -6.58045 -3.75307 13.02000
v -6.57123 -3.72858 13.02000
v -6.56363 -3.70353 13.02000
v -6.55769 -3.67804 13.02000
v -6.55342 -3.65221 13.02000
v -6.55086 -3.62616 13.02000
v -6.55000 3.60000 13.18000
v -6.55086 3.62616 13.18000
v -6.55342 3.65221 13.18000
v -6.55769 3.67804 13.18000
v -6.56363 3.70353 13.18000
v -6.57123 3.72858 13.18000
v -6.58045 3.75307 13.18000
v -6.59125 3.77692 13.18000
v -6.60359 3.80000 13.18000
v -6.61741 3.82223 13.18000
v -6.63266 3.84350 13.18000
v -6.64926 3.86374 13.18000
v -6.66716 3.88284 13.18000
v -6.68626 3.90074 13.18000
v -6.70650 3.91734 13.18000
v -6.72777 3.93259 13.18000
v -6.75000 3.94641 13.18000
v -6.77308 3.95875 13.18000
v -6.79693 3.96955 13.18000
v -6.82142 3.97877 13.18000
v -6.84647 3.98637 13.18000
v -6.87196 3.99231 13.18000
v -6.89779 3.99658 13.18000
v -6.92384 3.99914 13.18000
v -7.05000 4.00000 13.18000
v -7.07616 3.99914 13.18000
v -7.10221 3.99658 13.18000
v -7.12804 3.99231 13.18000
v -7.15353 3.98637 13.18000
v -7.17858 3.97877 13.18000
v -7.20307 3.96955 13.18000
v -7.22692 3.95875 13.18000
v -7.25000 3.94641 13.18000
v -7.27223 3.93259 13.18000
v -7.29350 3.91734 13.18000
v -7.31374 3.90074 13.18000
v -7.33284 3.88284 13.18000
v -7.35074 3.86374 13.18000
v -7.36734 3.84350 13.18000
v -7.38259 3.82223 13.18000
v -7.39641 3.80000 13.18000
v -7.40875 3.77692 13.18000
v -7.41955 3.75307 13.18000
v -7.42877 3.72858 13.18000
v -7.43637 3.70353 13.18000
v -7.44231 3.67804 13.18000
v -7.44658 3.65221 13.18000
v -7.44914 3.62616 13.18000
v -7.45000 -3.60000 13.18000
v -7.44914 -3.62616 13.18000
v -7.44658 -3.65221 13.18000
v -7.44231 -3.67804 13.18000
v -7.43637 -3.70353 13.18000
v -7.42877 -3.72858 13.18000
v -7.41955 -3.75307 13.18000
v -7.40875 -3.77692 13.18000
v -7.39641 -3.80000 13.18000
v -7.38259 -3.82223 13.18000
v -7.36734 -3.84350 13.18000
v -7.35074 -3.86374 13.18000
v -7.33284 -3.88284 13.18000
v -7.31374 -3.90074 13.18000
v -7.29350 -3.91734 13.18000
v -7.27223 -3.93259 13.18000
v -7.25000 -3.94641 13.18000
v -7.22692 -3.95875 13.18000
v -7.20307 -3.96955 13.18000
v -7.17858 -3.97877 13.18000
v -7.15353 -3.98637 13.18000
v -7.12804 -3.99231 13.18000
v -7.10221 -3.99658 13.18000
v -7.07616 -3.99914 13.18000
v -6.95000 -4.00000 13.18000
v -6.92384 -3.99914 13.18000
v -6.89779 -3.99658 13.18000
v -6.87196 -3.99231 13.18000
v -6.84647 -3.98637 13.18000
v -6.82142 -3.97877 13.18000
v -6.79693 -3.96955 13.18000
v -6.77308 -3.95875 13.18000
v -6.75000 -3.94641 13.18000
v -6.72777 -3.93259 13.18000
v -6.70650 -3.91734 13.18000
v -6.68626 -3.90074 13.18000
v -6.66716 -3.88284 13.18000
v -6.64926 -3.86374 13.18000
v -6.63266 -3.84350 13.18000
v -6.61741 -3.82223 13.18000
v -6.60359 -3.80000 13.18000
v -6.59125 -3.77692 13.18000
v -6.58045 -3.75307 13.18000
v -6.57123 -3.72858 13.18000
v -6.56363 -3.70353 13.18000
v -6.55769 -3.67804 13.18000
v -6.55342 -3.65221 13.18000
v -6.55086 -3.62616 13.18000
v -7.00000 0.00000 13.02000
v -7.00000 0.00000 13.18000
f 3485 3486 3582
f 3485 3582 3581
f 3486 3487 3583
f 3486 3583 3582
f 3487 3488 3584
f 3487 3584 3583
f 3488 3489 3585
f 3488 3585 3584
f 3489 3490 3586
f 3489 3586 3585
f 3490 3491 3587
f 3490 3587 3586
f 3491 3492 3588
f 3491 3588 3587
f 3492 3493 3589
f 3492 3589 3588
f 3493 3494 3590
f 3493 3590 3589
f 3494 3495 3591
f 3494 3591 3590
f 3495 3496 3592
f 3495 3592 3591
f 3496 3497 3593
f 3496 3593 3592
f 3497 3498 3594
f 3497 3594 3593
f 3498 3499 3595
f 3498 3595 3594
f 3499 3500 3596
f 3499 3596 3595
f 3500 3501 3597
f 3500 3597 3596
f 3501 3502 3598
f 3501 3598 3597
f 3502 3503 3599
f 3502 3599 3598
f 3503 3504 3600
f 3503 3600 3599
f 3504 3505 3601
f 3504 3601 3600
f 3505 3506 3602
f 3505 3602 3601
f 3506 3507 3603
f 3506 3603 3602
f 3507 3508 3604
f 3507 3604 3603
f 3508 3509 3605
f 3508 3605 3604
f 3509 3510 3606
f 3509 3606 3605
f 3510 3511 3607
f 3510 3607 3606
f 3511 3512 3608
f 3511 3608 3607
f 3512 3513 3609
f 3512 3609 3608
f 3513 3514 3610
f 3513 3610 3609
f 3514 3515 3611
f 3514 3611 3610
f 3515 3516 3612
f 3515 3612 3611
f 3516 3517 3613
f 3516 3613 3612
f 3517 3518 3614
f 3517 3614 3613
f 3518 3519 3615
f 3518 3615 3614
f 3519 3520 3616
f 3519 3616 3615
f 3520 3521 3617
f 3520 3617 3616
f 3521 3522 3618
f 3521 3618 3617
f 3522 3523 3619
f 3522 3619 3618
f 3523 3524 3620
f 3523 3620 3619
f 3524 3525 3621
f 3524 3621 3620
f 3525 3526 3622
f 3525 3622 3621
f 3526 3527 3623
f 3526 3623 3622
f 3527 3528 3624
f 3527 3624 3623
f 3528 3529 3625
f 3528 3625 3624
f 3529 3530 3626
f 3529 3626 3625
f 3530 3531 3627
f 3530 3627 3626
f 3531 3532 3628
f 3531 3628 3627
f 3532 3533 3629
f 3532 3629 3628
f 3533 3534 3630
f 3533 3630 3629
f 3534 3535 3631
f 3534 3631 3630
f 3535 3536 3632
f 3535 3632 3631
f 3536 3537 3633
f 3536 3633 3632
f 3537 3538 3634
f 3537 3634 3633
f 3538 3539 3635
f 3538 3635 3634
f 3539 3540 3636
f 3539 3636 3635
f 3540 3541 3637
f 3540 3637 3636
f 3541 3542 3638
f 3541 3638 3637
f 3542 3543 3639
f 3542 3639 3638
f 3543 3544 3640
f 3543 3640 3639
f 3544 3545 3641
f 3544 3641 3640
f 3545 3546 3642
f 3545 3642 3641
f 3546 3547 3643
f 3546 3643 3642
f 3547 3548 3644
f 3547 3644 3643
f 3548 3549 3645
f 3548 3645 3644
f 3549 3550 3646
f 3549 3646 3645
f 3550 3551 3647
f 3550 3647 3646
f 3551 3552 3648
f 3551 3648 3647
f 3552 3553 3649
f 3552 3649 3648
f 3553 3554 3650
f 3553 3650 3649
f 3554 3555 3651
f 3554 3651 3650
f 3555 3556 3652
f 3555 3652 3651
f 3556 3557 3653
f 3556 3653 3652
f 3557 3558 3654
f 3557 3654 3653
f 3558 3559 3655
f 3558 3655 3654
f 3559 3560 3656
f 3559 3656 3655
f 3560 3561 3657
f 3560 3657 3656
f 3561 3562 3658
f 3561 3658 3657
f 3562 3563 3659
f 3562 3659 3658
f 3563 3564 3660
f 3563 3660 3659
f 3564 3565 3661
f 3564 3661 3660
f 3565 3566 3662
f 3565 3662 3661
f 3566 3567 3663
f 3566 3663 3662
f 3567 3568 3664
f 3567 3664 3663
f 3568 3569 3665
f 3568 3665 3664
f 3569 3570 3666
f 3569 3666 3665
f 3570 3571 3667
f 3570 3667 3666
f 3571 3572 3668
f 3571 3668 3667
f 3572 3573 3669
f 3572 3669 3668
f 3573 3574 3670
f 3573 3670 3669
f 3574 3575 3671
f 3574 3671 3670
f 3575 3576 3672
f 3575 3672 3671
f 3576 3577 3673
f 3576 3673 3672
f 3577 3578 3674
f 3577 3674 3673
f 3578 3579 3675
f 3578 3675 3674
f 3579 3580 3676
f 3579 3676 3675
f 3580 3485 3581
f 3580 3581 3676
f 3486 3485 3677
f 3487 3486 3677
f 3488 3487 3677
f 3489 3488 3677
f 3490 3489 3677
f 3491 3490 3677
f 3492 3491 3677
f 3493 3492 3677
f 3494 3493 3677
f 3495 3494 3677
f 3496 3495 3677
f 3497 3496 3677
f 3498 3497 3677
f 3499 3498 3677
f 3500 3499 3677
f 3501 3500 3677
f 3502 3501 3677
f 3503 3502 3677
f 3504 3503 3677
f 3505 3504 3677
f 3506 3505 3677
f 3507 3506 3677
f 3508 3507 3677
f 3509 3508 3677
f 3510 3509 3677
f 3511 3510 3677
f 3512 3511 3677
f 3513 3512 3677
f 3514 3513 3677
f 3515 3514 3677
f 3516 3515 3677
f 3517 3516 3677
f 3518 3517 3677
f 3519 3518 3677
f 3520 3519 3677
f 3521 3520 3677
f 3522 3521 3677
f 3523 3522 3677
f 3524 3523 3677
f 3525 3524 3677
f 3526 3525 3677
f 3527 3526 3677
f 3528 3527 3677
f 3529 3528 3677
f 3530 3529 3677
f 3531 3530 3677
f 3532 3531 3677
f 3533 3532 3677
f 3534 3533 3677
f 3535 3534 3677
f 3536 3535 3677
f 3537 3536 3677
f 3538 3537 3677
f 3539 3538 3677
f 3540 3539 3677
f 3541 3540 3677
f 3542 3541 3677
f 3543 3542 3677
f 3544 3543 3677
f 3545 3544 3677
f 3546 3545 3677
f 3547 3546 3677
f 3548 3547 3677
f 3549 3548 3677
f 3550 3549 3677
f 3551 3550 3677
f 3552 3551 3677
f 3553 3552 3677
f 3554 3553 3677
f 3555 3554 3677
f 3556 3555 3677
f 3557 3556 3677
f 3558 3557 3677
f 3559 3558 3677
f 3560 3559 3677
f 3561 3560 3677
f 3562 3561 3677
f 3563 3562 3677
f 3564 3563 3677
f 3565 3564 3677
f 3566 3565 3677
f 3567 3566 3677
f 3568 3567 3677
f 3569 3568 3677
f 3570 3569 3677
f 3571 3570 3677
f 3572 3571 3677
f 3573 3572 3677
f 3574 3573 3677
f 3575 3574 3677
f 3576 3575 3677
f 3577 3576 3677
f 3578 3577 3677
f 3579 3578 3677
f 3580 3579 3677
f 3485 3580 3677
f 3678 3581 3582
f 3678 3582 3583
f 3678 3583 3584
f 3678 3584 3585
f 3678 3585 3586
f 3678 3586 3587
f 3678 3587 3588
f 3678 3588 3589
f 3678 3589 3590
f 3678 3590 3591
f 3678 3591 3592
f 3678 3592 3593
f 3678 3593 3594
f 3678 3594 3595
f 3678 3595 3596
f 3678 3596 3597
f 3678 3597 3598
f 3678 3598 3599
f 3678 3599 3600
f 3678 3600 3601
f 3678 3601 3602
f 3678 3602 3603
f 3678 3603 3604
f 3678 3604 3605
f 3678 3605 3606
f 3678 3606 3607
f 3678 3607 3608
f 3678 3608 3609
f 3678 3609 3610
f 3678 3610 3611
f 3678 3611 3612
f 3678 3612 3613
f 3678 3613 3614
f 3678 3614 3615
f 3678 3615 3616
f 3678 3616 3617
f 3678 3617 3618
f 3678 3618 3619
f 3678 3619 3620
f 3678 3620 3621
f 3678 3621 3622
f 3678 3622 3623
f 3678 3623 3624
f 3678 3624 3625
f 3678 3625 3626
f 3678 3626 3627
f 3678 3627 3628
f 3678 3628 3629
f 3678 3629 3630
f 3678 3630 3631
f 3678 3631 3632
f 3678 3632 3633
f 3678 3633 3634
f 3678 3634 3635
f 3678 3635 3636
f 3678 3636 3637
f 3678 3637 3638
f 3678 3638 3639
f 3678 3639 3640
f 3678 3640 3641
f 3678 3641 3642
f 3678 3642 3643
f 3678 3643 3644
f 3678 3644 3645
f 3678 3645 3646
f 3678 3646 3647
f 3678 3647 3648
f 3678 3648 3649
f 3678 3649 3650
f 3678 3650 3651
f 3678 3651 3652
f 3678 3652 3653
f 3678 3653 3654
f 3678 3654 3655
f 3678 3655 3656
f 3678 3656 3657
f 3678 3657 3658
f 3678 3658 3659
f 3678 3659 3660
f 3678 3660 3661
f 3678 3661 3662
f 3678 3662 3663
f 3678 3663 3664
f 3678 3664 3665
f 3678 3665 3666
f 3678 3666 3667
f 3678 3667 3668
f 3678 3668 3669
f 3678 3669 3670
f 3678 3670 3671
f 3678 3671 3672
f 3678 3672 3673
f 3678 3673 3674
f 3678 3674 3675
f 3678 3675 3676
f 3678 3676 3581
o switch
v 9.25000 3.50000 13.05000
v 9.24786 3.56540 13.05000
v 9.24144 3.63053 13.05000
v 9.23079 3.69509 13.05000
v 9.21593 3.75882 13.05000
v 9.19693 3.82144 13.05000
v 9.17388 3.88268 13.05000
v 9.14687 3.94229 13.05000
v 9.11603 4.00000 13.05000
v 9.08147 4.05557 13.05000
v 9.04335 4.10876 13.05000
v 9.00184 4.15935 13.05000
v 8.95711 4.20711 13.05000
v 8.90935 4.25184 13.05000
v 8.85876 4.29335 13.05000
v 8.80557 4.33147 13.05000
v 8.75000 4.36603 13.05000
v 8.69229 4.39687 13.05000
v 8.63268 4.42388 13.05000
v 8.57144 4.44693 13.05000
v 8.50882 4.46593 13.05000
v 8.44509 4.48079 13.05000
v 8.38053 4.49144 13.05000
v 8.31540 4.49786 13.05000
v 7.75000 4.50000 13.05000
v 7.68460 4.49786 13.05000
v 7.61947 4.49144 13.05000
v 7.55491 4.48079 13.05000
v 7.49118 4.46593 13.05000
v 7.42856 4.44693 13.05000
v 7.36732 4.42388 13.05000
v 7.30771 4.39687 13.05000
v 7.25000 4.36603 13.05000
v 7.19443 4.33147 13.05000
v 7.14124 4.29335 13.05000
v 7.09065 4.25184 13.05000
v 7.04289 4.20711 13.05000
v 6.99816 4.15935 13.05000
v 6.95665 4.10876 13.05000
v 6.91853 4.05557 13.05000
v 6.88397 4.00000 13.05000
v 6.85313 3.94229 13.05000
v 6.82612 3.88268 13.05000
v 6.80307 3.82144 13.05000
v 6.78407 3.75882 13.05000
v 6.76921 3.69509 13.05000
v 6.75856 3.63053 13.05000
v 6.75214 3.56540 13.05000
v 6.75000 -3.50000 13.05000
v 6.75214 -3.56540 13.05000
v 6.75856 -3.63053 13.05000
v 6.76921 -3.69509 13.05000
v 6.78407 -3.75882 13.05000
v 6.80307 -3.82144 13.05000
v 6.82612 -3.88268 13.05000
v 6.85313 -3.94229 13.05000
v 6.88397 -4.00000 13.05000
v 6.91853 -4.05557 13.05000
v 6.95665 -4.10876 13.05000
v 6.99816 -4.15935 13.05000
v 7.04289 -4.20711 13.05000
v 7.09065 -4.25184 13.05000
v 7.14124 -4.29335 13.05000
v 7.19443 -4.33147 13.05000
v 7.25000 -4.36603 13.05000
v 7.30771 -4.39687 13.05000
v 7.36732 -4.42388 13.05000
v 7.42856 -4.44693 13.05000
v 7.49118 -4.46593 13.05000
v 7.55491 -4.48079 13.05000
v 7.61947 -4.49144 13.05000
v 7.68460 -4.49786 13.05000
v 8.25000 -4.50000 13.05000
v 8.31540 -4.49786 13.05000
v 8.38053 -4.49144 13.05000
v 8.44509 -4.48079 13.05000
v 8.50882 -4.46593 13.05000
v 8.57144 -4.44693 13.05000
v 8.63268 -4.42388 13.05000
v 8.69229 -4.39687 13.05000
v 8.75000 -4.36603 13.05000
v 8.80557 -4.33147 13.05000
v 8.85876 -4.29335 13.05000
v 8.90935 -4.25184 13.05000
v 8.95711 -4.20711 13.05000
v 9.00184 -4.15935 13.05000
v 9.04335 -4.10876 13.05000
v 9.08147 -4.05557 13.05000
v 9.11603 -4.00000 13.05000
v 9.14687 -3.94229 13.05000
v 9.17388 -3.88268 13.05000
v 9.19693 -3.82144 13.05000
v 9.21593 -3.75882 13.05000
v 9.23079 -3.69509 13.05000
v 9.24144 -3.63053 13.05000
v 9.24786 -3.56540 13.05000
v 9.25000 3.50000 13.90000
v 9.24786 3.56540 13.90000
v 9.24144 3.63053 13.90000
v 9.23079 3.69509 13.90000
v 9.21593 3.75882 13.90000
v 9.19693 3.82144 13.90000
v 9.17388 3.88268 13.90000
v 9.14687 3.94229 13.90000
v 9.11603 4.00000 13.90000
v 9.08147 4.05557 13.90000
v 9.04335 4.10876 13.90000
v 9.00184 4.15935 13.90000
v 8.95711 4.20711 13.90000
v 8.90935 4.25184 13.90000
v 8.85876 4.29335 13.90000
v 8.80557 4.33147 13.90000
v 8.75000 4.36603 13.90000
v 8.69229 4.39687 13.90000
v 8.63268 4.42388 13.90000
v 8.57144 4.44693 13.90000
v 8.50882 4.46593 13.90000
v 8.44509 4.48079 13.90000
v 8.38053 4.49144 13.90000
v 8.31540 4.49786 13.90000
v 7.75000 4.50000 13.90000
v 7.68460 4.49786 13.90000
v 7.61947 4.49144 13.90000
v 7.55491 4.48079 13.90000
v 7.49118 4.46593 13.90000
v 7.42856 4.44693 13.90000
v 7.36732 4.42388 13.90000
v 7.30771 4.39687 13.90000
v 7.25000 4.36603 13.90000
v 7.19443 4.33147 13.90000
v 7.14124 4.29335 13.90000
v 7.09065 4.25184 13.90000
v 7.04289 4.20711 13.90000
v 6.99816 4.15935 13.90000
v 6.95665 4.10876 13.90000
v 6.91853 4.05557 13.90000
v 6.88397 4.00000 13.90000
v 6.85313 3.94229 13.90000
v 6.82612 3.88268 13.90000
v 6.80307 3.82144 13.90000
v 6.78407 3.75882 13.90000
v 6.76921 3.69509 13.90000
v 6.75856 3.63053 13.90000
v 6.75214 3.56540 13.90000
v 6.75000 -3.50000 13.90000
v 6.75214 -3.56540 13.90000
v 6.75856 -3.63053 13.90000
v 6.76921 -3.69509 13.90000
v 6.78407 -3.75882 13.90000
v 6.80307 -3.82144 13.90000
v 6.82612 -3.88268 13.90000
v 6.85313 -3.94229 13.90000
v 6.88397 -4.00000 13.90000
v 6.91853 -4.05557 13.90000
v 6.95665 -4.10876 13.90000
v 6.99816 -4.15935 13.90000
v 7.04289 -4.20711 13.90000
v 7.09065 -4.25184 13.90000
v 7.14124 -4.29335 13.90000
v 7.19443 -4.33147 13.90000
v 7.25000 -4.36603 13.90000
v 7.30771 -4.39687 13.90000
v 7.36732 -4.42388 13.90000
v 7.42856 -4.44693 13.90000
v 7.49118 -4.46593 13.90000
v 7.55491 -4.48079 13.90000
v 7.61947 -4.49144 13.90000
v 7.68460 -4.49786 13.90000
v 8.25000 -4.50000 13.90000
v 8.31540 -4.49786 13.90000
v 8.38053 -4.49144 13.90000
v 8.44509 -4.48079 13.90000
v 8.50882 -4.46593 13.90000
v 8.57144 -4.44693 13.90000
v 8.63268 -4.42388 13.90000
v 8.69229 -4.39687 13.90000
v 8.75000 -4.36603 13.90000
v 8.80557 -4.33147 13.90000
v 8.85876 -4.29335 13.90000
v 8.90935 -4.25184 13.90000
v 8.95711 -4.20711 13.90000
v 9.00184 -4.15935 13.90000
v 9.04335 -4.10876 13.90000
v 9.08147 -4.05557 13.90000
v 9.11603 -4.00000 13.90000
v 9.14687 -3.94229 13.90000
v 9.17388 -3.88268 13.90000
v 9.19693 -3.82144 13.90000
v 9.21593 -3.75882 13.90000
v 9.23079 -3.69509 13.90000
v 9.24144 -3.63053 13.90000
v 9.24786 -3.56540 13.90000
v 8.00000 0.00000 13.05000
v 8.00000 0.00000 13.90000
f 3679 3680 3776
f 3679 3776 3775
f 3680 3681 3777
f 3680 3777 3776
f 3681 3682 3778
f 3681 3778 3777
f 3682 3683 3779
f 3682 3779 3778
f 3683 3684 3780
f 3683 3780 3779
f 3684 3685 3781
f 3684 3781 3780
f 3685 3686 3782
f 3685 3782 3781
f 3686 3687 3783
f 3686 3783 3782
f 3687 3688 3784
f 3687 3784 3783
f 3688 3689 3785
f 3688 3785 3784
f 3689 3690 3786
f 3689 3786 3785
f 3690 3691 3787
f 3690 3787 3786
f 3691 3692 3788
f 3691 3788 3787
f 3692 3693 3789
f 3692 3789 3788
f 3693 3694 3790
f 3693 3790 3789
f 3694 3695 3791
f 3694 3791 3790
f 3695 3696 3792
f 3695 3792 3791
f 3696 3697 3793
f 3696 3793 3792
f 3697 3698 3794
f 3697 3794 3793
f 3698 3699 3795
f 3698 3795 3794
f 3699 3700 3796
f 3699 3796 3795
f 3700 3701 3797
f 3700 3797 3796
f 3701 3702 3798
f 3701 3798 3797
f 3702 3703 3799
f 3702 3799 3798
f 3703 3704 3800
f 3703 3800 3799
f 3704 3705 3801
f 3704 3801 3800
f 3705 3706 3802
f 3705 3802 3801
f 3706 3707 3803
f 3706 3803 3802
f 3707 3708 3804
f 3707 3804 3803
f 3708 3709 3805
f 3708 3805 3804
f 3709 3710 3806
f 3709 3806 3805
f 3710 3711 3807
f 3710 3807 3806
f 3711 3712 3808
f 3711 3808 3807
f 3712 3713 3809
f 3712 3809 3808
f 3713 3714 3810
f 3713 3810 3809
f 3714 3715 3811
f 3714 3811 3810
f 3715 3716 3812
f 3715 3812 3811
f 3716 3717 3813
f 3716 3813 3812
f 3717 3718 3814
f 3717 3814 3813
f 3718 3719 3815
f 3718 3815 3814
f 3719 3720 3816
f 3719 3816 3815
f 3720 3721 3817
f 3720 3817 3816
f 3721 3722 3818
f 3721 3818 3817
f 3722 3723 3819
f 3722 3819 3818
f 3723 3724 3820
f 3723 3820 3819
f 3724 3725 3821
f 3724 3821 3820
f 3725 3726 3822
f 3725 3822 3821
f 3726 3727 3823
f 3726 3823 3822
f 3727 3728 3824
f 3727 3824 3823
f 3728 3729 3825
f 3728 3825 3824
f 3729 3730 3826
f 3729 3826 3825
f 3730 3731 3827
f 3730 3827 3826
f 3731 3732 3828
f 3731 3828 3827
f 3732 3733 3829
f 3732 3829 3828
f 3733 3734 3830
f 3733 3830 3829
f 3734 3735 3831
f 3734 3831 3830
f 3735 3736 3832
f 3735 3832 3831
f 3736 3737 3833
f 3736 3833 3832
f 3737 3738 3834
f 3737 3834 3833
f 3738 3739 3835
f 3738 3835 3834
f 3739 3740 3836
f 3739 3836 3835
f 3740 3741 3837
f 3740 3837 3836
f 3741 3742 3838
f 3741 3838 3837
f 3742 3743 3839
f 3742 3839 3838
f 3743 3744 3840
f 3743 3840 3839
f 3744 3745 3841
f 3744 3841 3840
f 3745 3746 3842
f 3745 3842 3841
f 3746 3747 3843
f 3746 3843 3842
f 3747 3748 3844
f 3747 3844 3843
f 3748 3749 3845
f 3748 3845 3844
f 3749 3750 3846
f 3749 3846 3845
f 3750 3751 3847
f 3750 3847 3846
f 3751 3752 3848
f 3751 3848 3847
f 3752 3753 3849
f 3752 3849 3848
f 3753 3754 3850
f 3753 3850 3849
f 3754 3755 3851
f 3754 3851 3850
f 3755 3756 3852
f 3755 3852 3851
f 3756 3757 3853
f 3756 3853 3852
f 3757 3758 3854
f 3757 3854 3853
f 3758 3759 3855
f 3758 3855 3854
f 3759 3760 3856
f 3759 3856 3855
f 3760 3761 3857
f 3760 3857 3856
f 3761 3762 3858
f 3761 3858 3857
f 3762 3763 3859
f 3762 3859 3858
f 3763 3764 3860
f 3763 3860 3859
f 3764 3765 3861
f 3764 3861 3860
f 3765 3766 3862
f 3765 3862 3861
f 3766 3767 3863
f 3766 3863 3862
f 3767 3768 3864
f 3767 3864 3863
f 3768 3769 3865
f 3768 3865 3864
f 3769 3770 3866
f 3769 3866 3865
f 3770 3771 3867
f 3770 3867 3866
f 3771 3772 3868
f 3771 3868 3867
f 3772 3773 3869
f 3772 3869 3868
f 3773 3774 3870
f 3773 3870 3869
f 3774 3679 3775
f 3774 3775 3870
f 3680 3679 3871
f 3681 3680 3871
f 3682 3681 3871
f 3683 3682 3871
f 3684 3683 3871
f 3685 3684 3871
f 3686 3685 3871
f 3687 3686 3871
f 3688 3687 3871
f 3689 3688 3871
f 3690 3689 3871
f 3691 3690 3871
f 3692 3691 3871
f 3693 3692 3871
f 3694 3693 3871
f 3695 3694 3871
f 3696 3695 3871
f 3697 3696 3871
f 3698 3697 3871
f 3699 3698 3871
f 3700 3699 3871
f 3701 3700 3871
f 3702 3701 3871
f 3703 3702 3871
f 3704 3703 3871
f 3705 3704 3871
f 3706 3705 3871
f 3707 3706 3871
f 3708 3707 3871
f 3709 3708 3871
f 3710 3709 3871
f 3711 3710 3871
f 3712 3711 3871
f 3713 3712 3871
f 3714 3713 3871
f 3715 3714 3871
f 3716 3715 3871
f 3717 3716 3871
f 3718 3717 3871
f 3719 3718 3871
f 3720 3719 3871
f 3721 3720 3871
f 3722 3721 3871
f 3723 3722 3871
f 3724 3723 3871
f 3725 3724 3871
f 3726 3725 3871
f 3727 3726 3871
f 3728 3727 3871
f 3729 3728 3871
f 3730 3729 3871
f 3731 3730 3871
f 3732 3731 3871
f 3733 3732 3871
f 3734 3733 3871
f 3735 3734 3871
f 3736 3735 3871
f 3737 3736 3871
f 3738 3737 3871
f 3739 3738 3871
f 3740 3739 3871
f 3741 3740 3871
f 3742 3741 3871
f 3743 3742 3871
f 3744 3743 3871
f 3745 3744 3871
f 3746 3745 3871
f 3747 3746 3871
f 3748 3747 3871
f 3749 3748 3871
f 3750 3749 3871
f 3751 3750 3871
f 3752 3751 3871
f 3753 3752 3871
f 3754 3753 3871
f 3755 3754 3871
f 3756 3755 3871
f 3757 3756 3871
f 3758 3757 3871
f 3759 3758 3871
f 3760 3759 3871
f 3761 3760 3871
f 3762 3761 3871
f 3763 3762 3871
f 3764 3763 3871
f 3765 3764 3871
f 3766 3765 3871
f 3767 3766 3871
f 3768 3767 3871
f 3769 3768 3871
f 3770 3769 3871
f 3771 3770 3871
f 3772 3771 3871
f 3773 3772 3871
f 3774 3773 3871
f 3679 3774 3871
f 3872 3775 3776
f 3872 3776 3777
f 3872 3777 3778
f 3872 3778 3779
f 3872 3779 3780
f 3872 3780 3781
f 3872 3781 3782
f 3872 3782 3783
f 3872 3783 3784
f 3872 3784 3785
f 3872 3785 3786
f 3872 3786 3787
f 3872 3787 3788
f 3872 3788 3789
f 3872 3789 3790
f 3872 3790 3791
f 3872 3791 3792
f 3872 3792 3793
f 3872 3793 3794
f 3872 3794 3795
f 3872 3795 3796
f 3872 3796 3797
f 3872 3797 3798
f 3872 3798 3799
f 3872 3799 3800
f 3872 3800 3801
f 3872 3801 3802
f 3872 3802 3803
f 3872 3803 3804
f 3872 3804 3805
f 3872 3805 3806
f 3872 3806 3807
f 3872 3807 3808
f 3872 3808 3809
f 3872 3809 3810
f 3872 3810 3811
f 3872 3811 3812
f 3872 3812 3813
f 3872 3813 3814
f 3872 3814 3815
f 3872 3815 3816
f 3872 3816 3817
f 3872 3817 3818
f 3872 3818 3819
f 3872 3819 3820
f 3872 3820 3821
f 3872 3821 3822
f 3872 3822 3823
f 3872 3823 3824
f 3872 3824 3825
f 3872 3825 3826
f 3872 3826 3827
f 3872 3827 3828
f 3872 3828 3829
f 3872 3829 3830
f 3872 3830 3831
f 3872 3831 3832
f 3872 3832 3833
f 3872 3833 3834
f 3872 3834 3835
f 3872 3835 3836
f 3872 3836 3837
f 3872 3837 3838
f 3872 3838 3839
f 3872 3839 3840
f 3872 3840 3841
f 3872 3841 3842
f 3872 3842 3843
f 3872 3843 3844
f 3872 3844 3845
f 3872 3845 3846
f 3872 3846 3847
f 3872 3847 3848
f 3872 3848 3849
f 3872 3849 3850
f 3872 3850 3851
f 3872 3851 3852
f 3872 3852 3853
f 3872 3853 3854
f 3872 3854 3855
f 3872 3855 3856
f 3872 3856 3857
f 3872 3857 3858
f 3872 3858 3859
f 3872 3859 3860
f 3872 3860 3861
f 3872 3861 3862
f 3872 3862 3863
f 3872 3863 3864
f 3872 3864 3865
f 3872 3865 3866
f 3872 3866 3867
f 3872 3867 3868
f 3872 3868 3869
f 3872 3869 3870
f 3872 3870 3775
o portA
v 0.50000 15.00000 13.05000
v 0.49893 15.03270 13.05000
v 0.49572 15.06526 13.05000
v 0.49039 15.09755 13.05000
v 0.48296 15.12941 13.05000
v 0.47347 15.16072 13.05000
v 0.46194 15.19134 13.05000
v 0.44844 15.22114 13.05000
v 0.43301 15.25000 13.05000
v 0.41573 15.27779 13.05000
v 0.39668 15.30438 13.05000
v 0.37592 15.32967 13.05000
v 0.35355 15.35355 13.05000
v 0.32967 15.37592 13.05000
v 0.30438 15.39668 13.05000
v 0.27779 15.41573 13.05000
v 0.25000 15.43301 13.05000
v 0.22114 15.44844 13.05000
v 0.19134 15.46194 13.05000
v 0.16072 15.47347 13.05000
v 0.12941 15.48296 13.05000
v 0.09755 15.49039 13.05000
v 0.06526 15.49572 13.05000
v 0.03270 15.49893 13.05000
v 0.00000 15.50000 13.05000
v -0.03270 15.49893 13.05000
v -0.06526 15.49572 13.05000
v -0.09755 15.49039 13.05000
v -0.12941 15.48296 13.05000
v -0.16072 15.47347 13.05000
v -0.19134 15.46194 13.05000
v -0.22114 15.44844 13.05000
v -0.25000 15.43301 13.05000
v -0.27779 15.41573 13.05000
v -0.30438 15.39668 13.05000
v -0.32967 15.37592 13.05000
v -0.35355 15.35355 13.05000
v -0.37592 15.32967 13.05000
v -0.39668 15.30438 13.05000
v -0.41573 15.27779 13.05000
v -0.43301 15.25000 13.05000
v -0.44844 15.22114 13.05000
v -0.46194 15.19134 13.05000
v -0.47347 15.16072 13.05000
v -0.48296 15.12941 13.05000
v -0.49039 15.09755 13.05000
v -0.49572 15.06526 13.05000
v -0.49893 15.03270 13.05000
v -0.50000 15.00000 13.05000
v -0.49893 14.96730 13.05000
v -0.49572 14.93474 13.05000
v -0.49039 14.90245 13.05000
v -0.48296 14.87059 13.05000
v -0.47347 14.83928 13.05000
v -0.46194 14.80866 13.05000
v -0.44844 14.77886 13.05000
v -0.43301 14.75000 13.05000
v -0.41573 14.72221 13.05000
v -0.39668 14.69562 13.05000
v -0.37592 14.67033 13.05000
v -0.35355 14.64645 13.05000
v -0.32967 14.62408 13.05000
v -0.30438 14.60332 13.05000
v -0.27779 14.58427 13.05000
v -0.25000 14.56699 13.05000
v -0.22114 14.55156 13.05000
v -0.19134 14.53806 13.05000
v -0.16072 14.52653 13.05000
v -0.12941 14.51704 13.05000
v -0.09755 14.50961 13.05000
v -0.06526 14.50428 13.05000
v -0.03270 14.50107 13.05000
v -0.00000 14.50000 13.05000
v 0.03270 14.50107 13.05000
v 0.06526 14.50428 13.05000
v 0.09755 14.50961 13.05000
v 0.12941 14.51704 13.05000
v 0.16072 14.52653 13.05000
v 0.19134 14.53806 13.05000
v 0.22114 14.55156 13.05000
v 0.25000 14.56699 13.05000
v 0.27779 14.58427 13.05000
v 0.30438 14.60332 13.05000
v 0.32967 14.62408 13.05000
v 0.35355 14.64645 13.05000
v 0.37592 14.67033 13.05000
v 0.39668 14.69562 13.05000
v 0.41573 14.72221 13.05000
v 0.43301 14.75000 13.05000
v 0.44844 14.77886 13.05000
v 0.46194 14.80866 13.05000
v 0.47347 14.83928 13.05000
v 0.48296 14.87059 13.05000
v 0.49039 14.90245 13.05000
v 0.49572 14.93474 13.05000
v 0.49893 14.96730 13.05000
v 0.50000 15.00000 13.15000
v 0.49893 15.03270 13.15000
v 0.49572 15.06526 13.15000
v 0.49039 15.09755 13.15000
v 0.48296 15.12941 13.15000
v 0.47347 15.16072 13.15000
v 0.46194 15.19134 13.15000
v 0.44844 15.22114 13.15000
v 0.43301 15.25000 13.15000
v 0.41573 15.27779 13.15000
v 0.39668 15.30438 13.15000
v 0.37592 15.32967 13.15000
v 0.35355 15.35355 13.15000
v 0.32967 15.37592 13.15000
v 0.30438 15.39668 13.15000
v 0.27779 15.41573 13.15000
v 0.25000 15.43301 13.15000
v 0.22114 15.44844 13.15000
v 0.19134 15.46194 13.15000
v 0.16072 15.47347 13.15000
v 0.12941 15.48296 13.15000
v 0.09755 15.49039 13.15000
v 0.06526 15.49572 13.15000
v 0.03270 15.49893 13.15000
v 0.00000 15.50000 13.15000
v -0.03270 15.49893 13.15000
v -0.06526 15.49572 13.15000
v -0.09755 15.49039 13.15000
v -0.12941 15.48296 13.15000
v -0.16072 15.47347 13.15000
v -0.19134 15.46194 13.15000
v -0.22114 15.44844 13.15000
v -0.25000 15.43301 13.15000
v -0.27779 15.41573 13.15000
v -0.30438 15.39668 13.15000
v -0.32967 15.37592 13.15000
v -0.35355 15.35355 13.15000
v -0.37592 15.32967 13.15000
v -0.39668 15.30438 13.15000
v -0.41573 15.27779 13.15000
v -0.43301 15.25000 13.15000
v -0.44844 15.22114 13.15000
v -0.46194 15.19134 13.15000
v -0.47347 15.16072 13.15000
v -0.48296 15.12941 13.15000
v -0.49039 15.09755 13.15000
v -0.49572 15.06526 13.15000
v -0.49893 15.03270 13.15000
v -0.50000 15.00000 13.15000
v -0.49893 14.96730 13.15000
v -0.49572 14.93474 13.15000
v -0.49039 14.90245 13.15000
v -0.48296 14.87059 13.15000
v -0.47347 14.83928 13.15000
v -0.46194 14.80866 13.15000
v -0.44844 14.77886 13.15000
v -0.43301 14.75000 13.15000
v -0.41573 14.72221 13.15000
v -0.39668 14.69562 13.15000
v -0.37592 14.67033 13.15000
v -0.35355 14.64645 13.15000
v -0.32967 14.62408 13.15000
v -0.30438 14.60332 13.15000
v -0.27779 14.58427 13.15000
v -0.25000 14.56699 13.15000
v -0.22114 14.55156 13.15000
v -0.19134 14.53806 13.15000
v -0.16072 14.52653 13.15000
v -0.12941 14.51704 13.15000
v -0.09755 14.50961 13.15000
v -0.06526 14.50428 13.15000
v -0.03270 14.50107 13.15000
v -0.00000 14.50000 13.15000
v 0.03270 14.50107 13.15000
v 0.06526 14.50428 13.15000
v 0.09755 14.50961 13.15000
v 0.12941 14.51704 13.15000
v 0.16072 14.52653 13.15000
v 0.19134 14.53806 13.15000
v 0.22114 14.55156 13.15000
v 0.25000 14.56699 13.15000
v 0.27779 14.58427 13.15000
v 0.30438 14.60332 13.15000
v 0.32967 14.62408 13.15000
v 0.35355 14.64645 13.15000
v 0.37592 14.67033 13.15000
v 0.39668 14.69562 13.15000
v 0.41573 14.72221 13.15000
v 0.43301 14.75000 13.15000
v 0.44844 14.77886 13.15000
v 0.46194 14.80866 13.15000
v 0.47347 14.83928 13.15000
v 0.48296 14.87059 13.15000
v 0.49039 14.90245 13.15000
v 0.49572 14.93474 13.15000
v 0.49893 14.96730 13.15000
v -0.00000 15.00000 13.05000
v -0.00000 15.00000 13.15000
f 3873 3874 3970
f 3873 3970 3969
f 3874 3875 3971
f 3874 3971 3970
f 3875 3876 3972
f 3875 3972 3971
f 3876 3877 3973
f 3876 3973 3972
f 3877 3878 3974
f 3877 3974 3973
f 3878 3879 3975
f 3878 3975 3974
f 3879 3880 3976
f 3879 3976 3975
f 3880 3881 3977
f 3880 3977 3976
f 3881 3882 3978
f 3881 3978 3977
f 3882 3883 3979
f 3882 3979 3978
f 3883 3884 3980
f 3883 3980 3979
f 3884 3885 3981
f 3884 3981 3980
f 3885 3886 3982
f 3885 3982 3981
f 3886 3887 3983
f 3886 3983 3982
f 3887 3888 3984
f 3887 3984 3983
f 3888 3889 3985
f 3888 3985 3984
f 3889 3890 3986
f 3889 3986 3985
f 3890 3891 3987
f 3890 3987 3986
f 3891 3892 3988
f 3891 3988 3987
f 3892 3893 3989
f 3892 3989 3988
f 3893 3894 3990
f 3893 3990 3989
f 3894 3895 3991
f 3894 3991 3990
f 3895 3896 3992
f 3895 3992 3991
f 3896 3897 3993
f 3896 3993 3992
f 3897 3898 3994
f 3897 3994 3993
f 3898 3899 3995
f 3898 3995 3994
f 3899 3900 3996
f 3899 3996 3995
f 3900 3901 3997
f 3900 3997 3996
f 3901 3902 3998
f 3901 3998 3997
f 3902 3903 3999
f 3902 3999 3998
f 3903 3904 4000
f 3903 4000 3999
f 3904 3905 4001
f 3904 4001 4000
f 3905 3906 4002
f 3905 4002 4001
f 3906 3907 4003
f 3906 4003 4002
f 3907 3908 4004
f 3907 4004 4003
f 3908 3909 4005
f 3908 4005 4004
f 3909 3910 4006
f 3909 4006 4005
f 3910 3911 4007
f 3910 4007 4006
f 3911 3912 4008
f 3911 4008 4007
f 3912 3913 4009
f 3912 4009 4008
f 3913 3914 4010
f 3913 4010 4009
f 3914 3915 4011
f 3914 4011 4010
f 3915 3916 4012
f 3915 4012 4011
f 3916 3917 4013
f 3916 4013 4012
f 3917 3918 4014
f 3917 4014 4013
f 3918 3919 4015
f 3918 4015 4014
f 3919 3920 4016
f 3919 4016 4015
f 3920 3921 4017
f 3920 4017 4016
f 3921 3922 4018
f 3921 4018 4017
f 3922 3923 4019
f 3922 4019 4018
f 3923 3924 4020
f 3923 4020 4019
f 3924 3925 4021
f 3924 4021 4020
f 3925 3926 4022
f 3925 4022 4021
f 3926 3927 4023
f 3926 4023 4022
f 3927 3928 4024
f 3927 4024 4023
f 3928 3929 4025
f 3928 4025 4024
f 3929 3930 4026
f 3929 4026 4025
f 3930 3931 4027
f 3930 4027 4026
f 3931 3932 4028
f 3931 4028 4027
f 3932 3933 4029
f 3932 4029 4028
f 3933 3934 4030
f 3933 4030 4029
f 3934 3935 4031
f 3934 4031 4030
f 3935 3936 4032
f 3935 4032 4031
f 3936 3937 4033
f 3936 4033 4032
f 3937 3938 4034
f 3937 4034 4033
f 3938 3939 4035
f 3938 4035 4034
f 3939 3940 4036
f 3939 4036 4035
f 3940 3941 4037
f 3940 4037 4036
f 3941 3942 4038
f 3941 4038 4037
f 3942 3943 4039
f 3942 4039 4038
f 3943 3944 4040
f 3943 4040 4039
f 3944 3945 4041
f 3944 4041 4040
f 3945 3946 4042
f 3945 4042 4041
f 3946 3947 4043
f 3946 4043 4042
f 3947 3948 4044
f 3947 4044 4043
f 3948 3949 4045
f 3948 4045 4044
f 3949 3950 4046
f 3949 4046 4045
f 3950 3951 4047
f 3950 4047 4046
f 3951 3952 4048
f 3951 4048 4047
f 3952 3953 4049
f 3952 4049 4048
f 3953 3954 4050
f 3953 4050 4049
f 3954 3955 4051
f 3954 4051 4050
f 3955 3956 4052
f 3955 4052 4051
f 3956 3957 4053
f 3956 4053 4052
f 3957 3958 4054
f 3957 4054 4053
f 3958 3959 4055
f 3958 4055 4054
f 3959 3960 4056
f 3959 4056 4055
f 3960 3961 4057
f 3960 4057 4056
f 3961 3962 4058
f 3961 4058 4057
f 3962 3963 4059
f 3962 4059 4058
f 3963 3964 4060
f 3963 4060 4059
f 3964 3965 4061
f 3964 4061 4060
f 3965 3966 4062
f 3965 4062 4061
f 3966 3967 4063
f 3966 4063 4062
f 3967 3968 4064
f 3967 4064 4063
f 3968 3873 3969
f 3968 3969 4064
f 3874 3873 4065
f 3875 3874 4065
f 3876 3875 4065
f 3877 3876 4065
f 3878 3877 4065
f 3879 3878 4065
f 3880 3879 4065
f 3881 3880 4065
f 3882 3881 4065
f 3883 3882 4065
f 3884 3883 4065
f 3885 3884 4065
f 3886 3885 4065
f 3887 3886 4065
f 3888 3887 4065
f 3889 3888 4065
f 3890 3889 4065
f 3891 3890 4065
f 3892 3891 4065
f 3893 3892 4065
f 3894 3893 4065
f 3895 3894 4065
f 3896 3895 4065
f 3897 3896 4065
f 3898 3897 4065
f 3899 3898 4065
f 3900 3899 4065
f 3901 3900 4065
f 3902 3901 4065
f 3903 3902 4065
f 3904 3903 4065
f 3905 3904 4065
f 3906 3905 4065
f 3907 3906 4065
f 3908 3907 4065
f 3909 3908 4065
f 3910 3909 4065
f 3911 3910 4065
f 3912 3911 4065
f 3913 3912 4065
f 3914 3913 4065
f 3915 3914 4065
f 3916 3915 4065
f 3917 3916 4065
f 3918 3917 4065
f 3919 3918 4065
f 3920 3919 4065
f 3921 3920 4065
f 3922 3921 4065
f 3923 3922 4065
f 3924 3923 4065
f 3925 3924 4065
f 3926 3925 4065
f 3927 3926 4065
f 3928 3927 4065
f 3929 3928 4065
f 3930 3929 4065
f 3931 3930 4065
f 3932 3931 4065
f 3933 3932 4065
f 3934 3933 4065
f 3935 3934 4065
f 3936 3935 4065
f 3937 3936 4065
f 3938 3937 4065
f 3939 3938 4065
f 3940 3939 4065
f 3941 3940 4065
f 3942 3941 4065
f 3943 3942 4065
f 3944 3943 4065
f 3945 3944 4065
f 3946 3945 4065
f 3947 3946 4065
f 3948 3947 4065
f 3949 3948 4065
f 3950 3949 4065
f 3951 3950 4065
f 3952 3951 4065
f 3953 3952 4065
f 3954 3953 4065
f 3955 3954 4065
f 3956 3955 4065
f 3957 3956 4065
f 3958 3957 4065
f 3959 3958 4065
f 3960 3959 4065
f 3961 3960 4065
f 3962 3961 4065
f 3963 3962 4065
f 3964 3963 4065
f 3965 3964 4065
f 3966 3965 4065
f 3967 3966 4065
f 3968 3967 4065
f 3873 3968 4065
f 4066 3969 3970
f 4066 3970 3971
f 4066 3971 3972
f 4066 3972 3973
f 4066 3973 3974
f 4066 3974 3975
f 4066 3975 3976
f 4066 3976 3977
f 4066 3977 3978
f 4066 3978 3979
f 4066 3979 3980
f 4066 3980 3981
f 4066 3981 3982
f 4066 3982 3983
f 4066 3983 3984
f 4066 3984 3985
f 4066 3985 3986
f 4066 3986 3987
f 4066 3987 3988
f 4066 3988 3989
f 4066 3989 3990
f 4066 3990 3991
f 4066 3991 3992
f 4066 3992 3993
f 4066 3993 3994
f 4066 3994 3995
f 4066 3995 3996
f 4066 3996 3997
f 4066 3997 3998
f 4066 3998 3999
f 4066 3999 4000
f 4066 4000 4001
f 4066 4001 4002
f 4066 4002 4003
f 4066 4003 4004
f 4066 4004 4005
f 4066 4005 4006
f 4066 4006 4007
f 4066 4007 4008
f 4066 4008 4009
f 4066 4009 4010
f 4066 4010 4011
f 4066 4011 4012
f 4066 4012 4013
f 4066 4013 4014
f 4066 4014 4015
f 4066 4015 4016
f 4066 4016 4017
f 4066 4017 4018
f 4066 4018 4019
f 4066 4019 4020
f 4066 4020 4021
f 4066 4021 4022
f 4066 4022 4023
f 4066 4023 4024
f 4066 4024 4025
f 4066 4025 4026
f 4066 4026 4027
f 4066 4027 4028
f 4066 4028 4029
f 4066 4029 4030
f 4066 4030 4031
f 4066 4031 4032
f 4066 4032 4033
f 4066 4033 4034
f 4066 4034 4035
f 4066 4035 4036
f 4066 4036 4037
f 4066 4037 4038
f 4066 4038 4039
f 4066 4039 4040
f 4066 4040 4041
f 4066 4041 4042
f 4066 4042 4043
f 4066 4043 4044
f 4066 4044 4045
f 4066 4045 4046
f 4066 4046 4047
f 4066 4047 4048
f 4066 4048 4049
f 4066 4049 4050
f 4066 4050 4051
f 4066 4051 4052
f 4066 4052 4053
f 4066 4053 4054
f 4066 4054 4055
f 4066 4055 4056
f 4066 4056 4057
f 4066 4057 4058
f 4066 4058 4059
f 4066 4059 4060
f 4066 4060 4061
f 4066 4061 4062
f 4066 4062 4063
f 4066 4063 4064
f 4066 4064 3969
o portB
v 0.50000 -18.00000 13.05000
v 0.49893 -17.96730 13.05000
v 0.49572 -17.93474 13.05000
v 0.49039 -17.90245 13.05000
v 0.48296 -17.87059 13.05000
v 0.47347 -17.83928 13.05000
v 0.46194 -17.80866 13.05000
v 0.44844 -17.77886 13.05000
v 0.43301 -17.75000 13.05000
v 0.41573 -17.72221 13.05000
v 0.39668 -17.69562 13.05000
v 0.37592 -17.67033 13.05000
v 0.35355 -17.64645 13.05000
v 0.32967 -17.62408 13.05000
v 0.30438 -17.60332 13.05000
v 0.27779 -17.58427 13.05000
v 0.25000 -17.56699 13.05000
v 0.22114 -17.55156 13.05000
v 0.19134 -17.53806 13.05000
v 0.16072 -17.52653 13.05000
v 0.12941 -17.51704 13.05000
v 0.09755 -17.50961 13.05000
v 0.06526 -17.50428 13.05000
v 0.03270 -17.50107 13.05000
v 0.00000 -17.50000 13.05000
v -0.03270 -17.50107 13.05000
v -0.06526 -17.50428 13.05000
v -0.09755 -17.50961 13.05000
v -0.12941 -17.51704 13.05000
v -0.16072 -17.52653 13.05000
v -0.19134 -17.53806 13.05000
v -0.22114 -17.55156 13.05000
v -0.25000 -17.56699 13.05000
v -0.27779 -17.58427 13.05000
v -0.30438 -17.60332 13.05000
v -0.32967 -17.62408 13.05000
v -0.35355 -17.64645 13.05000
v -0.37592 -17.67033 13.05000
v -0.39668 -17.69562 13.05000
v -0.41573 -17.72221 13.05000
v -0.43301 -17.75000 13.05000
v -0.44844 -17.77886 13.05000
v -0.46194 -17.80866 13.05000
v -0.47347 -17.83928 13.05000
v -0.48296 -17.87059 13.05000
v -0.49039 -17.90245 13.05000
v -0.49572 -17.93474 13.05000
v -0.49893 -17.96730 13.05000
v -0.50000 -18.00000 13.05000
v -0.49893 -18.03270 13.05000
v -0.49572 -18.06526 13.05000
v -0.49039 -18.09755 13.05000
v -0.48296 -18.12941 13.05000
v -0.47347 -18.16072 13.05000
v -0.46194 -18.19134 13.05000
v -0.44844 -18.22114 13.05000
v -0.43301 -18.25000 13.05000
v -0.41573 -18.27779 13.05000
v -0.39668 -18.30438 13.05000
v -0.37592 -18.32967 13.05000
v -0.35355 -18.35355 13.05000
v -0.32967 -18.37592 13.05000
v -0.30438 -18.39668 13.05000
v -0.27779 -18.41573 13.05000
v -0.25000 -18.43301 13.05000
v -0.22114 -18.44844 13.05000
v -0.19134 -18.46194 13.05000
v -0.16072 -18.47347 13.05000
v -0.12941 -18.48296 13.05000
v -0.09755 -18.49039 13.05000
v -0.06526 -18.49572 13.05000
v -0.03270 -18.49893 13.05000
v -0.00000 -18.50000 13.05000
v 0.03270 -18.49893 13.05000
v 0.06526 -18.49572 13.05000
v 0.09755 -18.49039 13.05000
v 0.12941 -18.48296 13.05000
v 0.16072 -18.47347 13.05000
v 0.19134 -18.46194 13.05000
v 0.22114 -18.44844 13.05000
v 0.25000 -18.43301 13.05000
v 0.27779 -18.41573 13.05000
v 0.30438 -18.39668 13.05000
v 0.32967 -18.37592 13.05000
v 0.35355 -18.35355 13.05000
v 0.37592 -18.32967 13.05000
v 0.39668 -18.30438 13.05000
v 0.41573 -18.27779 13.05000
v 0.43301 -18.25000 13.05000
v 0.44844 -18.22114 13.05000
v 0.46194 -18.19134 13.05000
v 0.47347 -18.16072 13.05000
v 0.48296 -18.12941 13.05000
v 0.49039 -18.09755 13.05000
v 0.49572 -18.06526 13.05000
v 0.49893 -18.03270 13.05000
v 0.50000 -18.00000 13.15000
v 0.49893 -17.96730 13.15000
v 0.49572 -17.93474 13.15000
v 0.49039 -17.90245 13.15000
v 0.48296 -17.87059 13.15000
v 0.47347 -17.83928 13.15000
v 0.46194 -17.80866 13.15000
v 0.44844 -17.77886 13.15000
v 0.43301 -17.75000 13.15000
v 0.41573 -17.72221 13.15000
v 0.39668 -17.69562 13.15000
v 0.37592 -17.67033 13.15000
v 0.35355 -17.64645 13.15000
v 0.32967 -17.62408 13.15000
v 0.30438 -17.60332 13.15000
v 0.27779 -17.58427 13.15000
v 0.25000 -17.56699 13.15000
v 0.22114 -17.55156 13.15000
v 0.19134 -17.53806 13.15000
v 0.16072 -17.52653 13.15000
v 0.12941 -17.51704 13.15000
v 0.09755 -17.50961 13.15000
v 0.06526 -17.50428 13.15000
v 0.03270 -17.50107 13.15000
v 0.00000 -17.50000 13.15000
v -0.03270 -17.50107 13.15000
v -0.06526 -17.50428 13.15000
v -0.09755 -17.50961 13.15000
v -0.12941 -17.51704 13.15000
v -0.16072 -17.52653 13.15000
v -0.19134 -17.53806 13.15000
v -0.22114 -17.55156 13.15000
v -0.25000 -17.56699 13.15000
v -0.27779 -17.58427 13.15000
v -0.30438 -17.60332 13.15000
v -0.32967 -17.62408 13.15000
v -0.35355 -17.64645 13.15000
v -0.37592 -17.67033 13.15000
v -0.39668 -17.69562 13.15000
v -0.41573 -17.72221 13.15000
v -0.43301 -17.75000 13.15000
v -0.44844 -17.77886 13.15000
v -0.46194 -17.80866 13.15000
v -0.47347 -17.83928 13.15000
v -0.48296 -17.87059 13.15000
v -0.49039 -17.90245 13.15000
v -0.49572 -17.93474 13.15000
v -0.49893 -17.96730 13.15000
v -0.50000 -18.00000 13.15000
v -0.49893 -18.03270 13.15000
v -0.49572 -18.06526 13.15000
v -0.49039 -18.09755 13.15000
v -0.48296 -18.12941 13.15000
v -0.47347 -18.16072 13.15000
v -0.46194 -18.19134 13.15000
v -0.44844 -18.22114 13.15000
v -0.43301 -18.25000 13.15000
v -0.41573 -18.27779 13.15000
v -0.39668 -18.30438 13.15000
v -0.37592 -18.32967 13.15000
v -0.35355 -18.35355 13.15000
v -0.32967 -18.37592 13.15000
v -0.30438 -18.39668 13.15000
v -0.27779 -18.41573 13.15000
v -0.25000 -18.43301 13.15000
v -0.22114 -18.44844 13.15000
v -0.19134 -18.46194 13.15000
v -0.16072 -18.47347 13.15000
v -0.12941 -18.48296 13.15000
v -0.09755 -18.49039 13.15000
v -0.06526 -18.49572 13.15000
v -0.03270 -18.49893 13.15000
v -0.00000 -18.50000 13.15000
v 0.03270 -18.49893 13.15000
v 0.06526 -18.49572 13.15000
v 0.09755 -18.49039 13.15000
v 0.12941 -18.48296 13.15000
v 0.16072 -18.47347 13.15000
v 0.19134 -18.46194 13.15000
v 0.22114 -18.44844 13.15000
v 0.25000 -18.43301 13.15000
v 0.27779 -18.41573 13.15000
v 0.30438 -18.39668 13.15000
v 0.32967 -18.37592 13.15000
v 0.35355 -18.35355 13.15000
v 0.37592 -18.32967 13.15000
v 0.39668 -18.30438 13.15000
v 0.41573 -18.27779 13.15000
v 0.43301 -18.25000 13.15000
v 0.44844 -18.22114 13.15000
v 0.46194 -18.19134 13.15000
v 0.47347 -18.16072 13.15000
v 0.48296 -18.12941 13.15000
v 0.49039 -18.09755 13.15000
v 0.49572 -18.06526 13.15000
v 0.49893 -18.03270 13.15000
v -0.00000 -18.00000 13.05000
v -0.00000 -18.00000 13.15000
f 4067 4068 4164
f 4067 4164 4163
f 4068 4069 4165
f 4068 4165 4164
f 4069 4070 4166
f 4069 4166 4165
f 4070 4071 4167
f 4070 4167 4166
f 4071 4072 4168
f 4071 4168 4167
f 4072 4073 4169
f 4072 4169 4168
f 4073 4074 4170
f 4073 4170 4169
f 4074 4075 4171
f 4074 4171 4170
f 4075 4076 4172
f 4075 4172 4171
f 4076 4077 4173
f 4076 4173 4172
f 4077 4078 4174
f 4077 4174 4173
f 4078 4079 4175
f 4078 4175 4174
f 4079 4080 4176
f 4079 4176 4175
f 4080 4081 4177
f 4080 4177 4176
f 4081 4082 4178
f 4081 4178 4177
f 4082 4083 4179
f 4082 4179 4178
f 4083 4084 4180
f 4083 4180 4179
f 4084 4085 4181
f 4084 4181 4180
f 4085 4086 4182
f 4085 4182 4181
f 4086 4087 4183
f 4086 4183 4182
f 4087 4088 4184
f 4087 4184 4183
f 4088 4089 4185
f 4088 4185 4184
f 4089 4090 4186
f 4089 4186 4185
f 4090 4091 4187
f 4090 4187 4186
f 4091 4092 4188
f 4091 4188 4187
f 4092 4093 4189
f 4092 4189 4188
f 4093 4094 4190
f 4093 4190 4189
f 4094 4095 4191
f 4094 4191 4190
f 4095 4096 4192
f 4095 4192 4191
f 4096 4097 4193
f 4096 4193 4192
f 4097 4098 4194
f 4097 4194 4193
f 4098 4099 4195
f 4098 4195 4194
f 4099 4100 4196
f 4099 4196 4195
f 4100 4101 4197
f 4100 4197 4196
f 4101 4102 4198
f 4101 4198 4197
f 4102 4103 4199
f 4102 4199 4198
f 4103 4104 4200
f 4103 4200 4199
f 4104 4105 4201
f 4104 4201 4200
f 4105 4106 4202
f 4105 4202 4201
f 4106 4107 4203
f 4106 4203 4202
f 4107 4108 4204
f 4107 4204 4203
f 4108 4109 4205
f 4108 4205 4204
f 4109 4110 4206
f 4109 4206 4205
f 4110 4111 4207
f 4110 4207 4206
f 4111 4112 4208
f 4111 4208 4207
f 4112 4113 4209
f 4112 4209 4208
f 4113 4114 4210
f 4113 4210 4209
f 4114 4115 4211
f 4114 4211 4210
f 4115 4116 4212
f 4115 4212 4211
f 4116 4117 4213
f 4116 4213 4212
f 4117 4118 4214
f 4117 4214 4213
f 4118 4119 4215
f 4118 4215 4214
f 4119 4120 4216
f 4119 4216 4215
f 4120 4121 4217
f 4120 4217 4216
f 4121 4122 4218
f 4121 4218 4217
f 4122 4123 4219
f 4122 4219 4218
f 4123 4124 4220
f 4123 4220 4219
f 4124 4125 4221
f 4124 4221 4220
f 4125 4126 4222
f 4125 4222 4221
f 4126 4127 4223
f 4126 4223 4222
f 4127 4128 4224
f 4127 4224 4223
f 4128 4129 4225
f 4128 4225 4224
f 4129 4130 4226
f 4129 4226 4225
f 4130 4131 4227
f 4130 4227 4226
f 4131 4132 4228
f 4131 4228 4227
f 4132 4133 4229
f 4132 4229 4228
f 4133 4134 4230
f 4133 4230 4229
f 4134 4135 4231
f 4134 4231 4230
f 4135 4136 4232
f 4135 4232 4231
f 4136 4137 4233
f 4136 4233 4232
f 4137 4138 4234
f 4137 4234 4233
f 4138 4139 4235
f 4138 4235 4234
f 4139 4140 4236
f 4139 4236 4235
f 4140 4141 4237
f 4140 4237 4236
f 4141 4142 4238
f 4141 4238 4237
f 4142 4143 4239
f 4142 4239 4238
f 4143 4144 4240
f 4143 4240 4239
f 4144 4145 4241
f 4144 4241 4240
f 4145 4146 4242
f 4145 4242 4241
f 4146 4147 4243
f 4146 4243 4242
f 4147 4148 4244
f 4147 4244 4243
f 4148 4149 4245
f 4148 4245 4244
f 4149 4150 4246
f 4149 4246 4245
f 4150 4151 4247
f 4150 4247 4246
f 4151 4152 4248
f 4151 4248 4247
f 4152 4153 4249
f 4152 4249 4248
f 4153 4154 4250
f 4153 4250 4249
f 4154 4155 4251
f 4154 4251 4250
f 4155 4156 4252
f 4155 4252 4251
f 4156 4157 4253
f 4156 4253 4252
f 4157 4158 4254
f 4157 4254 4253
f 4158 4159 4255
f 4158 4255 4254
f 4159 4160 4256
f 4159 4256 4255
f 4160 4161 4257
f 4160 4257 4256
f 4161 4162 4258
f 4161 4258 4257
f 4162 4067 4163
f 4162 4163 4258
f 4068 4067 4259
f 4069 4068 4259
f 4070 4069 4259
f 4071 4070 4259
f 4072 4071 4259
f 4073 4072 4259
f 4074 4073 4259
f 4075 4074 4259
f 4076 4075 4259
f 4077 4076 4259
f 4078 4077 4259
f 4079 4078 4259
f 4080 4079 4259
f 4081 4080 4259
f 4082 4081 4259
f 4083 4082 4259
f 4084 4083 4259
f 4085 4084 4259
f 4086 4085 4259
f 4087 4086 4259
f 4088 4087 4259
f 4089 4088 4259
f 4090 4089 4259
f 4091 4090 4259
f 4092 4091 4259
f 4093 4092 4259
f 4094 4093 4259
f 4095 4094 4259
f 4096 4095 4259
f 4097 4096 4259
f 4098 4097 4259
f 4099 4098 4259
f 4100 4099 4259
f 4101 4100 4259
f 4102 4101 4259
f 4103 4102 4259
f 4104 4103 4259
f 4105 4104 4259
f 4106 4105 4259
f 4107 4106 4259
f 4108 4107 4259
f 4109 4108 4259
f 4110 4109 4259
f 4111 4110 4259
f 4112 4111 4259
f 4113 4112 4259
f 4114 4113 4259
f 4115 4114 4259
f 4116 4115 4259
f 4117 4116 4259
f 4118 4117 4259
f 4119 4118 4259
f 4120 4119 4259
f 4121 4120 4259
f 4122 4121 4259
f 4123 4122 4259
f 4124 4123 4259
f 4125 4124 4259
f 4126 4125 4259
f 4127 4126 4259
f 4128 4127 4259
f 4129 4128 4259
f 4130 4129 4259
f 4131 4130 4259
f 4132 4131 4259
f 4133 4132 4259
f 4134 4133 4259
f 4135 4134 4259
f 4136 4135 4259
f 4137 4136 4259
f 4138 4137 4259
f 4139 4138 4259
f 4140 4139 4259
f 4141 4140 4259
f 4142 4141 4259
f 4143 4142 4259
f 4144 4143 4259
f 4145 4144 4259
f 4146 4145 4259
f 4147 4146 4259
f 4148 4147 4259
f 4149 4148 4259
f 4150 4149 4259
f 4151 4150 4259
f 4152 4151 4259
f 4153 4152 4259
f 4154 4153 4259
f 4155 4154 4259
f 4156 4155 4259
f 4157 4156 4259
f 4158 4157 4259
f 4159 4158 4259
f 4160 4159 4259
f 4161 4160 4259
f 4162 4161 4259
f 4067 4162 4259
f 4260 4163 4164
f 4260 4164 4165
f 4260 4165 4166
f 4260 4166 4167
f 4260 4167 4168
f 4260 4168 4169
f 4260 4169 4170
f 4260 4170 4171
f 4260 4171 4172
f 4260 4172 4173
f 4260 4173 4174
f 4260 4174 4175
f 4260 4175 4176
f 4260 4176 4177
f 4260 4177 4178
f 4260 4178 4179
f 4260 4179 4180
f 4260 4180 4181
f 4260 4181 4182
f 4260 4182 4183
f 4260 4183 4184
f 4260 4184 4185
f 4260 4185 4186
f 4260 4186 4187
f 4260 4187 4188
f 4260 4188 4189
f 4260 4189 4190
f 4260 4190 4191
f 4260 4191 4192
f 4260 4192 4193
f 4260 4193 4194
f 4260 4194 4195
f 4260 4195 4196
f 4260 4196 4197
f 4260 4197 4198
f 4260 4198 4199
f 4260 4199 4200
f 4260 4200 4201
f 4260 4201 4202
f 4260 4202 4203
f 4260 4203 4204
f 4260 4204 4205
f 4260 4205 4206
f 4260 4206 4207
f 4260 4207 4208
f 4260 4208 4209
f 4260 4209 4210
f 4260 4210 4211
f 4260 4211 4212
f 4260 4212 4213
f 4260 4213 4214
f 4260 4214 4215
f 4260 4215 4216
f 4260 4216 4217
f 4260 4217 4218
f 4260 4218 4219
f 4260 4219 4220
f 4260 4220 4221
f 4260 4221 4222
f 4260 4222 4223
f 4260 4223 4224
f 4260 4224 4225
f 4260 4225 4226
f 4260 4226 4227
f 4260 4227 4228
f 4260 4228 4229
f 4260 4229 4230
f 4260 4230 4231
f 4260 4231 4232
f 4260 4232 4233
f 4260 4233 4234
f 4260 4234 4235
f 4260 4235 4236
f 4260 4236 4237
f 4260 4237 4238
f 4260 4238 4239
f 4260 4239 4240
f 4260 4240 4241
f 4260 4241 4242
f 4260 4242 4243
f 4260 4243 4244
f 4260 4244 4245
f 4260 4245 4246
f 4260 4246 4247
f 4260 4247 4248
f 4260 4248 4249
f 4260 4249 4250
f 4260 4250 4251
f 4260 4251 4252
f 4260 4252 4253
f 4260 4253 4254
f 4260 4254 4255
f 4260 4255 4256
f 4260 4256 4257
f 4260 4257 4258
f 4260 4258 4163
o contact-3
v -2.00000 -18.00000 -0.30000
v -2.00214 -17.93460 -0.30000
v -2.00856 -17.86947 -0.30000
v -2.01921 -17.80491 -0.30000
v -2.03407 -17.74118 -0.30000
v -2.05307 -17.67856 -0.30000
v -2.07612 -17.61732 -0.30000
v -2.10313 -17.55771 -0.30000
v -2.13397 -17.50000 -0.30000
v -2.16853 -17.44443 -0.30000
v -2.20665 -17.39124 -0.30000
v -2.24816 -17.34065 -0.30000
v -2.29289 -17.29289 -0.30000
v -2.34065 -17.24816 -0.30000
v -2.39124 -17.20665 -0.30000
v -2.44443 -17.16853 -0.30000
v -2.50000 -17.13397 -0.30000
v -2.55771 -17.10313 -0.30000
v -2.61732 -17.07612 -0.30000
v -2.67856 -17.05307 -0.30000
v -2.74118 -17.03407 -0.30000
v -2.80491 -17.01921 -0.30000
v -2.86947 -17.00856 -0.30000
v -2.93460 -17.00214 -0.30000
v -3.00000 -17.00000 -0.30000
v -3.06540 -17.00214 -0.30000
v -3.13053 -17.00856 -0.30000
v -3.19509 -17.01921 -0.30000
v -3.25882 -17.03407 -0.30000
v -3.32144 -17.05307 -0.30000
v -3.38268 -17.07612 -0.30000
v -3.44229 -17.10313 -0.30000
v -3.50000 -17.13397 -0.30000
v -3.55557 -17.16853 -0.30000
v -3.60876 -17.20665 -0.30000
v -3.65935 -17.24816 -0.30000
v -3.70711 -17.29289 -0.30000
v -3.75184 -17.34065 -0.30000
v -3.79335 -17.39124 -0.30000
v -3.83147 -17.44443 -0.30000
v -3.86603 -17.50000 -0.30000
v -3.89687 -17.55771 -0.30000
v -3.92388 -17.61732 -0.30000
v -3.94693 -17.67856 -0.30000
v -3.96593 -17.74118 -0.30000
v -3.98079 -17.80491 -0.30000
v -3.99144 -17.86947 -0.30000
v -3.99786 -17.93460 -0.30000
v -4.00000 -18.00000 -0.30000
v -3.99786 -18.06540 -0.30000
v -3.99144 -18.13053 -0.30000
v -3.98079 -18.19509 -0.30000
v -3.96593 -18.25882 -0.30000
v -3.94693 -18.32144 -0.30000
v -3.92388 -18.38268 -0.30000
v -3.89687 -18.44229 -0.30000
v -3.86603 -18.50000 -0.30000
v -3.83147 -18.55557 -0.30000
v -3.79335 -18.60876 -0.30000
v -3.75184 -18.65935 -0.30000
v -3.70711 -18.70711 -0.30000
v -3.65935 -18.75184 -0.30000
v -3.60876 -18.79335 -0.30000
v -3.55557 -18.83147 -0.30000
v -3.50000 -18.86603 -0.30000
v -3.44229 -18.89687 -0.30000
v -3.38268 -18.92388 -0.30000
v -3.32144 -18.94693 -0.30000
v -3.25882 -18.96593 -0.30000
v -3.19509 -18.98079 -0.30000
v -3.13053 -18.99144 -0.30000
v -3.06540 -18.99786 -0.30000
v -3.00000 -19.00000 -0.30000
v -2.93460 -18.99786 -0.30000
v -2.86947 -18.99144 -0.30000
v -2.80491 -18.98079 -0.30000
v -2.74118 -18.96593 -0.30000
v -2.67856 -18.94693 -0.30000
v -2.61732 -18.92388 -0.30000
v -2.55771 -18.89687 -0.30000
v -2.50000 -18.86603 -0.30000
v -2.44443 -18.83147 -0.30000
v -2.39124 -18.79335 -0.30000
v -2.34065 -18.75184 -0.30000
v -2.29289 -18.70711 -0.30000
v -2.24816 -18.65935 -0.30000
v -2.20665 -18.60876 -0.30000
v -2.16853 -18.55557 -0.30000
v -2.13397 -18.50000 -0.30000
v -2.10313 -18.44229 -0.30000
v -2.07612 -18.38268 -0.30000
v -2.05307 -18.32144 -0.30000
v -2.03407 -18.25882 -0.30000
v -2.01921 -18.19509 -0.30000
v -2.00856 -18.13053 -0.30000
v -2.00214 -18.06540 -0.30000
v -2.00000 -18.00000 0.05000
v -2.00214 -17.93460 0.05000
v -2.00856 -17.86947 0.05000
v -2.01921 -17.80491 0.05000
v -2.03407 -17.74118 0.05000
v -2.05307 -17.67856 0.05000
v -2.07612 -17.61732 0.05000
v -2.10313 -17.55771 0.05000
v -2.13397 -17.50000 0.05000
v -2.16853 -17.44443 0.05000
v -2.20665 -17.39124 0.05000
v -2.24816 -17.34065 0.05000
v -2.29289 -17.29289 0.05000
v -2.34065 -17.24816 0.05000
v -2.39124 -17.20665 0.05000
v -2.44443 -17.16853 0.05000
v -2.50000 -17.13397 0.05000
v -2.55771 -17.10313 0.05000
v -2.61732 -17.07612 0.05000
v -2.67856 -17.05307 0.05000
v -2.74118 -17.03407 0.05000
v -2.80491 -17.01921 0.05000
v -2.86947 -17.00856 0.05000
v -2.93460 -17.00214 0.05000
v -3.00000 -17.00000 0.05000
v -3.06540 -17.00214 0.05000
v -3.13053 -17.00856 0.05000
v -3.19509 -17.01921 0.05000
v -3.25882 -17.03407 0.05000
v -3.32144 -17.05307 0.05000
v -3.38268 -17.07612 0.05000
v -3.44229 -17.10313 0.05000
v -3.50000 -17.13397 0.05000
v -3.55557 -17.16853 0.05000
v -3.60876 -17.20665 0.05000
v -3.65935 -17.24816 0.05000
v -3.70711 -17.29289 0.05000
v -3.75184 -17.34065 0.05000
v -3.79335 -17.39124 0.05000
v -3.83147 -17.44443 0.05000
v -3.86603 -17.50000 0.05000
v -3.89687 -17.55771 0.05000
v -3.92388 -17.61732 0.05000
v -3.94693 -17.67856 0.05000
v -3.96593 -17.74118 0.05000
v -3.98079 -17.80491 0.05000
v -3.99144 -17.86947 0.05000
v -3.99786 -17.93460 0.05000
v -4.00000 -18.00000 0.05000
v -3.99786 -18.06540 0.05000
v -3.99144 -18.13053 0.05000
v -3.98079 -18.19509 0.05000
v -3.96593 -18.25882 0.05000
v -3.94693 -18.32144 0.05000
v -3.92388 -18.38268 0.05000
v -3.89687 -18.44229 0.05000
v -3.86603 -18.50000 0.05000
v -3.83147 -18.55557 0.05000
v -3.79335 -18.60876 0.05000
v -3.75184 -18.65935 0.05000
v -3.70711 -18.70711 0.05000
v -3.65935 -18.75184 0.05000
v -3.60876 -18.79335 0.05000
v -3.55557 -18.83147 0.05000
v -3.50000 -18.86603 0.05000
v -3.44229 -18.89687 0.05000
v -3.38268 -18.92388 0.05000
v -3.32144 -18.94693 0.05000
v -3.25882 -18.96593 0.05000
v -3.19509 -18.98079 0.05000
v -3.13053 -18.99144 0.05000
v -3.06540 -18.99786 0.05000
v -3.00000 -19.00000 0.05000
v -2.93460 -18.99786 0.05000
v -2.86947 -18.99144 0.05000
v -2.80491 -18.98079 0.05000
v -2.74118 -18.96593 0.05000
v -2.67856 -18.94693 0.05000
v -2.61732 -18.92388 0.05000
v -2.55771 -18.89687 0.05000
v -2.50000 -18.86603 0.05000
v -2.44443 -18.83147 0.05000
v -2.39124 -18.79335 0.05000
v -2.34065 -18.75184 0.05000
v -2.29289 -18.70711 0.05000
v -2.24816 -18.65935 0.05000
v -2.20665 -18.60876 0.05000
v -2.16853 -18.55557 0.05000
v -2.13397 -18.50000 0.05000
v -2.10313 -18.44229 0.05000
v -2.07612 -18.38268 0.05000
v -2.05307 -18.32144 0.05000
v -2.03407 -18.25882 0.05000
v -2.01921 -18.19509 0.05000
v -2.00856 -18.13053 0.05000
v -2.00214 -18.06540 0.05000
v -3.00000 -18.00000 -0.30000
v -3.00000 -18.00000 0.05000
f 4261 4262 4358
f 4261 4358 4357
f 4262 4263 4359
f 4262 4359 4358
f 4263 4264 4360
f 4263 4360 4359
f 4264 4265 4361
f 4264 4361 4360
f 4265 4266 4362
f 4265 4362 4361
f 4266 4267 4363
f 4266 4363 4362
f 4267 4268 4364
f 4267 4364 4363
f 4268 4269 4365
f 4268 4365 4364
f 4269 4270 4366
f 4269 4366 4365
f 4270 4271 4367
f 4270 4367 4366
f 4271 4272 4368
f 4271 4368 4367
f 4272 4273 4369
f 4272 4369 4368
f 4273 4274 4370
f 4273 4370 4369
f 4274 4275 4371
f 4274 4371 4370
f 4275 4276 4372
f 4275 4372 4371
f 4276 4277 4373
f 4276 4373 4372
f 4277 4278 4374
f 4277 4374 4373
f 4278 4279 4375
f 4278 4375 4374
f 4279 4280 4376
f 4279 4376 4375
f 4280 4281 4377
f 4280 4377 4376
f 4281 4282 4378
f 4281 4378 4377
f 4282 4283 4379
f 4282 4379 4378
f 4283 4284 4380
f 4283 4380 4379
f 4284 4285 4381
f 4284 4381 4380
f 4285 4286 4382
f 4285 4382 4381
f 4286 4287 4383
f 4286 4383 4382
f 4287 4288 4384
f 4287 4384 4383
f 4288 4289 4385
f 4288 4385 4384
f 4289 4290 4386
f 4289 4386 4385
f 4290 4291 4387
f 4290 4387 4386
f 4291 4292 4388
f 4291 4388 4387
f 4292 4293 4389
f 4292 4389 4388
f 4293 4294 4390
f 4293 4390 4389
f 4294 4295 4391
f 4294 4391 4390
f 4295 4296 4392
f 4295 4392 4391
f 4296 4297 4393
f 4296 4393 4392
f 4297 4298 4394
f 4297 4394 4393
f 4298 4299 4395
f 4298 4395 4394
f 4299 4300 4396
f 4299 4396 4395
f 4300 4301 4397
f 4300 4397 4396
f 4301 4302 4398
f 4301 4398 4397
f 4302 4303 4399
f 4302 4399 4398
f 4303 4304 4400
f 4303 4400 4399
f 4304 4305 4401
f 4304 4401 4400
f 4305 4306 4402
f 4305 4402 4401
f 4306 4307 4403
f 4306 4403 4402
f 4307 4308 4404
f 4307 4404 4403
f 4308 4309 4405
f 4308 4405 4404
f 4309 4310 4406
f 4309 4406 4405
f 4310 4311 4407
f 4310 4407 4406
f 4311 4312 4408
f 4311 4408 4407
f 4312 4313 4409
f 4312 4409 4408
f 4313 4314 4410
f 4313 4410 4409
f 4314 4315 4411
f 4314 4411 4410
f 4315 4316 4412
f 4315 4412 4411
f 4316 4317 4413
f 4316 4413 4412
f 4317 4318 4414
f 4317 4414 4413
f 4318 4319 4415
f 4318 4415 4414
f 4319 4320 4416
f 4319 4416 4415
f 4320 4321 4417
f 4320 4417 4416
f 4321 4322 4418
f 4321 4418 4417
f 4322 4323 4419
f 4322 4419 4418
f 4323 4324 4420
f 4323 4420 4419
f 4324 4325 4421
f 4324 4421 4420
f 4325 4326 4422
f 4325 4422 4421
f 4326 4327 4423
f 4326 4423 4422
f 4327 4328 4424
f 4327 4424 4423
f 4328 4329 4425
f 4328 4425 4424
f 4329 4330 4426
f 4329 4426 4425
f 4330 4331 4427
f 4330 4427 4426
f 4331 4332 4428
f 4331 4428 4427
f 4332 4333 4429
f 4332 4429 4428
f 4333 4334 4430
f 4333 4430 4429
f 4334 4335 4431
f 4334 4431 4430
f 4335 4336 4432
f 4335 4432 4431
f 4336 4337 4433
f 4336 4433 4432
f 4337 4338 4434
f 4337 4434 4433
f 4338 4339 4435
f 4338 4435 4434
f 4339 4340 4436
f 4339 4436 4435
f 4340 4341 4437
f 4340 4437 4436
f 4341 4342 4438
f 4341 4438 4437
f 4342 4343 4439
f 4342 4439 4438
f 4343 4344 4440
f 4343 4440 4439
f 4344 4345 4441
f 4344 4441 4440
f 4345 4346 4442
f 4345 4442 4441
f 4346 4347 4443
f 4346 4443 4442
f 4347 4348 4444
f 4347 4444 4443
f 4348 4349 4445
f 4348 4445 4444
f 4349 4350 4446
f 4349 4446 4445
f 4350 4351 4447
f 4350 4447 4446
f 4351 4352 4448
f 4351 4448 4447
f 4352 4353 4449
f 4352 4449 4448
f 4353 4354 4450
f 4353 4450 4449
f 4354 4355 4451
f 4354 4451 4450
f 4355 4356 4452
f 4355 4452 4451
f 4356 4261 4357
f 4356 4357 4452
f 4262 4261 4453
f 4263 4262 4453
f 4264 4263 4453
f 4265 4264 4453
f 4266 4265 4453
f 4267 4266 4453
f 4268 4267 4453
f 4269 4268 4453
f 4270 4269 4453
f 4271 4270 4453
f 4272 4271 4453
f 4273 4272 4453
f 4274 4273 4453
f 4275 4274 4453
f 4276 4275 4453
f 4277 4276 4453
f 4278 4277 4453
f 4279 4278 4453
f 4280 4279 4453
f 4281 4280 4453
f 4282 4281 4453
f 4283 4282 4453
f 4284 4283 4453
f 4285 4284 4453
f 4286 4285 4453
f 4287 4286 4453
f 4288 4287 4453
f 4289 4288 4453
f 4290 4289 4453
f 4291 4290 4453
f 4292 4291 4453
f 4293 4292 4453
f 4294 4293 4453
f 4295 4294 4453
f 4296 4295 4453
f 4297 4296 4453
f 4298 4297 4453
f 4299 4298 4453
f 4300 4299 4453
f 4301 4300 4453
f 4302 4301 4453
f 4303 4302 4453
f 4304 4303 4453
f 4305 4304 4453
f 4306 4305 4453
f 4307 4306 4453
f 4308 4307 4453
f 4309 4308 4453
f 4310 4309 4453
f 4311 4310 4453
f 4312 4311 4453
f 4313 4312 4453
f 4314 4313 4453
f 4315 4314 4453
f 4316 4315 4453
f 4317 4316 4453
f 4318 4317 4453
f 4319 4318 4453
f 4320 4319 4453
f 4321 4320 4453
f 4322 4321 4453
f 4323 4322 4453
f 4324 4323 4453
f 4325 4324 4453
f 4326 4325 4453
f 4327 4326 4453
f 4328 4327 4453
f 4329 4328 4453
f 4330 4329 4453
f 4331 4330 4453
f 4332 4331 4453
f 4333 4332 4453
f 4334 4333 4453
f 4335 4334 4453
f 4336 4335 4453
f 4337 4336 4453
f 4338 4337 4453
f 4339 4338 4453
f 4340 4339 4453
f 4341 4340 4453
f 4342 4341 4453
f 4343 4342 4453
f 4344 4343 4453
f 4345 4344 4453
f 4346 4345 4453
f 4347 4346 4453
f 4348 4347 4453
f 4349 4348 4453
f 4350 4349 4453
f 4351 4350 4453
f 4352 4351 4453
f 4353 4352 4453
f 4354 4353 4453
f 4355 4354 4453
f 4356 4355 4453
f 4261 4356 4453
f 4454 4357 4358
f 4454 4358 4359
f 4454 4359 4360
f 4454 4360 4361
f 4454 4361 4362
f 4454 4362 4363
f 4454 4363 4364
f 4454 4364 4365
f 4454 4365 4366
f 4454 4366 4367
f 4454 4367 4368
f 4454 4368 4369
f 4454 4369 4370
f 4454 4370 4371
f 4454 4371 4372
f 4454 4372 4373
f 4454 4373 4374
f 4454 4374 4375
f 4454 4375 4376
f 4454 4376 4377
f 4454 4377 4378
f 4454 4378 4379
f 4454 4379 4380
f 4454 4380 4381
f 4454 4381 4382
f 4454 4382 4383
f 4454 4383 4384
f 4454 4384 4385
f 4454 4385 4386
f 4454 4386 4387
f 4454 4387 4388
f 4454 4388 4389
f 4454 4389 4390
f 4454 4390 4391
f 4454 4391 4392
f 4454 4392 4393
f 4454 4393 4394
f 4454 4394 4395
f 4454 4395 4396
f 4454 4396 4397
f 4454 4397 4398
f 4454 4398 4399
f 4454 4399 4400
f 4454 4400 4401
f 4454 4401 4402
f 4454 4402 4403
f 4454 4403 4404
f 4454 4404 4405
f 4454 4405 4406
f 4454 4406 4407
f 4454 4407 4408
f 4454 4408 4409
f 4454 4409 4410
f 4454 4410 4411
f 4454 4411 4412
f 4454 4412 4413
f 4454 4413 4414
f 4454 4414 4415
f 4454 4415 4416
f 4454 4416 4417
f 4454 4417 4418
f 4454 4418 4419
f 4454 4419 4420
f 4454 4420 4421
f 4454 4421 4422
f 4454 4422 4423
f 4454 4423 4424
f 4454 4424 4425
f 4454 4425 4426
f 4454 4426 4427
f 4454 4427 4428
f 4454 4428 4429
f 4454 4429 4430
f 4454 4430 4431
f 4454 4431 4432
f 4454 4432 4433
f 4454 4433 4434
f 4454 4434 4435
f 4454 4435 4436
f 4454 4436 4437
f 4454 4437 4438
f 4454 4438 4439
f 4454 4439 4440
f 4454 4440 4441
f 4454 4441 4442
f 4454 4442 4443
f 4454 4443 4444
f 4454 4444 4445
f 4454 4445 4446
f 4454 4446 4447
f 4454 4447 4448
f 4454 4448 4449
f 4454 4449 4450
f 4454 4450 4451
f 4454 4451 4452
f 4454 4452 4357
o contact3
v 4.00000 -18.00000 -0.30000
v 3.99786 -17.93460 -0.30000
v 3.99144 -17.86947 -0.30000
v 3.98079 -17.80491 -0.30000
v 3.96593 -17.74118 -0.30000
v 3.94693 -17.67856 -0.30000
v 3.92388 -17.61732 -0.30000
v 3.89687 -17.55771 -0.30000
v 3.86603 -17.50000 -0.30000
v 3.83147 -17.44443 -0.30000
v 3.79335 -17.39124 -0.30000
v 3.75184 -17.34065 -0.30000
v 3.70711 -17.29289 -0.30000
v 3.65935 -17.24816 -0.30000
v 3.60876 -17.20665 -0.30000
v 3.55557 -17.16853 -0.30000
v 3.50000 -17.13397 -0.30000
v 3.44229 -17.10313 -0.30000
v 3.38268 -17.07612 -0.30000
v 3.32144 -17.05307 -0.30000
v 3.25882 -17.03407 -0.30000
v 3.19509 -17.01921 -0.30000
v 3.13053 -17.00856 -0.30000
v 3.06540 -17.00214 -0.30000
v 3.00000 -17.00000 -0.30000
v 2.93460 -17.00214 -0.30000
v 2.86947 -17.00856 -0.30000
v 2.80491 -17.01921 -0.30000
v 2.74118 -17.03407 -0.30000
v 2.67856 -17.05307 -0.30000
v 2.61732 -17.07612 -0.30000
v 2.55771 -17.10313 -0.30000
v 2.50000 -17.13397 -0.30000
v 2.44443 -17.16853 -0.30000
v 2.39124 -17.20665 -0.30000
v 2.34065 -17.24816 -0.30000
v 2.29289 -17.29289 -0.30000
v 2.24816 -17.34065 -0.30000
v 2.20665 -17.39124 -0.30000
v 2.16853 -17.44443 -0.30000
v 2.13397 -17.50000 -0.30000
v 2.10313 -17.55771 -0.30000
v 2.07612 -17.61732 -0.30000
v 2.05307 -17.67856 -0.30000
v 2.03407 -17.74118 -0.30000
v 2.01921 -17.80491 -0.30000
v 2.00856 -17.86947 -0.30000
v 2.00214 -17.93460 -0.30000
v 2.00000 -18.00000 -0.30000
v 2.00214 -18.06540 -0.30000
v 2.00856 -18.13053 -0.30000
v 2.01921 -18.19509 -0.30000
v 2.03407 -18.25882 -0.30000
v 2.05307 -18.32144 -0.30000
v 2.07612 -18.38268 -0.30000
v 2.10313 -18.44229 -0.30000
v 2.13397 -18.50000 -0.30000
v 2.16853 -18.55557 -0.30000
v 2.20665 -18.60876 -0.30000
v 2.24816 -18.65935 -0.30000
v 2.29289 -18.70711 -0.30000
v 2.34065 -18.75184 -0.30000
v 2.39124 -18.79335 -0.30000
v 2.44443 -18.83147 -0.30000
v 2.50000 -18.86603 -0.30000
v 2.55771 -18.89687 -0.30000
v 2.61732 -18.92388 -0.30000
v 2.67856 -18.94693 -0.30000
v 2.74118 -18.96593 -0.30000
v 2.80491 -18.98079 -0.30000
v 2.86947 -18.99144 -0.30000
v 2.93460 -18.99786 -0.30000
v 3.00000 -19.00000 -0.30000
v 3.06540 -18.99786 -0.30000
v 3.13053 -18.99144 -0.30000
v 3.19509 -18.98079 -0.30000
v 3.25882 -18.96593 -0.30000
v 3.32144 -18.94693 -0.30000
v 3.38268 -18.92388 -0.30000
v 3.44229 -18.89687 -0.30000
v 3.50000 -18.86603 -0.30000
v 3.55557 -18.83147 -0.30000
v 3.60876 -18.79335 -0.30000
v 3.65935 -18.75184 -0.30000
v 3.70711 -18.70711 -0.30000
v 3.75184 -18.65935 -0.30000
v 3.79335 -18.60876 -0.30000
v 3.83147 -18.55557 -0.30000
v 3.86603 -18.50000 -0.30000
v 3.89687 -18.44229 -0.30000
v 3.92388 -18.38268 -0.30000
v 3.94693 -18.32144 -0.30000
v 3.96593 -18.25882 -0.30000
v 3.98079 -18.19509 -0.30000
v 3.99144 -18.13053 -0.30000
v 3.99786 -18.06540 -0.30000
v 4.00000 -18.00000 0.05000
v 3.99786 -17.93460 0.05000
v 3.99144 -17.86947 0.05000
v 3.98079 -17.80491 0.05000
v 3.96593 -17.74118 0.05000
v 3.94693 -17.67856 0.05000
v 3.92388 -17.61732 0.05000
v 3.89687 -17.55771 0.05000
v 3.86603 -17.50000 0.05000
v 3.83147 -17.44443 0.05000
v 3.79335 -17.39124 0.05000
v 3.75184 -17.34065 0.05000
v 3.70711 -17.29289 0.05000
v 3.65935 -17.24816 0.05000
v 3.60876 -17.20665 0.05000
v 3.55557 -17.16853 0.05000
v 3.50000 -17.13397 0.05000
v 3.44229 -17.10313 0.05000
v 3.38268 -17.07612 0.05000
v 3.32144 -17.05307 0.05000
v 3.25882 -17.03407 0.05000
v 3.19509 -17.01921 0.05000
v 3.13053 -17.00856 0.05000
v 3.06540 -17.00214 0.05000
v 3.00000 -17.00000 0.05000
v 2.93460 -17.00214 0.05000
v 2.86947 -17.00856 0.05000
v 2.80491 -17.01921 0.05000
v 2.74118 -17.03407 0.05000
v 2.67856 -17.05307 0.05000
v 2.61732 -17.07612 0.05000
v 2.55771 -17.10313 0.05000
v 2.50000 -17.13397 0.05000
v 2.44443 -17.16853 0.05000
v 2.39124 -17.20665 0.05000
v 2.34065 -17.24816 0.05000
v 2.29289 -17.29289 0.05000
v 2.24816 -17.34065 0.05000
v 2.20665 -17.39124 0.05000
v 2.16853 -17.44443 0.05000
v 2.13397 -17.50000 0.05000
v 2.10313 -17.55771 0.05000
v 2.07612 -17.61732 0.05000
v 2.05307 -17.67856 0.05000
v 2.03407 -17.74118 0.05000
v 2.01921 -17.80491 0.05000
v 2.00856 -17.86947 0.05000
v 2.00214 -17.93460 0.05000
v 2.00000 -18.00000 0.05000
v 2.00214 -18.06540 0.05000
v 2.00856 -18.13053 0.05000
v 2.01921 -18.19509 0.05000
v 2.03407 -18.25882 0.05000
v 2.05307 -18.32144 0.05000
v 2.07612 -18.38268 0.05000
v 2.10313 -18.44229 0.05000
v 2.13397 -18.50000 0.05000
v 2.16853 -18.55557 0.05000
v 2.20665 -18.60876 0.05000
v 2.24816 -18.65935 0.05000
v 2.29289 -18.70711 0.05000
v 2.34065 -18.75184 0.05000
v 2.39124 -18.79335 0.05000
v 2.44443 -18.83147 0.05000
v 2.50000 -18.86603 0.05000
v 2.55771 -18.89687 0.05000
v 2.61732 -18.92388 0.05000
v 2.67856 -18.94693 0.05000
v 2.74118 -18.96593 0.05000
v 2.80491 -18.98079 0.05000
v 2.86947 -18.99144 0.05000
v 2.93460 -18.99786 0.05000
v 3.00000 -19.00000 0.05000
v 3.06540 -18.99786 0.05000
v 3.13053 -18.99144 0.05000
v 3.19509 -18.98079 0.05000
v 3.25882 -18.96593 0.05000
v 3.32144 -18.94693 0.05000
v 3.38268 -18.92388 0.05000
v 3.44229 -18.89687 0.05000
v 3.50000 -18.86603 0.05000
v 3.55557 -18.83147 0.05000
v 3.60876 -18.79335 0.05000
v 3.65935 -18.75184 0.05000
v 3.70711 -18.70711 0.05000
v 3.75184 -18.65935 0.05000
v 3.79335 -18.60876 0.05000
v 3.83147 -18.55557 0.05000
v 3.86603 -18.50000 0.05000
v 3.89687 -18.44229 0.05000
v 3.92388 -18.38268 0.05000
v 3.94693 -18.32144 0.05000
v 3.96593 -18.25882 0.05000
v 3.98079 -18.19509 0.05000
v 3.99144 -18.13053 0.05000
v 3.99786 -18.06540 0.05000
v 3.00000 -18.00000 -0.30000
v 3.00000 -18.00000 0.05000
f 4455 4456 4552
f 4455 4552 4551
f 4456 4457 4553
f 4456 4553 4552
f 4457 4458 4554
f 4457 4554 4553
f 4458 4459 4555
f 4458 4555 4554
f 4459 4460 4556
f 4459 4556 4555
f 4460 4461 4557
f 4460 4557 4556
f 4461 4462 4558
f 4461 4558 4557
f 4462 4463 4559
f 4462 4559 4558
f 4463 4464 4560
f 4463 4560 4559
f 4464 4465 4561
f 4464 4561 4560
f 4465 4466 4562
f 4465 4562 4561
f 4466 4467 4563
f 4466 4563 4562
f 4467 4468 4564
f 4467 4564 4563
f 4468 4469 4565
f 4468 4565 4564
f 4469 4470 4566
f 4469 4566 4565
f 4470 4471 4567
f 4470 4567 4566
f 4471 4472 4568
f 4471 4568 4567
f 4472 4473 4569
f 4472 4569 4568
f 4473 4474 4570
f 4473 4570 4569
f 4474 4475 4571
f 4474 4571 4570
f 4475 4476 4572
f 4475 4572 4571
f 4476 4477 4573
f 4476 4573 4572
f 4477 4478 4574
f 4477 4574 4573
f 4478 4479 4575
f 4478 4575 4574
f 4479 4480 4576
f 4479 4576 4575
f 4480 4481 4577
f 4480 4577 4576
f 4481 4482 4578
f 4481 4578 4577
f 4482 4483 4579
f 4482 4579 4578
f 4483 4484 4580
f 4483 4580 4579
f 4484 4485 4581
f 4484 4581 4580
f 4485 4486 4582
f 4485 4582 4581
f 4486 4487 4583
f 4486 4583 4582
f 4487 4488 4584
f 4487 4584 4583
f 4488 4489 4585
f 4488 4585 4584
f 4489 4490 4586
f 4489 4586 4585
f 4490 4491 4587
f 4490 4587 4586
f 4491 4492 4588
f 4491 4588 4587
f 4492 4493 4589
f 4492 4589 4588
f 4493 4494 4590
f 4493 4590 4589
f 4494 4495 4591
f 4494 4591 4590
f 4495 4496 4592
f 4495 4592 4591
f 4496 4497 4593
f 4496 4593 4592
f 4497 4498 4594
f 4497 4594 4593
f 4498 4499 4595
f 4498 4595 4594
f 4499 4500 4596
f 4499 4596 4595
f 4500 4501 4597
f 4500 4597 4596
f 4501 4502 4598
f 4501 4598 4597
f 4502 4503 4599
f 4502 4599 4598
f 4503 4504 4600
f 4503 4600 4599
f 4504 4505 4601
f 4504 4601 4600
f 4505 4506 4602
f 4505 4602 4601
f 4506 4507 4603
f 4506 4603 4602
f 4507 4508 4604
f 4507 4604 4603
f 4508 4509 4605
f 4508 4605 4604
f 4509 4510 4606
f 4509 4606 4605
f 4510 4511 4607
f 4510 4607 4606
f 4511 4512 4608
f 4511 4608 4607
f 4512 4513 4609
f 4512 4609 4608
f 4513 4514 4610
f 4513 4610 4609
f 4514 4515 4611
f 4514 4611 4610
f 4515 4516 4612
f 4515 4612 4611
f 4516 4517 4613
f 4516 4613 4612
f 4517 4518 4614
f 4517 4614 4613
f 4518 4519 4615
f 4518 4615 4614
f 4519 4520 4616
f 4519 4616 4615
f 4520 4521 4617
f 4520 4617 4616
f 4521 4522 4618
f 4521 4618 4617
f 4522 4523 4619
f 4522 4619 4618
f 4523 4524 4620
f 4523 4620 4619
f 4524 4525 4621
f 4524 4621 4620
f 4525 4526 4622
f 4525 4622 4621
f 4526 4527 4623
f 4526 4623 4622
f 4527 4528 4624
f 4527 4624 4623
f 4528 4529 4625
f 4528 4625 4624
f 4529 4530 4626
f 4529 4626 4625
f 4530 4531 4627
f 4530 4627 4626
f 4531 4532 4628
f 4531 4628 4627
f 4532 4533 4629
f 4532 4629 4628
f 4533 4534 4630
f 4533 4630 4629
f 4534 4535 4631
f 4534 4631 4630
f 4535 4536 4632
f 4535 4632 4631
f 4536 4537 4633
f 4536 4633 4632
f 4537 4538 4634
f 4537 4634 4633
f 4538 4539 4635
f 4538 4635 4634
f 4539 4540 4636
f 4539 4636 4635
f 4540 4541 4637
f 4540 4637 4636
f 4541 4542 4638
f 4541 4638 4637
f 4542 4543 4639
f 4542 4639 4638
f 4543 4544 4640
f 4543 4640 4639
f 4544 4545 4641
f 4544 4641 4640
f 4545 4546 4642
f 4545 4642 4641
f 4546 4547 4643
f 4546 4643 4642
f 4547 4548 4644
f 4547 4644 4643
f 4548 4549 4645
f 4548 4645 4644
f 4549 4550 4646
f 4549 4646 4645
f 4550 4455 4551
f 4550 4551 4646
f 4456 4455 4647
f 4457 4456 4647
f 4458 4457 4647
f 4459 4458 4647
f 4460 4459 4647
f 4461 4460 4647
f 4462 4461 4647
f 4463 4462 4647
f 4464 4463 4647
f 4465 4464 4647
f 4466 4465 4647
f 4467 4466 4647
f 4468 4467 4647
f 4469 4468 4647
f 4470 4469 4647
f 4471 4470 4647
f 4472 4471 4647
f 4473 4472 4647
f 4474 4473 4647
f 4475 4474 4647
f 4476 4475 4647
f 4477 4476 4647
f 4478 4477 4647
f 4479 4478 4647
f 4480 4479 4647
f 4481 4480 4647
f 4482 4481 4647
f 4483 4482 4647
f 4484 4483 4647
f 4485 4484 4647
f 4486 4485 4647
f 4487 4486 4647
f 4488 4487 4647
f 4489 4488 4647
f 4490 4489 4647
f 4491 4490 4647
f 4492 4491 4647
f 4493 4492 4647
f 4494 4493 4647
f 4495 4494 4647
f 4496 4495 4647
f 4497 4496 4647
f 4498 4497 4647
f 4499 4498 4647
f 4500 4499 4647
f 4501 4500 4647
f 4502 4501 4647
f 4503 4502 4647
f 4504 4503 4647
f 4505 4504 4647
f 4506 4505 4647
f 4507 4506 4647
f 4508 4507 4647
f 4509 4508 4647
f 4510 4509 4647
f 4511 4510 4647
f 4512 4511 4647
f 4513 4512 4647
f 4514 4513 4647
f 4515 4514 4647
f 4516 4515 4647
f 4517 4516 4647
f 4518 4517 4647
f 4519 4518 4647
f 4520 4519 4647
f 4521 4520 4647
f 4522 4521 4647
f 4523 4522 4647
f 4524 4523 4647
f 4525 4524 4647
f 4526 4525 4647
f 4527 4526 4647
f 4528 4527 4647
f 4529 4528 4647
f 4530 4529 4647
f 4531 4530 4647
f 4532 4531 4647
f 4533 4532 4647
f 4534 4533 4647
f 4535 4534 4647
f 4536 4535 4647
f 4537 4536 4647
f 4538 4537 4647
f 4539 4538 4647
f 4540 4539 4647
f 4541 4540 4647
f 4542 4541 4647
f 4543 4542 4647
f 4544 4543 4647
f 4545 4544 4647
f 4546 4545 4647
f 4547 4546 4647
f 4548 4547 4647
f 4549 4548 4647
f 4550 4549 4647
f 4455 4550 4647
f 4648 4551 4552
f 4648 4552 4553
f 4648 4553 4554
f 4648 4554 4555
f 4648 4555 4556
f 4648 4556 4557
f 4648 4557 4558
f 4648 4558 4559
f 4648 4559 4560
f 4648 4560 4561
f 4648 4561 4562
f 4648 4562 4563
f 4648 4563 4564
f 4648 4564 4565
f 4648 4565 4566
f 4648 4566 4567
f 4648 4567 4568
f 4648 4568 4569
f 4648 4569 4570
f 4648 4570 4571
f 4648 4571 4572
f 4648 4572 4573
f 4648 4573 4574
f 4648 4574 4575
f 4648 4575 4576
f 4648 4576 4577
f 4648 4577 4578
f 4648 4578 4579
f 4648 4579 4580
f 4648 4580 4581
f 4648 4581 4582
f 4648 4582 4583
f 4648 4583 4584
f 4648 4584 4585
f 4648 4585 4586
f 4648 4586 4587
f 4648 4587 4588
f 4648 4588 4589
f 4648 4589 4590
f 4648 4590 4591
f 4648 4591 4592
f 4648 4592 4593
f 4648 4593 4594
f 4648 4594 4595
f 4648 4595 4596
f 4648 4596 4597
f 4648 4597 4598
f 4648 4598 4599
f 4648 4599 4600
f 4648 4600 4601
f 4648 4601 4602
f 4648 4602 4603
f 4648 4603 4604
f 4648 4604 4605
f 4648 4605 4606
f 4648 4606 4607
f 4648 4607 4608
f 4648 4608 4609
f 4648 4609 4610
f 4648 4610 4611
f 4648 4611 4612
f 4648 4612 4613
f 4648 4613 4614
f 4648 4614 4615
f 4648 4615 4616
f 4648 4616 4617
f 4648 4617 4618
f 4648 4618 4619
f 4648 4619 4620
f 4648 4620 4621
f 4648 4621 4622
f 4648 4622 4623
f 4648 4623 4624
f 4648 4624 4625
f 4648 4625 4626
f 4648 4626 4627
f 4648 4627 4628
f 4648 4628 4629
f 4648 4629 4630
f 4648 4630 4631
f 4648 4631 4632
f 4648 4632 4633
f 4648 4633 4634
f 4648 4634 4635
f 4648 4635 4636
f 4648 4636 4637
f 4648 4637 4638
f 4648 4638 4639
f 4648 4639 4640
f 4648 4640 4641
f 4648 4641 4642
f 4648 4642 4643
f 4648 4643 4644
f 4648 4644 4645
f 4648 4645 4646
f 4648 4646 4551
o strap-1
v 11.00000 -26.00000 4.00000
v 10.99572 -25.86919 4.00000
v 10.98289 -25.73895 4.00000
v 10.96157 -25.60982 4.00000
v 10.93185 -25.48236 4.00000
v 10.89386 -25.35712 4.00000
v 10.84776 -25.23463 4.00000
v 10.79375 -25.11542 4.00000
v 10.73205 -25.00000 4.00000
v 10.66294 -24.88886 4.00000
v 10.58671 -24.78248 4.00000
v 10.50368 -24.68131 4.00000
v 10.41421 -24.58579 4.00000
v 10.31869 -24.49632 4.00000
v 10.21752 -24.41329 4.00000
v 10.11114 -24.33706 4.00000
v 10.00000 -24.26795 4.00000
v 9.88458 -24.20625 4.00000
v 9.76537 -24.15224 4.00000
v 9.64288 -24.10614 4.00000
v 9.51764 -24.06815 4.00000
v 9.39018 -24.03843 4.00000
v 9.26105 -24.01711 4.00000
v 9.13081 -24.00428 4.00000
v -9.00000 -24.00000 4.00000
v -9.13081 -24.00428 4.00000
v -9.26105 -24.01711 4.00000
v -9.39018 -24.03843 4.00000
v -9.51764 -24.06815 4.00000
v -9.64288 -24.10614 4.00000
v -9.76537 -24.15224 4.00000
v -9.88458 -24.20625 4.00000
v -10.00000 -24.26795 4.00000
v -10.11114 -24.33706 4.00000
v -10.21752 -24.41329 4.00000
v -10.31869 -24.49632 4.00000
v -10.41421 -24.58579 4.00000
v -10.50368 -24.68131 4.00000
v -10.58671 -24.78248 4.00000
v -10.66294 -24.88886 4.00000
v -10.73205 -25.00000 4.00000
v -10.79375 -25.11542 4.00000
v -10.84776 -25.23463 4.00000
v -10.89386 -25.35712 4.00000
v -10.93185 -25.48236 4.00000
v -10.96157 -25.60982 4.00000
v -10.98289 -25.73895 4.00000
v -10.99572 -25.86919 4.00000
v -11.00000 -58.00000 4.00000
v -10.99572 -58.13081 4.00000
v -10.98289 -58.26105 4.00000
v -10.96157 -58.39018 4.00000
v -10.93185 -58.51764 4.00000
v -10.89386 -58.64288 4.00000
v -10.84776 -58.76537 4.00000
v -10.79375 -58.88458 4.00000
v -10.73205 -59.00000 4.00000
v -10.66294 -59.11114 4.00000
v -10.58671 -59.21752 4.00000
v -10.50368 -59.31869 4.00000
v -10.41421 -59.41421 4.00000
v -10.31869 -59.50368 4.00000
v -10.21752 -59.58671 4.00000
v -10.11114 -59.66294 4.00000
v -10.00000 -59.73205 4.00000
v -9.88458 -59.79375 4.00000
v -9.76537 -59.84776 4.00000
v -9.64288 -59.89386 4.00000
v -9.51764 -59.93185 4.00000
v -9.39018 -59.96157 4.00000
v -9.26105 -59.98289 4.00000
v -9.13081 -59.99572 4.00000
v 9.00000 -60.00000 4.00000
v 9.13081 -59.99572 4.00000
v 9.26105 -59.98289 4.00000
v 9.39018 -59.96157 4.00000
v 9.51764 -59.93185 4.00000
v 9.64288 -59.89386 4.00000
v 9.76537 -59.84776 4.00000
v 9.88458 -59.79375 4.00000
v 10.00000 -59.73205 4.00000
v 10.11114 -59.66294 4.00000
v 10.21752 -59.58671 4.00000
v 10.31869 -59.50368 4.00000
v 10.41421 -59.41421 4.00000
v 10.50368 -59.31869 4.00000
v 10.58671 -59.21752 4.00000
v 10.66294 -59.11114 4.00000
v 10.73205 -59.00000 4.00000
v 10.79375 -58.88458 4.00000
v 10.84776 -58.76537 4.00000
v 10.89386 -58.64288 4.00000
v 10.93185 -58.51764 4.00000
v 10.96157 -58.39018 4.00000
v 10.98289 -58.26105 4.00000
v 10.99572 -58.13081 4.00000
v 11.00000 -26.00000 6.00000
v 10.99572 -25.86919 6.00000
v 10.98289 -25.73895 6.00000
v 10.96157 -25.60982 6.00000
v 10.93185 -25.48236 6.00000
v 10.89386 -25.35712 6.00000
v 10.84776 -25.23463 6.00000
v 10.79375 -25.11542 6.00000
v 10.73205 -25.00000 6.00000
v 10.66294 -24.88886 6.00000
v 10.58671 -24.78248 6.00000
v 10.50368 -24.68131 6.00000
v 10.41421 -24.58579 6.00000
v 10.31869 -24.49632 6.00000
v 10.21752 -24.41329 6.00000
v 10.11114 -24.33706 6.00000
v 10.00000 -24.26795 6.00000
v 9.88458 -24.20625 6.00000
v 9.76537 -24.15224 6.00000
v 9.64288 -24.10614 6.00000
v 9.51764 -24.06815 6.00000
v 9.39018 -24.03843 6.00000
v 9.26105 -24.01711 6.00000
v 9.13081 -24.00428 6.00000
v -9.00000 -24.00000 6.00000
v -9.13081 -24.00428 6.00000
v -9.26105 -24.01711 6.00000
v -9.39018 -24.03843 6.00000
v -9.51764 -24.06815 6.00000
v -9.64288 -24.10614 6.00000
v -9.76537 -24.15224 6.00000
v -9.88458 -24.20625 6.00000
v -10.00000 -24.26795 6.00000
v -10.11114 -24.33706 6.00000
v -10.21752 -24.41329 6.00000
v -10.31869 -24.49632 6.00000
v -10.41421 -24.58579 6.00000
v -10.50368 -24.68131 6.00000
v -10.58671 -24.78248 6.00000
v -10.66294 -24.88886 6.00000
v -10.73205 -25.00000 6.00000
v -10.79375 -25.11542 6.00000
v -10.84776 -25.23463 6.00000
v -10.89386 -25.35712 6.00000
v -10.93185 -25.48236 6.00000
v -10.96157 -25.60982 6.00000
v -10.98289 -25.73895 6.00000
v -10.99572 -25.86919 6.00000
v -11.00000 -58.00000 6.00000
v -10.99572 -58.13081 6.00000
v -10.98289 -58.26105 6.00000
v -10.96157 -58.39018 6.00000
v -10.93185 -58.51764 6.00000
v -10.89386 -58.64288 6.00000
v -10.84776 -58.76537 6.00000
v -10.79375 -58.88458 6.00000
v -10.73205 -59.00000 6.00000
v -10.66294 -59.11114 6.00000
v -10.58671 -59.21752 6.00000
v -10.50368 -59.31869 6.00000
v -10.41421 -59.41421 6.00000
v -10.31869 -59.50368 6.00000
v -10.21752 -59.58671 6.00000
v -10.11114 -59.66294 6.00000
v -10.00000 -59.73205 6.00000
v -9.88458 -59.79375 6.00000
v -9.76537 -59.84776 6.00000
v -9.64288 -59.89386 6.00000
v -9.51764 -59.93185 6.00000
v -9.39018 -59.96157 6.00000
v -9.26105 -59.98289 6.00000
v -9.13081 -59.99572 6.00000
v 9.00000 -60.00000 6.00000
v 9.13081 -59.99572 6.00000
v 9.26105 -59.98289 6.00000
v 9.39018 -59.96157 6.00000
v 9.51764 -59.93185 6.00000
v 9.64288 -59.89386 6.00000
v 9.76537 -59.84776 6.00000
v 9.88458 -59.79375 6.00000
v 10.00000 -59.73205 6.00000
v 10.11114 -59.66294 6.00000
v 10.21752 -59.58671 6.00000
v 10.31869 -59.50368 6.00000
v 10.41421 -59.41421 6.00000
v 10.50368 -59.31869 6.00000
v 10.58671 -59.21752 6.00000
v 10.66294 -59.11114 6.00000
v 10.73205 -59.00000 6.00000
v 10.79375 -58.88458 6.00000
v 10.84776 -58.76537 6.00000
v 10.89386 -58.64288 6.00000
v 10.93185 -58.51764 6.00000
v 10.96157 -58.39018 6.00000
v 10.98289 -58.26105 6.00000
v 10.99572 -58.13081 6.00000
v -0.00000 -42.00000 4.00000
v -0.00000 -42.00000 6.00000
f 4649 4650 4746
f 4649 4746 4745
f 4650 4651 4747
f 4650 4747 4746
f 4651 4652 4748
f 4651 4748 4747
f 4652 4653 4749
f 4652 4749 4748
f 4653 4654 4750
f 4653 4750 4749
f 4654 4655 4751
f 4654 4751 4750
f 4655 4656 4752
f 4655 4752 4751
f 4656 4657 4753
f 4656 4753 4752
f 4657 4658 4754
f 4657 4754 4753
f 4658 4659 4755
f 4658 4755 4754
f 4659 4660 4756
f 4659 4756 4755
f 4660 4661 4757
f 4660 4757 4756
f 4661 4662 4758
f 4661 4758 4757
f 4662 4663 4759
f 4662 4759 4758
f 4663 4664 4760
f 4663 4760 4759
f 4664 4665 4761
f 4664 4761 4760
f 4665 4666 4762
f 4665 4762 4761
f 4666 4667 4763
f 4666 4763 4762
f 4667 4668 4764
f 4667 4764 4763
f 4668 4669 4765
f 4668 4765 4764
f 4669 4670 4766
f 4669 4766 4765
f 4670 4671 4767
f 4670 4767 4766
f 4671 4672 4768
f 4671 4768 4767
f 4672 4673 4769
f 4672 4769 4768
f 4673 4674 4770
f 4673 4770 4769
f 4674 4675 4771
f 4674 4771 4770
f 4675 4676 4772
f 4675 4772 4771
f 4676 4677 4773
f 4676 4773 4772
f 4677 4678 4774
f 4677 4774 4773
f 4678 4679 4775
f 4678 4775 4774
f 4679 4680 4776
f 4679 4776 4775
f 4680 4681 4777
f 4680 4777 4776
f 4681 4682 4778
f 4681 4778 4777
f 4682 4683 4779
f 4682 4779 4778
f 4683 4684 4780
f 4683 4780 4779
f 4684 4685 4781
f 4684 4781 4780
f 4685 4686 4782
f 4685 4782 4781
f 4686 4687 4783
f 4686 4783 4782
f 4687 4688 4784
f 4687 4784 4783
f 4688 4689 4785
f 4688 4785 4784
f 4689 4690 4786
f 4689 4786 4785
f 4690 4691 4787
f 4690 4787 4786
f 4691 4692 4788
f 4691 4788 4787
f 4692 4693 4789
f 4692 4789 4788
f 4693 4694 4790
f 4693 4790 4789
f 4694 4695 4791
f 4694 4791 4790
f 4695 4696 4792
f 4695 4792 4791
f 4696 4697 4793
f 4696 4793 4792
f 4697 4698 4794
f 4697 4794 4793
f 4698 4699 4795
f 4698 4795 4794
f 4699 4700 4796
f 4699 4796 4795
f 4700 4701 4797
f 4700 4797 4796
f 4701 4702 4798
f 4701 4798 4797
f 4702 4703 4799
f 4702 4799 4798
f 4703 4704 4800
f 4703 4800 4799
f 4704 4705 4801
f 4704 4801 4800
f 4705 4706 4802
f 4705 4802 4801
f 4706 4707 4803
f 4706 4803 4802
f 4707 4708 4804
f 4707 4804 4803
f 4708 4709 4805
f 4708 4805 4804
f 4709 4710 4806
f 4709 4806 4805
f 4710 4711 4807
f 4710 4807 4806
f 4711 4712 4808
f 4711 4808 4807
f 4712 4713 4809
f 4712 4809 4808
f 4713 4714 4810
f 4713 4810 4809
f 4714 4715 4811
f 4714 4811 4810
f 4715 4716 4812
f 4715 4812 4811
f 4716 4717 4813
f 4716 4813 4812
f 4717 4718 4814
f 4717 4814 4813
f 4718 4719 4815
f 4718 4815 4814
f 4719 4720 4816
f 4719 4816 4815
f 4720 4721 4817
f 4720 4817 4816
f 4721 4722 4818
f 4721 4818 4817
f 4722 4723 4819
f 4722 4819 4818
f 4723 4724 4820
f 4723 4820 4819
f 4724 4725 4821
f 4724 4821 4820
f 4725 4726 4822
f 4725 4822 4821
f 4726 4727 4823
f 4726 4823 4822
f 4727 4728 4824
f 4727 4824 4823
f 4728 4729 4825
f 4728 4825 4824
f 4729 4730 4826
f 4729 4826 4825
f 4730 4731 4827
f 4730 4827 4826
f 4731 4732 4828
f 4731 4828 4827
f 4732 4733 4829
f 4732 4829 4828
f 4733 4734 4830
f 4733 4830 4829
f 4734 4735 4831
f 4734 4831 4830
f 4735 4736 4832
f 4735 4832 4831
f 4736 4737 4833
f 4736 4833 4832
f 4737 4738 4834
f 4737 4834 4833
f 4738 4739 4835
f 4738 4835 4834
f 4739 4740 4836
f 4739 4836 4835
f 4740 4741 4837
f 4740 4837 4836
f 4741 4742 4838
f 4741 4838 4837
f 4742 4743 4839
f 4742 4839 4838
f 4743 4744 4840
f 4743 4840 4839
f 4744 4649 4745
f 4744 4745 4840
f 4650 4649 4841
f 4651 4650 4841
f 4652 4651 4841
f 4653 4652 4841
f 4654 4653 4841
f 4655 4654 4841
f 4656 4655 4841
f 4657 4656 4841
f 4658 4657 4841
f 4659 4658 4841
f 4660 4659 4841
f 4661 4660 4841
f 4662 4661 4841
f 4663 4662 4841
f 4664 4663 4841
f 4665 4664 4841
f 4666 4665 4841
f 4667 4666 4841
f 4668 4667 4841
f 4669 4668 4841
f 4670 4669 4841
f 4671 4670 4841
f 4672 4671 4841
f 4673 4672 4841
f 4674 4673 4841
f 4675 4674 4841
f 4676 4675 4841
f 4677 4676 4841
f 4678 4677 4841
f 4679 4678 4841
f 4680 4679 4841
f 4681 4680 4841
f 4682 4681 4841
f 4683 4682 4841
f 4684 4683 4841
f 4685 4684 4841
f 4686 4685 4841
f 4687 4686 4841
f 4688 4687 4841
f 4689 4688 4841
f 4690 4689 4841
f 4691 4690 4841
f 4692 4691 4841
f 4693 4692 4841
f 4694 4693 4841
f 4695 4694 4841
f 4696 4695 4841
f 4697 4696 4841
f 4698 4697 4841
f 4699 4698 4841
f 4700 4699 4841
f 4701 4700 4841
f 4702 4701 4841
f 4703 4702 4841
f 4704 4703 4841
f 4705 4704 4841
f 4706 4705 4841
f 4707 4706 4841
f 4708 4707 4841
f 4709 4708 4841
f 4710 4709 4841
f 4711 4710 4841
f 4712 4711 4841
f 4713 4712 4841
f 4714 4713 4841
f 4715 4714 4841
f 4716 4715 4841
f 4717 4716 4841
f 4718 4717 4841
f 4719 4718 4841
f 4720 4719 4841
f 4721 4720 4841
f 4722 4721 4841
f 4723 4722 4841
f 4724 4723 4841
f 4725 4724 4841
f 4726 4725 4841
f 4727 4726 4841
f 4728 4727 4841
f 4729 4728 4841
f 4730 4729 4841
f 4731 4730 4841
f 4732 4731 4841
f 4733 4732 4841
f 4734 4733 4841
f 4735 4734 4841
f 4736 4735 4841
f 4737 4736 4841
f 4738 4737 4841
f 4739 4738 4841
f 4740 4739 4841
f 4741 4740 4841
f 4742 4741 4841
f 4743 4742 4841
f 4744 4743 4841
f 4649 4744 4841
f 4842 4745 4746
f 4842 4746 4747
f 4842 4747 4748
f 4842 4748 4749
f 4842 4749 4750
f 4842 4750 4751
f 4842 4751 4752
f 4842 4752 4753
f 4842 4753 4754
f 4842 4754 4755
f 4842 4755 4756
f 4842 4756 4757
f 4842 4757 4758
f 4842 4758 4759
f 4842 4759 4760
f 4842 4760 4761
f 4842 4761 4762
f 4842 4762 4763
f 4842 4763 4764
f 4842 4764 4765
f 4842 4765 4766
f 4842 4766 4767
f 4842 4767 4768
f 4842 4768 4769
f 4842 4769 4770
f 4842 4770 4771
f 4842 4771 4772
f 4842 4772 4773
f 4842 4773 4774
f 4842 4774 4775
f 4842 4775 4776
f 4842 4776 4777
f 4842 4777 4778
f 4842 4778 4779
f 4842 4779 4780
f 4842 4780 4781
f 4842 4781 4782
f 4842 4782 4783
f 4842 4783 4784
f 4842 4784 4785
f 4842 4785 4786
f 4842 4786 4787
f 4842 4787 4788
f 4842 4788 4789
f 4842 4789 4790
f 4842 4790 4791
f 4842 4791 4792
f 4842 4792 4793
f 4842 4793 4794
f 4842 4794 4795
f 4842 4795 4796
f 4842 4796 4797
f 4842 4797 4798
f 4842 4798 4799
f 4842 4799 4800
f 4842 4800 4801
f 4842 4801 4802
f 4842 4802 4803
f 4842 4803 4804
f 4842 4804 4805
f 4842 4805 4806
f 4842 4806 4807
f 4842 4807 4808
f 4842 4808 4809
f 4842 4809 4810
f 4842 4810 4811
f 4842 4811 4812
f 4842 4812 4813
f 4842 4813 4814
f 4842 4814 4815
f 4842 4815 4816
f 4842 4816 4817
f 4842 4817 4818
f 4842 4818 4819
f 4842 4819 4820
f 4842 4820 4821
f 4842 4821 4822
f 4842 4822 4823
f 4842 4823 4824
f 4842 4824 4825
f 4842 4825 4826
f 4842 4826 4827
f 4842 4827 4828
f 4842 4828 4829
f 4842 4829 4830
f 4842 4830 4831
f 4842 4831 4832
f 4842 4832 4833
f 4842 4833 4834
f 4842 4834 4835
f 4842 4835 4836
f 4842 4836 4837
f 4842 4837 4838
f 4842 4838 4839
f 4842 4839 4840
f 4842 4840 4745
o strap1
v 11.00000 58.00000 4.00000
v 10.99572 58.13081 4.00000
v 10.98289 58.26105 4.00000
v 10.96157 58.39018 4.00000
v 10.93185 58.51764 4.00000
v 10.89386 58.64288 4.00000
v 10.84776 58.76537 4.00000
v 10.79375 58.88458 4.00000
v 10.73205 59.00000 4.00000
v 10.66294 59.11114 4.00000
v 10.58671 59.21752 4.00000
v 10.50368 59.31869 4.00000
v 10.41421 59.41421 4.00000
v 10.31869 59.50368 4.00000
v 10.21752 59.58671 4.00000
v 10.11114 59.66294 4.00000
v 10.00000 59.73205 4.00000
v 9.88458 59.79375 4.00000
v 9.76537 59.84776 4.00000
v 9.64288 59.89386 4.00000
v 9.51764 59.93185 4.00000
v 9.39018 59.96157 4.00000
v 9.26105 59.98289 4.00000
v 9.13081 59.99572 4.00000
v -9.00000 60.00000 4.00000
v -9.13081 59.99572 4.00000
v -9.26105 59.98289 4.00000
v -9.39018 59.96157 4.00000
v -9.51764 59.93185 4.00000
v -9.64288 59.89386 4.00000
v -9.76537 59.84776 4.00000
v -9.88458 59.79375 4.00000
v -10.00000 59.73205 4.00000
v -10.11114 59.66294 4.00000
v -10.21752 59.58671 4.00000
v -10.31869 59.50368 4.00000
v -10.41421 59.41421 4.00000
v -10.50368 59.31869 4.00000
v -10.58671 59.21752 4.00000
v -10.66294 59.11114 4.00000
v -10.73205 59.00000 4.00000
v -10.79375 58.88458 4.00000
v -10.84776 58.76537 4.00000
v -10.89386 58.64288 4.00000
v -10.93185 58.51764 4.00000
v -10.96157 58.39018 4.00000
v -10.98289 58.26105 4.00000
v -10.99572 58.13081 4.00000
v -11.00000 26.00000 4.00000
v -10.99572 25.86919 4.00000
v -10.98289 25.73895 4.00000
v -10.96157 25.60982 4.00000
v -10.93185 25.48236 4.00000
v -10.89386 25.35712 4.00000
v -10.84776 25.23463 4.00000
v -10.79375 25.11542 4.00000
v -10.73205 25.00000 4.00000
v -10.66294 24.88886 4.00000
v -10.58671 24.78248 4.00000
v -10.50368 24.68131 4.00000
v -10.41421 24.58579 4.00000
v -10.31869 24.49632 4.00000
v -10.21752 24.41329 4.00000
v -10.11114 24.33706 4.00000
v -10.00000 24.26795 4.00000
v -9.88458 24.20625 4.00000
v -9.76537 24.15224 4.00000
v -9.64288 24.10614 4.00000
v -9.51764 24.06815 4.00000
v -9.39018 24.03843 4.00000
v -9.26105 24.01711 4.00000
v -9.13081 24.00428 4.00000
v 9.00000 24.00000 4.00000
v 9.13081 24.00428 4.00000
v 9.26105 24.01711 4.00000
v 9.39018 24.03843 4.00000
v 9.51764 24.06815 4.00000
v 9.64288 24.10614 4.00000
v 9.76537 24.15224 4.00000
v 9.88458 24.20625 4.00000
v 10.00000 24.26795 4.00000
v 10.11114 24.33706 4.00000
v 10.21752 24.41329 4.00000
v 10.31869 24.49632 4.00000
v 10.41421 24.58579 4.00000
v 10.50368 24.68131 4.00000
v 10.58671 24.78248 4.00000
v 10.66294 24.88886 4.00000
v 10.73205 25.00000 4.00000
v 10.79375 25.11542 4.00000
v 10.84776 25.23463 4.00000
v 10.89386 25.35712 4.00000
v 10.93185 25.48236 4.00000
v 10.96157 25.60982 4.00000
v 10.98289 25.73895 4.00000
v 10.99572 25.86919 4.00000
v 11.00000 58.00000 6.00000
v 10.99572 58.13081 6.00000
v 10.98289 58.26105 6.00000
v 10.96157 58.39018 6.00000
v 10.93185 58.51764 6.00000
v 10.89386 58.64288 6.00000
v 10.84776 58.76537 6.00000
v 10.79375 58.88458 6.00000
v 10.73205 59.00000 6.00000
v 10.66294 59.11114 6.00000
v 10.58671 59.21752 6.00000
v 10.50368 59.31869 6.00000
v 10.41421 59.41421 6.00000
v 10.31869 59.50368 6.00000
v 10.21752 59.58671 6.00000
v 10.11114 59.66294 6.00000
v 10.00000 59.73205 6.00000
v 9.88458 59.79375 6.00000
v 9.76537 59.84776 6.00000
v 9.64288 59.89386 6.00000
v 9.51764 59.93185 6.00000
v 9.39018 59.96157 6.00000
v 9.26105 59.98289 6.00000
v 9.13081 59.99572 6.00000
v -9.00000 60.00000 6.00000
v -9.13081 59.99572 6.00000
v -9.26105 59.98289 6.00000
v -9.39018 59.96157 6.00000
v -9.51764 59.93185 6.00000
v -9.64288 59.89386 6.00000
v -9.76537 59.84776 6.00000
v -9.88458 59.79375 6.00000
v -10.00000 59.73205 6.00000
v -10.11114 59.66294 6.00000
v -10.21752 59.58671 6.00000
v -10.31869 59.50368 6.00000
v -10.41421 59.41421 6.00000
v -10.50368 59.31869 6.00000
v -10.58671 59.21752 6.00000
v -10.66294 59.11114 6.00000
v -10.73205 59.00000 6.00000
v -10.79375 58.88458 6.00000
v -10.84776 58.76537 6.00000
v -10.89386 58.64288 6.00000
v -10.93185 58.51764 6.00000
v -10.96157 58.39018 6.00000
v -10.98289 58.26105 6.00000
v -10.99572 58.13081 6.00000
v -11.00000 26.00000 6.00000
v -10.99572 25.86919 6.00000
v -10.98289 25.73895 6.00000
v -10.96157 25.60982 6.00000
v -10.93185 25.48236 6.00000
v -10.89386 25.35712 6.00000
v -10.84776 25.23463 6.00000
v -10.79375 25.11542 6.00000
v -10.73205 25.00000 6.00000
v -10.66294 24.88886 6.00000
v -10.58671 24.78248 6.00000
v -10.50368 24.68131 6.00000
v -10.41421 24.58579 6.00000
v -10.31869 24.49632 6.00000
v -10.21752 24.41329 6.00000
v -10.11114 24.33706 6.00000
v -10.00000 24.26795 6.00000
v -9.88458 24.20625 6.00000
v -9.76537 24.15224 6.00000
v -9.64288 24.10614 6.00000
v -9.51764 24.06815 6.00000
v -9.39018 24.03843 6.00000
v -9.26105 24.01711 6.00000
v -9.13081 24.00428 6.00000
v 9.00000 24.00000 6.00000
v 9.13081 24.00428 6.00000
v 9.26105 24.01711 6.00000
v 9.39018 24.03843 6.00000
v 9.51764 24.06815 6.00000
v 9.64288 24.10614 6.00000
v 9.76537 24.15224 6.00000
v 9.88458 24.20625 6.00000
v 10.00000 24.26795 6.00000
v 10.11114 24.33706 6.00000
v 10.21752 24.41329 6.00000
v 10.31869 24.49632 6.00000
v 10.41421 24.58579 6.00000
v 10.50368 24.68131 6.00000
v 10.58671 24.78248 6.00000
v 10.66294 24.88886 6.00000
v 10.73205 25.00000 6.00000
v 10.79375 25.11542 6.00000
v 10.84776 25.23463 6.00000
v 10.89386 25.35712 6.00000
v 10.93185 25.48236 6.00000
v 10.96157 25.60982 6.00000
v 10.98289 25.73895 6.00000
v 10.99572 25.86919 6.00000
v -0.00000 42.00000 4.00000
v -0.00000 42.00000 6.00000
f 4843 4844 4940
f 4843 4940 4939
f 4844 4845 4941
f 4844 4941 4940
f 4845 4846 4942
f 4845 4942 4941
f 4846 4847 4943
f 4846 4943 4942
f 4847 4848 4944
f 4847 4944 4943
f 4848 4849 4945
f 4848 4945 4944
f 4849 4850 4946
f 4849 4946 4945
f 4850 4851 4947
f 4850 4947 4946
f 4851 4852 4948
f 4851 4948 4947
f 4852 4853 4949
f 4852 4949 4948
f 4853 4854 4950
f 4853 4950 4949
f 4854 4855 4951
f 4854 4951 4950
f 4855 4856 4952
f 4855 4952 4951
f 4856 4857 4953
f 4856 4953 4952
f 4857 4858 4954
f 4857 4954 4953
f 4858 4859 4955
f 4858 4955 4954
f 4859 4860 4956
f 4859 4956 4955
f 4860 4861 4957
f 4860 4957 4956
f 4861 4862 4958
f 4861 4958 4957
f 4862 4863 4959
f 4862 4959 4958
f 4863 4864 4960
f 4863 4960 4959
f 4864 4865 4961
f 4864 4961 4960
f 4865 4866 4962
f 4865 4962 4961
f 4866 4867 4963
f 4866 4963 4962
f 4867 4868 4964
f 4867 4964 4963
f 4868 4869 4965
f 4868 4965 4964
f 4869 4870 4966
f 4869 4966 4965
f 4870 4871 4967
f 4870 4967 4966
f 4871 4872 4968
f 4871 4968 4967
f 4872 4873 4969
f 4872 4969 4968
f 4873 4874 4970
f 4873 4970 4969
f 4874 4875 4971
f 4874 4971 4970
f 4875 4876 4972
f 4875 4972 4971
f 4876 4877 4973
f 4876 4973 4972
f 4877 4878 4974
f 4877 4974 4973
f 4878 4879 4975
f 4878 4975 4974
f 4879 4880 4976
f 4879 4976 4975
f 4880 4881 4977
f 4880 4977 4976
f 4881 4882 4978
f 4881 4978 4977
f 4882 4883 4979
f 4882 4979 4978
f 4883 4884 4980
f 4883 4980 4979
f 4884 4885 4981
f 4884 4981 4980
f 4885 4886 4982
f 4885 4982 4981
f 4886 4887 4983
f 4886 4983 4982
f 4887 4888 4984
f 4887 4984 4983
f 4888 4889 4985
f 4888 4985 4984
f 4889 4890 4986
f 4889 4986 4985
f 4890 4891 4987
f 4890 4987 4986
f 4891 4892 4988
f 4891 4988 4987
f 4892 4893 4989
f 4892 4989 4988
f 4893 4894 4990
f 4893 4990 4989
f 4894 4895 4991
f 4894 4991 4990
f 4895 4896 4992
f 4895 4992 4991
f 4896 4897 4993
f 4896 4993 4992
f 4897 4898 4994
f 4897 4994 4993
f 4898 4899 4995
f 4898 4995 4994
f 4899 4900 4996
f 4899 4996 4995
f 4900 4901 4997
f 4900 4997 4996
f 4901 4902 4998
f 4901 4998 4997
f 4902 4903 4999
f 4902 4999 4998
f 4903 4904 5000
f 4903 5000 4999
f 4904 4905 5001
f 4904 5001 5000
f 4905 4906 5002
f 4905 5002 5001
f 4906 4907 5003
f 4906 5003 5002
f 4907 4908 5004
f 4907 5004 5003
f 4908 4909 5005
f 4908 5005 5004
f 4909 4910 5006
f 4909 5006 5005
f 4910 4911 5007
f 4910 5007 5006
f 4911 4912 5008
f 4911 5008 5007
f 4912 4913 5009
f 4912 5009 5008
f 4913 4914 5010
f 4913 5010 5009
f 4914 4915 5011
f 4914 5011 5010
f 4915 4916 5012
f 4915 5012 5011
f 4916 4917 5013
f 4916 5013 5012
f 4917 4918 5014
f 4917 5014 5013
f 4918 4919 5015
f 4918 5015 5014
f 4919 4920 5016
f 4919 5016 5015
f 4920 4921 5017
f 4920 5017 5016
f 4921 4922 5018
f 4921 5018 5017
f 4922 4923 5019
f 4922 5019 5018
f 4923 4924 5020
f 4923 5020 5019
f 4924 4925 5021
f 4924 5021 5020
f 4925 4926 5022
f 4925 5022 5021
f 4926 4927 5023
f 4926 5023 5022
f 4927 4928 5024
f 4927 5024 5023
f 4928 4929 5025
f 4928 5025 5024
f 4929 4930 5026
f 4929 5026 5025
f 4930 4931 5027
f 4930 5027 5026
f 4931 4932 5028
f 4931 5028 5027
f 4932 4933 5029
f 4932 5029 5028
f 4933 4934 5030
f 4933 5030 5029
f 4934 4935 5031
f 4934 5031 5030
f 4935 4936 5032
f 4935 5032 5031
f 4936 4937 5033
f 4936 5033 5032
f 4937 4938 5034
f 4937 5034 5033
f 4938 4843 4939
f 4938 4939 5034
f 4844 4843 5035
f 4845 4844 5035
f 4846 4845 5035
f 4847 4846 5035
f 4848 4847 5035
f 4849 4848 5035
f 4850 4849 5035
f 4851 4850 5035
f 4852 4851 5035
f 4853 4852 5035
f 4854 4853 5035
f 4855 4854 5035
f 4856 4855 5035
f 4857 4856 5035
f 4858 4857 5035
f 4859 4858 5035
f 4860 4859 5035
f 4861 4860 5035
f 4862 4861 5035
f 4863 4862 5035
f 4864 4863 5035
f 4865 4864 5035
f 4866 4865 5035
f 4867 4866 5035
f 4868 4867 5035
f 4869 4868 5035
f 4870 4869 5035
f 4871 4870 5035
f 4872 4871 5035
f 4873 4872 5035
f 4874 4873 5035
f 4875 4874 5035
f 4876 4875 5035
f 4877 4876 5035
f 4878 4877 5035
f 4879 4878 5035
f 4880 4879 5035
f 4881 4880 5035
f 4882 4881 5035
f 4883 4882 5035
f 4884 4883 5035
f 4885 4884 5035
f 4886 4885 5035
f 4887 4886 5035
f 4888 4887 5035
f 4889 4888 5035
f 4890 4889 5035
f 4891 4890 5035
f 4892 4891 5035
f 4893 4892 5035
f 4894 4893 5035
f 4895 4894 5035
f 4896 4895 5035
f 4897 4896 5035
f 4898 4897 5035
f 4899 4898 5035
f 4900 4899 5035
f 4901 4900 5035
f 4902 4901 5035
f 4903 4902 5035
f 4904 4903 5035
f 4905 4904 5035
f 4906 4905 5035
f 4907 4906 5035
f 4908 4907 5035
f 4909 4908 5035
f 4910 4909 5035
f 4911 4910 5035
f 4912 4911 5035
f 4913 4912 5035
f 4914 4913 5035
f 4915 4914 5035
f 4916 4915 5035
f 4917 4916 5035
f 4918 4917 5035
f 4919 4918 5035
f 4920 4919 5035
f 4921 4920 5035
f 4922 4921 5035
f 4923 4922 5035
f 4924 4923 5035
f 4925 4924 5035
f 4926 4925 5035
f 4927 4926 5035
f 4928 4927 5035
f 4929 4928 5035
f 4930 4929 5035
f 4931 4930 5035
f 4932 4931 5035
f 4933 4932 5035
f 4934 4933 5035
f 4935 4934 5035
f 4936 4935 5035
f 4937 4936 5035
f 4938 4937 5035
f 4843 4938 5035
f 5036 4939 4940
f 5036 4940 4941
f 5036 4941 4942
f 5036 4942 4943
f 5036 4943 4944
f 5036 4944 4945
f 5036 4945 4946
f 5036 4946 4947
f 5036 4947 4948
f 5036 4948 4949
f 5036 4949 4950
f 5036 4950 4951
f 5036 4951 4952
f 5036 4952 4953
f 5036 4953 4954
f 5036 4954 4955
f 5036 4955 4956
f 5036 4956 4957
f 5036 4957 4958
f 5036 4958 4959
f 5036 4959 4960
f 5036 4960 4961
f 5036 4961 4962
f 5036 4962 4963
f 5036 4963 4964
f 5036 4964 4965
f 5036 4965 4966
f 5036 4966 4967
f 5036 4967 4968
f 5036 4968 4969
f 5036 4969 4970
f 5036 4970 4971
f 5036 4971 4972
f 5036 4972 4973
f 5036 4973 4974
f 5036 4974 4975
f 5036 4975 4976
f 5036 4976 4977
f 5036 4977 4978
f 5036 4978 4979
f 5036 4979 4980
f 5036 4980 4981
f 5036 4981 4982
f 5036 4982 4983
f 5036 4983 4984
f 5036 4984 4985
f 5036 4985 4986
f 5036 4986 4987
f 5036 4987 4988
f 5036 4988 4989
f 5036 4989 4990
f 5036 4990 4991
f 5036 4991 4992
f 5036 4992 4993
f 5036 4993 4994
f 5036 4994 4995
f 5036 4995 4996
f 5036 4996 4997
f 5036 4997 4998
f 5036 4998 4999
f 5036 4999 5000
f 5036 5000 5001
f 5036 5001 5002
f 5036 5002 5003
f 5036 5003 5004
f 5036 5004 5005
f 5036 5005 5006
f 5036 5006 5007
f 5036 5007 5008
f 5036 5008 5009
f 5036 5009 5010
f 5036 5010 5011
f 5036 5011 5012
f 5036 5012 5013
f 5036 5013 5014
f 5036 5014 5015
f 5036 5015 5016
f 5036 5016 5017
f 5036 5017 5018
f 5036 5018 5019
f 5036 5019 5020
f 5036 5020 5021
f 5036 5021 5022
f 5036 5022 5023
f 5036 5023 5024
f 5036 5024 5025
f 5036 5025 5026
f 5036 5026 5027
f 5036 5027 5028
f 5036 5028 5029
f 5036 5029 5030
f 5036 5030 5031
f 5036 5031 5032
f 5036 5032 5033
f 5036 5033 5034
f 5036 5034 4939